10000
20
02050522002020022222
20
20022200502220002020
20
00202252020220222055
20
02520002525202202022
20
22002022220222205222
20
00202220220502020000
20
05000200252002202000
20
22520202520050222020
20
22220200050220025020
20
50050220020220002222
20
22000220202025225022
20
22200522022002222025
20
02252222252222202222
20
00220000202200002000
20
25222222222052020222
20
02220200205000200205
20
02222220202222225520
20
22022220002252200022
20
22020500200220222220
20
22022222202000222022
20
22200200000225225200
20
22022202222200002202
20
02005202502002500502
20
00002250202220022022
20
00002520022220225222
20
22222202202020000222
20
22202002502002222220
20
20050025002000002020
20
20225220000220000022
20
00222200500200000022
20
25022200222220222005
20
22000020002222500205
20
05520202522202022020
20
22000252022202500000
20
50220205222200050020
20
22052500202002052252
20
02220022202202220022
20
20202252220222202200
20
02222500500202000000
20
20222220225200022220
20
22000220200000220520
20
22000200020200525222
20
02202502502002200022
20
20220525220222225205
20
22200220252552002202
20
00200002202220022020
20
00022005222525222220
20
05225250020200202005
20
20220222220020520220
20
20002020220225000000
20
22202022250022022222
20
25222000520020000252
20
00020550222002020250
20
20222522200020202000
20
22052002202202202200
20
20025002200222052520
20
22220202222002202000
20
25200220000205022220
20
02020000200002222505
20
00200200002222000202
20
52002055000202020252
20
00002202500022025200
20
02022222020202222200
20
20200052205520500022
20
25020002222220020222
20
02000220200202020255
20
02222522522000005220
20
22202000222220205520
20
02222002202200520220
20
00202522500002000002
20
20000200022222222202
20
25022252202020222200
20
00205002020220522000
20
20250202000022255522
20
22002025502200222200
20
20252222225202220202
20
22022025222250200000
20
02202002252222202025
20
22220002200222502000
20
52000005220202020000
20
00022002220200202502
20
20002200052220502520
20
22020020205022020220
20
20200220500222522220
20
00200000222220502220
20
20020020225022000222
20
22200252022222200520
20
00222202202200202225
20
05002222052202200000
20
22022522220002205222
20
20500222002222222225
20
22222522050522222220
20
22022222022002025222
20
02502002222222220000
20
22225020002025002250
20
20020202002202022200
20
25002002222052202220
20
22002205050022022022
20
20222252020002052200
20
22002002022220222002
20
20255202222220202200
20
50222255252000220220
20
20220222000050002205
20
00200020220220000520
20
02222250202002222002
20
05522202052202225025
20
52200222220505002200
20
50250220022020220250
20
22220222220522225500
20
52202020202222522222
20
02200022200200025222
20
22225220200002220202
20
02022200200520220000
20
22020222220252500222
20
52500222502222022020
20
02222022200222002020
20
20000222050000000052
20
00202022220202500022
20
20502200500222202252
20
02205522002225002222
20
22020222222220205222
20
20502222202202002002
20
22220220222005050500
20
02520222202022222222
20
22000000222225020022
20
02222020020002020222
20
22002202502002222022
20
00222222200222200222
20
02202222222202255202
20
02205000220222200000
20
02050222200002202202
20
02005225202202202220
20
00202200222520222020
20
02202202050222222002
20
22020020222020020002
20
22220222502022252222
20
02222002052202022002
20
22002202200500022520
20
22202220202020022055
20
20000000220222002200
20
22002020020200022022
20
00022020502025522002
20
02522000222002022200
20
22222200202252022222
20
05220205250200202022
20
25050052000202225022
20
22220205222005000022
20
02202022222222000000
20
02220002205222202202
20
50202025202252250250
20
00002002000252222220
20
25022220502220002000
20
02022022022250220000
20
20250222020505000022
20
20220200020222022002
20
22250220200025522202
20
02002020000022222525
20
00020022002520505250
20
20000020002225220200
20
50020002222025202525
20
00200250022202020522
20
02000022220222020250
20
20055202250220220220
20
22022222202520222205
20
02002202220200220222
20
02200222220250202200
20
02222222200000200200
20
02250020202222020022
20
50202002200200020222
20
02522200222022200202
20
52202000222222025202
20
22222225220222020222
20
22202050022222220005
20
00220220222225220200
20
00202000202220520022
20
22222022220250222000
20
00220255220252522000
20
02002020502220222520
20
22502520202220020200
20
00200205020050220002
20
55520002220520222022
20
50005502002222000000
20
20222252220005222525
20
20520002220225220220
20
02220200020000220250
20
52052200022002200500
20
20220022025002000222
20
00022000220005022002
20
25022022000255220220
20
22050522050250220200
20
02002202552220052020
20
22522020202222220222
20
22255220200225050205
20
05502222002050020222
20
20502522200020020002
20
00220220222025200252
20
22225002000000202222
20
02500002550200002025
20
00222222522050020522
20
25502220002222522052
20
02022202222000202000
20
00222220002022522222
20
20220202020522002220
20
02022020000000202222
20
05022002020000502220
20
02205200005220222252
20
22250220005022222200
20
00250052022002202200
20
20002550220222002202
20
20200202222050002002
20
50202200002220522022
20
20002222220052200020
20
00220222222200202222
20
00255200522200000520
20
22022552050000202022
20
25025200000020002020
20
00202250200220020202
20
22225055225022225052
20
02222020002002225002
20
22020202520025200022
20
00002020000022220200
20
05252022020002020202
20
02002022200222252002
20
22002202220222202252
20
02520202202220022020
20
20252500000020222000
20
52022500200022502025
20
00502020222250022202
20
22220250002225202502
20
20055002520025222005
20
20022025020202020222
20
02220252052220200020
20
22502502022522225002
20
02250000220200022055
20
00002525020222020525
20
55020205002225252252
20
02522050222002000222
20
00002000022220202002
20
52020022020252052222
20
22200220022002222222
20
25202220200002200520
20
52020520020020025222
20
00222050202022220000
20
20020220220000222500
20
22222505202002202520
20
52002220020020052052
20
20522002222205052202
20
22520202222502020200
20
00022000002022220220
20
02202200000220022205
20
52202520222250002220
20
52522020002002002202
20
20202000202222202220
20
00202200020202022220
20
05202200222020000220
20
22202250002200020220
20
50222022220052002200
20
00220020252002222220
20
02200252022222050202
20
20220500220222520220
20
20222020552202020022
20
22220025020220022200
20
22000225222022222002
20
02222202502020202202
20
20220202225222020002
20
20202200002202052002
20
02222000220502050222
20
25002020550005050200
20
22202002220002220002
20
20202055225022022022
20
05000202202050222502
20
20000020052222020022
20
02202200020202000222
20
02222022250225222202
20
00222020002002052002
20
02002052000002522205
20
20002020022025200252
20
20005222022200205020
20
20020222202500200222
20
00002250520000255202
20
20022020022200502205
20
22222520022002020200
20
20252250020220250520
20
00200000220022220020
20
25222202052200222022
20
22225550220050002020
20
02202025020220502200
20
22250225222220000200
20
00222220005002200200
20
20200002020220020222
20
00222022222220522002
20
02022202202002002502
20
00220202250222020022
20
50052022220022200250
20
20002222222200205200
20
22220022202200202222
20
20522000200255020200
20
02205200220002220002
20
05200252000002202202
20
00502225252020522002
20
25020522520002020222
20
22202220255252022022
20
52022222522520202000
20
02520020202222202222
20
50202200225250020222
20
20222202025220252002
20
00205502222020002022
20
22525052022220202202
20
20502022002222020200
20
20020022220022000002
20
02022222222002252002
20
22202020002222225225
20
20222200050022002255
20
00000222022202252020
20
25250222020202202200
20
02225252222520200222
20
50200202005055020020
20
00222225222520222220
20
02022252022002502202
20
22500500202000002250
20
22250222022020200522
20
55520022222220005022
20
52020200002220020022
20
02020220220200222002
20
02002220222502202222
20
22222220222005502222
20
00002002220220205000
20
22022522055222202002
20
05052020222502022000
20
05205222022220202002
20
20000222020502205220
20
20222222252002252220
20
02000222222525220222
20
05202005222222022022
20
20020222220250222025
20
25200202202522022522
20
25000220020220522000
20
25000020252520020202
20
02000522222002202005
20
22252222220202025520
20
02250222220222222222
20
50220020222020222022
20
22200000502520250220
20
00205222222205020002
20
22202002200502055000
20
22002222222020022022
20
20200022002022222202
20
20205220220222522002
20
22220222002200000225
20
20200022020020202220
20
22500200505022200020
20
02025025200222200025
20
00022202205220522220
20
00002225002202200202
20
00020020252220202020
20
02202225225000202200
20
02220200052222222022
20
20222222000050255222
20
22222220220220222220
20
02020225022002202020
20
20022002200220555022
20
00002222022220202220
20
20522002022250202022
20
02252222522052520200
20
05022005222200255205
20
20500005252002220022
20
00202220500220202522
20
00205022000222022250
20
22020000520222220252
20
22552202052022020200
20
22222520055222222220
20
52222050020520050202
20
00205220220200222050
20
20200222220022052200
20
52052022252222022022
20
22200002200222200222
20
22002520520022000052
20
02022222002020250020
20
20205522202202202222
20
22022202002055222220
20
02202022022022020222
20
00202202020220200220
20
20002502025022020000
20
02250022202220200200
20
20000222202200020002
20
05502200025252000002
20
02002220022250202222
20
20200022022000205525
20
22000200220222000500
20
22220222022200002520
20
20050222022525220220
20
22202022252020225200
20
22222002222222202200
20
00550022202200022022
20
22202205222002522055
20
02022022022020020520
20
22000022220202222202
20
02222000205022222220
20
52500522505002200002
20
20225220022202002520
20
22025200000252002202
20
52020005225255222000
20
52222020002022250202
20
20020052000025002225
20
22220220220000522005
20
00222200205220022222
20
55225225202002220520
20
20050020002220220522
20
20020000205020220002
20
22220000520000222220
20
02202020225220022052
20
22252250222202222022
20
00220002025022220020
20
22020220202005222022
20
52200020222002202020
20
00520000205202025020
20
02502202000220202550
20
22052225002002005522
20
02205520250022520202
20
20522200222255025222
20
02202005522052000202
20
00000000050202220202
20
20220022002220502005
20
02202002552002250222
20
02022200002200205222
20
02000220222020022202
20
00522220552002202022
20
02022022020000022200
20
22022002050220225200
20
22522020500525050002
20
00000222020250200220
20
00000222200022202022
20
22005250522500202220
20
00522200250222520222
20
00200200522052000222
20
22220220202020222022
20
00220200250000202000
20
00202252205000252020
20
00202222200052000002
20
22200225252525020022
20
20052250002550220220
20
00225022222000222002
20
20220220052200020020
20
20520052002502200222
20
25025252202022250202
20
22220522002222202200
20
20222025225222022005
20
22220222022222052252
20
02202222222202002502
20
02020500052000252202
20
00220202220202020252
20
00202252050202050002
20
00022200222020002020
20
22020202220202200000
20
20022252020250022220
20
22022220022002000202
20
00220222022200220000
20
22022025002202200255
20
02002222022202222050
20
22022220022220220220
20
25520200520250220000
20
05222022052202500225
20
22222502020220222205
20
02220002222000522000
20
20220202250222200225
20
02020222002200222220
20
20220520202022222200
20
25220220020022252020
20
02002202022222022220
20
00200220202220222220
20
20222022220022202000
20
00202022222502020020
20
02225202050002022020
20
22202002200225520022
20
05022002222222200222
20
22025200222202225200
20
02020220222022220005
20
02005202020000002222
20
52205222000222025002
20
00225220202000205202
20
02022205202252000222
20
00000202220200202025
20
20202502500022225225
20
22222202502220502050
20
20020025200000502022
20
02220252022222502205
20
22250222205200202220
20
20052200022220052000
20
20022220000250202020
20
20022052222052202522
20
20522222005220502022
20
02000522002220220502
20
20002522202220002005
20
00022205205522252200
20
50200222020205202220
20
00200222222020220202
20
20020220022022222222
20
20025000005220022222
20
02002050020250222505
20
22552522055022202022
20
00552225520005200222
20
22220250252220220020
20
00252522022022200052
20
00500000220522002222
20
00002220020222000005
20
00222022050222220250
20
00052522220225202000
20
00020220002020050520
20
22225202022252002225
20
05200220000000000020
20
22000020200252502200
20
22200000220220000022
20
20200252222222220020
20
00220000000202025520
20
25220022200250020252
20
02002222022220200222
20
20200002225202250220
20
22525220250022205200
20
02200000522002220222
20
22222500050002002222
20
00500202202002520202
20
02220220202520025022
20
00520000022022222020
20
20000222250522205500
20
22002220520002252200
20
20220522252200502222
20
05022020220020200220
20
22200200220000020222
20
22522202022022200252
20
00222002022200222202
20
52250200222522020202
20
05000055522220020220
20
22002200220202052222
20
22220520200220222252
20
02020000002202022200
20
00022520202222520200
20
02220002200220205002
20
00020002202222500002
20
02202225200000222522
20
22520002022200202050
20
02202222205200022200
20
02050002000000225220
20
52222020220222000520
20
22222025222222200200
20
00520020200205022252
20
02222525050220000002
20
25202200202202252220
20
22220200200202200002
20
20222222205220522225
20
25022202202202250052
20
02002550200022200252
20
00220002202225002200
20
02505002002002250202
20
52025222020502220022
20
02000202220252502052
20
22052022500522222222
20
20200222052005020202
20
02202222222520222200
20
22222222200502002202
20
02200222005200250222
20
52220220552000255022
20
22050200202200200022
20
20222200200222222050
20
02000222002222022220
20
02252220020002220202
20
52022020222220020252
20
25220002002222200020
20
20205222252002020025
20
20220020200525220222
20
02222222052200020222
20
02502202202222522002
20
05552202202020020202
20
02222025020202250005
20
20222020222220005220
20
02505022250020550200
20
20205050252222002002
20
02525200020522200002
20
00222202220250222002
20
22220022220520020000
20
02202222022525025020
20
00225022222020002022
20
05520225002252002200
20
20522052202022222000
20
55002200002222020025
20
00202220205022020202
20
22252222525222222220
20
52022202202220020500
20
00022222002522225220
20
20000252220000000202
20
22222222025202020020
20
00202000202252000020
20
20000220202000022020
20
00522200220000200002
20
20522002025200220020
20
52250020250020022202
20
02502252025022252505
20
02222520522000002022
20
52202200222220200000
20
22225550522222200000
20
05050222202252222022
20
22220502200022202200
20
00000000050200020222
20
00222220252552220222
20
20000250202502500252
20
20002202222050200022
20
00202002022500052000
20
22222502000202022052
20
22000020200022005002
20
00025050050020000220
20
05022005000520200502
20
22200050202022200000
20
20225022052002220202
20
20022220020022202220
20
02222225222002222005
20
20020020200200200225
20
00200002220005222225
20
22222022220050222022
20
05020520200050022022
20
20020500550200020202
20
20000020020022255200
20
02202050500222552220
20
00222025200202025202
20
02220022220020020022
20
05220022220205222222
20
05025200002252200200
20
02002502200522220050
20
22220022022020200202
20
22222522222022222000
20
20222002052000225250
20
20225202525200522525
20
52200002202202022202
20
25202022205020202222
20
25200200025202222225
20
05500505000022222002
20
20220202200020202502
20
22022022022002250202
20
02002005000520200202
20
20222252205022005200
20
20220222222002500002
20
22552200020052202200
20
22200202200022052222
20
00552200055020222220
20
02220225220252202220
20
00200222250202002222
20
22220222020020200202
20
52220225525022222202
20
20002200202202222002
20
22022502252020020222
20
02202220050020222225
20
00220022020022522202
20
02002002505200220220
20
00002505002220202022
20
00202002025202222220
20
20222205222220202222
20
00200200025222220050
20
00205200222022020205
20
00222005002200022022
20
20000000202202202025
20
22222200225022500205
20
02050020202202000220
20
00022222500220050000
20
02022222050022002525
20
20222500220000002020
20
02200020202202205255
20
22200220205202022202
20
00202052222202002500
20
00225202200225202220
20
22520000002255002220
20
25220000220250522255
20
02202202522052220520
20
22200222202200252222
20
00050225200205000202
20
20022002002020202255
20
52200055005220202522
20
02220222002025002200
20
05222002522022002020
20
20200202020220202522
20
20002022222220002022
20
00202220000222202222
20
25202022020220500225
20
20020520200022002022
20
50222522202222002202
20
22050000022222252220
20
20200502020002220000
20
20220000250222005020
20
02002225220052220022
20
22205000252220202202
20
20000222002002000202
20
20222220520202225202
20
20202522202002020200
20
52202000522220025022
20
02022225002252220205
20
22002022000020055222
20
22052202202220200202
20
22225022002520252205
20
52000252220225200220
20
20222225222200002202
20
02200052222222222222
20
20222225052002020000
20
00002002525220220002
20
00520002225205222202
20
02200522000200222222
20
20020002220202522222
20
20025005252022000002
20
20500205202022200052
20
52222000020220222020
20
00200022220225200205
20
05200500222220522022
20
22200002022200222020
20
20000000022020022502
20
00000002202222025050
20
50225202202220002020
20
22202020252502002020
20
20002552002502022222
20
05020020255022220202
20
20050000525020200025
20
00200222202225000050
20
20520500202002002520
20
20002220220020202000
20
25202252002222202250
20
20002020020225222505
20
50022220002220220002
20
02000022222202202220
20
22022250222055202202
20
50220220222202252022
20
00202202220220005200
20
02002522000202020025
20
22200022025002022000
20
22202220020520220250
20
20020005220022022222
20
55020222022202202502
20
22220220222052200250
20
52000020020220022202
20
22050202022520002202
20
00020022020002000022
20
22005002520200220222
20
50020020000022205002
20
00202522005502222550
20
22020052022220200200
20
22222200020025050020
20
25502250000500000200
20
20002202025202220200
20
52022200020000002222
20
22002200022200202002
20
22500002222200222500
20
02052020500522022022
20
22522050200022000202
20
22002022222202222005
20
22500202220202505000
20
02202225205222025220
20
20052200052500220522
20
22052002220022520222
20
02002002022200220000
20
20222222250220202202
20
00202020225200252250
20
25220202200202220000
20
02200200025250002022
20
20022200002200002222
20
00020020520000052200
20
00522500022502252020
20
02522020222002220022
20
00002220522000020222
20
25022202225202202522
20
20000220220200222222
20
22000022022200020222
20
20020222202220252222
20
22502022025200202220
20
22220222222222202022
20
20025020005002252250
20
20522002002200025202
20
20202252022202222250
20
22200022220522220222
20
25252255225220025220
20
00000200202220222020
20
05220025250022202200
20
05552002220222002052
20
22225220222002000200
20
00002220220220202052
20
22020222002200200050
20
05202225222202022200
20
22020222522220022202
20
00200205200220220202
20
02220252250022520222
20
02252200220220022522
20
02022020052220222222
20
22222052022022050222
20
22002202220020502220
20
50252502220202000020
20
50025220020202220225
20
05022252020002202020
20
22222200022222025025
20
05052520205202005200
20
50222022000222252020
20
20502250000000050022
20
22222222202022020005
20
22055020025222202205
20
25205222020022000220
20
22220222002200002522
20
22000202002000250222
20
22200202202020222222
20
00220020202205052002
20
22200500022222020022
20
20252000022505222050
20
00200520000200222202
20
50000002252200000022
20
50502050202022020022
20
20222005052000020222
20
20500220222022225002
20
20202022202025222022
20
52002222002222252505
20
20020525002002202222
20
02200220020202022200
20
22022022000500020255
20
22002520502022050202
20
20200205055222222200
20
20220022052022225502
20
00025022022222022002
20
22202020250020200220
20
00020020020522005002
20
22020222000220200000
20
20520202200220022005
20
00202520502222020222
20
22252200052202002225
20
20220020505000022200
20
20002002022222222000
20
00220202522200220250
20
20020200022222020220
20
22250002222022022202
20
20200255522220002000
20
20200252502222020000
20
00222220022220005222
20
22202222050002022502
20
22200000220225020520
20
02222202222005220220
20
05222252000020220200
20
22020220022022020500
20
55050252202220005525
20
52222502200502000002
20
22500222220222200220
20
02020220220052250200
20
00222022222202222522
20
05220022222022222222
20
02002022222522222525
20
20020022205222202202
20
52202020200020520022
20
22222220252202522222
20
22202022222222220222
20
25202002022020220220
20
20000250202220200220
20
52202222002020202202
20
02055220202202202200
20
20222222220220025222
20
20020022202502200220
20
20222022000020202200
20
02200050522202222022
20
02002000202200202020
20
22002222220202200202
20
22220200005522222222
20
52200252222222522220
20
00202022520020222052
20
02200200002222202022
20
22025202250052202520
20
20002025025225025022
20
05002022222200200022
20
22202022002220202202
20
50222000020020500222
20
22020020022022022202
20
52520225020020000200
20
22002520022005200022
20
22500202002022002022
20
00202220220202055202
20
20222250222002252000
20
02222020050205022225
20
22220502200205222500
20
22202000200220002000
20
02022050220502020225
20
25202220522002052002
20
20520220020222202022
20
22200222050220220020
20
22000225225200000222
20
02200025500002200550
20
22202052220222520202
20
20222052522020020220
20
22222020020000022500
20
00525220022522002220
20
02202522225000002222
20
22200020250222252252
20
20002020520002222022
20
22220002022002522202
20
20220220225202020000
20
20220220220222522002
20
00200020020225022252
20
02222200220222022250
20
05022050502002202002
20
02202550202050022220
20
02500002052025202002
20
25520020200222000020
20
05252000550220052000
20
00222202500205222000
20
55202220022222225202
20
02202222000202202022
20
20020020552022222225
20
22200220020200520225
20
05005050052000000220
20
20020020200022222205
20
22005222222002225222
20
00020022222202202202
20
20002202222052202202
20
20022022022255202522
20
02020022502222202225
20
02202022050020202025
20
22200202520202220252
20
55052025220222222222
20
20025220002220252022
20
22022522202002002222
20
22002022002000220220
20
22000252202220222250
20
52205500220222220222
20
20205252020222022222
20
52202202200002200002
20
02022025022200202000
20
05202020002222200020
20
22200220222020002050
20
50202002220502202002
20
22020002225520002022
20
00250202220200222222
20
00522022025000202222
20
22222200002220250020
20
02002022252220222000
20
00022202052250220220
20
20000025222002500250
20
02002000200002225005
20
20222220522055022222
20
00220002000220220250
20
22200220220520022002
20
02002200020222022202
20
20205002000002052202
20
02522225222525202222
20
00222220202202200250
20
00000220200000002500
20
52220025222050255200
20
22222200225220200000
20
02252200522002000005
20
22020205522520025050
20
02522250500020022202
20
00020200222202202200
20
22002502200005200000
20
25222220022000220222
20
05225002002200250220
20
22020220000200002225
20
22020522222022222000
20
22000205020202022500
20
20020050220552202202
20
00522220000200022202
20
22220222220002502220
20
22220522022022025020
20
02002002200050220220
20
05220020200022005502
20
22022522222202022005
20
20252022202220200522
20
25000222522020022020
20
20520200220022520500
20
22022002202222052202
20
52022202202202222200
20
02220222550020200202
20
00052000202202022200
20
20022220252225202005
20
20500002202020220022
20
22525250020202022520
20
25020200002002502222
20
02022020225000202222
20
20202252020002052202
20
00202550055222220200
20
22220220222020500222
20
22020202000200000200
20
22205022502255502050
20
02020002202200220220
20
22050022200222005022
20
22022222052020022020
20
05020220250222052525
20
22002022250222022200
20
02020220520052005202
20
00020022522502202002
20
22020222502202520200
20
22222020500020200020
20
22002202002220200022
20
22220000220220022022
20
22220500000252500052
20
22552222252222550250
20
02220000020052202250
20
00020002250205220520
20
02202220000020252200
20
22220000202502002220
20
00000002022052220052
20
20202200002222000222
20
20020222022220025202
20
02200202252522202022
20
22052200220222020022
20
55222202022002200050
20
02202520222022020002
20
00000022202200000200
20
20002220202205022020
20
02220222022500020220
20
22202252520200500222
20
00220002222222200020
20
22220022020522220220
20
05502220000255025022
20
02052225002220022200
20
02002222200025020252
20
22202250020502022222
20
02205002022525522005
20
22202250202000200220
20
25205022222220050202
20
20222005220022200200
20
22005202200200222022
20
00002202002005202020
20
20020222220000202252
20
20002022222000500020
20
05502250202020000220
20
02022252220000002002
20
22222022220222220225
20
00502022002202222220
20
20005002250522222205
20
02002002250022055020
20
00000050522052220202
20
20002022202525000220
20
22222220222000222220
20
20252050255220220220
20
20020022202055222020
20
20020222222522202220
20
02002022022255225222
20
02200220220222000520
20
55050250202200200002
20
22000222020202020222
20
05202022002025520002
20
20250022020222222205
20
05020000050202222200
20
05000025022222200022
20
20220522200022022250
20
05252022522205020025
20
00220022222025502022
20
20200220520200222222
20
00222200220200500522
20
25025055202002000220
20
22000220222522205005
20
22022222222250222022
20
22222020202502052500
20
22222250000000520000
20
22000020200505022200
20
22025202022050020202
20
20250222200220002022
20
25255002022022222020
20
52025020000222000205
20
25222202200222002225
20
20220222522002052000
20
02025002202252052000
20
22000525002020202225
20
22502220000022222002
20
22522002222200200522
20
02222000000522055050
20
22222022022202220200
20
20020202502200200225
20
22252200022222525222
20
22025220202200002222
20
02220220200225000052
20
02220202250020222020
20
50022200020020222252
20
22522002250022220502
20
22200202202222200502
20
22222222222220050002
20
22525202222225020020
20
02020222202200002522
20
25200022020000200250
20
02220250022200022002
20
20222000222222220000
20
02500022050250222002
20
52050252022250525002
20
00202220002022220525
20
20250525202002552222
20
22020200020222222020
20
02002202222250002200
20
00005220520202200202
20
20200222000000255220
20
20022202222220020020
20
52050000222002220220
20
20502022250222002222
20
02002252205052020022
20
22002002020500552202
20
00020225220002020020
20
02002250222500220020
20
50220000025052000050
20
22222000002200002522
20
02200020200222005225
20
22520200200202222020
20
20200205022052550222
20
25020055020220022002
20
52020220222002252022
20
22020202220200202002
20
20222202200200002252
20
25022000050200502000
20
02005550020205222000
20
22005022002020022202
20
22222222222220200222
20
20500502222220220220
20
00050000020202000205
20
00002222220522202222
20
00222020502222202052
20
22500002025220022200
20
00522550002220002022
20
05220222500220052202
20
02022022220020222200
20
22000002020202252202
20
20020020550022220000
20
00202220020200555222
20
00000022252050020200
20
00222002220022255202
20
05225052020202220225
20
50052222220220022205
20
02052200222502222222
20
20220522200202200005
20
02202200220020250205
20
02020200502200202022
20
02222220025500222002
20
05220200222002005220
20
02202502020200000220
20
02020225022222200220
20
02022202220200220000
20
02220022220520522022
20
02002220220225500522
20
02222250002020020222
20
22222202220220222000
20
25250222202222222222
20
22222222052222222220
20
20500000500002022500
20
20220220022050222205
20
20020552052202202000
20
22225022225005202022
20
20220222052222500500
20
02000220222022222222
20
22500222500020020220
20
20522002552020220502
20
00020022202222200200
20
20502225022222500002
20
02200002255222202022
20
22200505522022020025
20
20222222022022020200
20
02222202020220550025
20
02222020202202202022
20
52020050200205222200
20
02522002500020000222
20
22502000200225202025
20
20200055055022200500
20
00020005205202022220
20
00202000202202025200
20
02220220002202205002
20
00222200002002222000
20
25222520520520522200
20
00200202052250220205
20
25202000252502200002
20
00225022200202222000
20
20202025500225000022
20
25522000200052222002
20
02020220220200220002
20
22522022020022022202
20
52002225022002002520
20
20050002000002202020
20
52200222002220202252
20
20222020252205222205
20
22020022020255020220
20
22222222022002002020
20
02222022222020025022
20
50522225022022022022
20
00250220225505200022
20
02522005002205252002
20
50200020000220200022
20
50000022050002222020
20
20222020522250500222
20
00202202202052222002
20
22200000255002000500
20
02205222502002225022
20
20000252020222502025
20
02200020250020222022
20
20052022025022222220
20
00222252002220220202
20
22002002522202255222
20
20520522002020222200
20
02220022202020200220
20
20220222052002502055
20
22220222522222202220
20
20252025200220220200
20
52255220220002022222
20
52202000202252002052
20
20000052525022000222
20
20022052002522220202
20
02022202222002220200
20
20200250202222250250
20
02052052252025020222
20
22200200522220202250
20
20200500052220522200
20
50022520000225202002
20
02222000200000020200
20
25222000002000022220
20
02220222522222202220
20
52020055020050202022
20
22222222502022220202
20
20202222202002000022
20
22222525502225220202
20
22000222222222000202
20
02020222052020220220
20
25000222220025222200
20
25000205225000200250
20
25022020222050222522
20
00222022222220250022
20
55220000020020500022
20
22525250205200022020
20
00020220220250202525
20
20000220522255525225
20
52205025200520020202
20
20250022200222002500
20
52522022502200220220
20
20022000002002020002
20
02052200020205252222
20
00525222200220002220
20
02050000522200005002
20
20202202020200002522
20
55222022202000002002
20
02225250002200000002
20
25202220202200522000
20
00222050020222022202
20
00255222252522002252
20
00020002022520220022
20
02022020202020222052
20
22252025002220220020
20
50200220205252022220
20
22022002220052055222
20
22202202222202225222
20
20502202020022002202
20
00052202222050222200
20
25202205222500052222
20
02202220055052002002
20
00022022202250200000
20
22202225222000220222
20
25220552202020022202
20
25225502202050202202
20
22202220202002220220
20
22220200250205050202
20
20050202022222005200
20
22552200222055252250
20
00022202002220222522
20
00250022225000222200
20
00055505222052222222
20
02002000055222220522
20
00220225222202220200
20
20020550000200005220
20
22250202022202222050
20
00022022255502250225
20
52050022002222205022
20
00200055222220002225
20
20200025522020202000
20
05002000200202002222
20
02000002202020222020
20
22500002200220222220
20
20020002202022220220
20
20020502202002020002
20
20020005255522000502
20
20052220220005222020
20
20502225202220222022
20
20022222002020520022
20
22222250205250200222
20
02202225200002025220
20
22020250025522222000
20
22202220005022250525
20
55252220005202202022
20
02000200505222220022
20
20020020000222020005
20
00225505520502222020
20
20500222520200225520
20
02002022202022222220
20
22522222050022500202
20
22222022200220220002
20
22025222222252222522
20
22025552020200000200
20
02552022022220052022
20
20022225222202052020
20
20002002200000255050
20
20202222020202205050
20
22025220520222222020
20
22200222020000200020
20
00202022222200200220
20
52000202200022000500
20
02050025202022205202
20
22220002252000220220
20
00222025222222250200
20
22202002252222202202
20
22220020200202220005
20
00502002202202202000
20
22020202520202502000
20
00002020005022220222
20
20202220500222220202
20
22502002000202000222
20
00200002002025500222
20
05022222520220002020
20
02020222205550005020
20
20252222220202002002
20
20002520250205220025
20
22200502552250222520
20
20200020525502020000
20
52502002020222502222
20
20550022220220202222
20
22500002222520000002
20
02205202202222520022
20
02220222205202000002
20
05225020002020220222
20
20502000002202022222
20
02222022022200222020
20
22020225202202220200
20
52000220000250502200
20
05000205502522222022
20
20202200202020222050
20
00202202222020002200
20
22522022220222220255
20
22025022202222522022
20
22220222022002220202
20
02022000200222022005
20
02200022520252250000
20
00000022220005225220
20
20022020202020202222
20
00002202022222202005
20
25020020222550002052
20
52220202202552220520
20
20202200025025002002
20
20200022022220252225
20
00222220222025020000
20
02200000222020200000
20
05225252020520202000
20
05052222020220222222
20
02022000202220222202
20
22220220222002552200
20
02222222222522202050
20
22200225002502220220
20
05252222022222022200
20
02002250002002052052
20
02222202020052220002
20
20522205202005052022
20
20225005020220020222
20
02250222202002050220
20
00020222205202250202
20
05222020252222022002
20
00055252205200220500
20
00022220202022200050
20
52225002200220220522
20
20022000220220052025
20
22222000225025000200
20
00202022202252025222
20
52220002225002220222
20
50520022550002255250
20
02202000022222502020
20
02500200022220202020
20
25522052220002200500
20
02250052222522002022
20
02200002220200222222
20
02022552000002020022
20
00200250202022000052
20
20250200222020222022
20
52022255200020222522
20
02002222252222222020
20
50200220222220225222
20
22502022200252005000
20
00055225522000220250
20
02222000550222222555
20
02255202000520000022
20
02202022225222020000
20
00222000002020005000
20
02202222050200220502
20
22200202052020225202
20
00200002222202200222
20
22022020052502205000
20
02505222522022202520
20
02220002222520220252
20
52200220020220002222
20
02500022020002250055
20
02020020222222002222
20
00205522200220222022
20
22220220202250022000
20
00500050202202202500
20
50020002202200022020
20
02000020222020502022
20
20000522000022002225
20
00522222202022222202
20
22002252020202252550
20
22052200200220222252
20
52220200520022022225
20
20002005200200502202
20
22222222020502500200
20
02222200005000222202
20
22505022200220222000
20
00250252500022202252
20
22222022200002225002
20
20222522552052022000
20
20250222222022202220
20
52200022202505250220
20
02200202000222000052
20
00000220222202505050
20
00022250222202022222
20
20200252020200222522
20
22202252222220522502
20
02002002000002552002
20
02025552202225202200
20
22220200202220052202
20
02002220500200000202
20
22200205202002002220
20
20022222202250025222
20
00022020220000202200
20
50020200020255022222
20
20522520222002220200
20
02222225225005020220
20
22022225200225522202
20
20225020200222022222
20
02022525002202022220
20
20252222200225000222
20
20200020222220220200
20
00020000502020250200
20
00002020222000222225
20
00502552200250220020
20
02225220222000220252
20
00200025205520220020
20
22220022200022002225
20
00202522202502202202
20
22500020252220200222
20
02000202222202022020
20
20020200022000202202
20
00250220252022250525
20
00252252200022222222
20
22220225502220022002
20
22002000050200005000
20
00520002520502220022
20
20000022225002220025
20
52205020020222500000
20
22022202202200022252
20
22250002222250202502
20
20202220550005022022
20
25002022502000020205
20
22000000002220200202
20
25205502200022200022
20
22202005520022205025
20
05250220222020022202
20
22002222520022222002
20
20200002020252252202
20
22020002202000222222
20
25022025000220500002
20
20222202222522002000
20
05222002022220222222
20
02222200022222505025
20
20205200022022002222
20
02220000220002202022
20
22250222220200022252
20
20200220220220220220
20
22250202222220022222
20
02052252022220522022
20
20500022020002050025
20
20205220222500020000
20
22200022202002252502
20
00020202202200220222
20
50202022020000202055
20
22022222020202022002
20
20500022252222202220
20
22502020222005225522
20
20222222502022022020
20
52220550022222200222
20
20000020252052220022
20
22200002022200052200
20
20020525002505022020
20
22220220200002222205
20
25500020202022222022
20
55020022222552022252
20
22222020002222002002
20
05022220200250220502
20
02220000002022522220
20
20200225222500222000
20
22052200020252200050
20
22202522222202000202
20
00202020222025050525
20
20252000000252220225
20
55000225220020522500
20
22222020222200022222
20
55220002202020000222
20
20200205022255522022
20
02005200220252000022
20
20200555000022225252
20
00222000000200022000
20
20205002520222025202
20
22252222022220222200
20
20205000220202200200
20
02202020220022005202
20
55022220200222202002
20
22002000025220220220
20
20022220250020052225
20
20250202022200200022
20
02022222020222020000
20
02002222200220220000
20
52252022220200205202
20
20220200002000222222
20
02200220250025520252
20
52202200222200200000
20
00020222020022020202
20
00202020222022222000
20
20522220202002022000
20
20200220020050022220
20
22202020222020220020
20
00220220020500220025
20
00202052020220000220
20
22022252200005502022
20
22000202202222005052
20
22220200220252220225
20
20202000222222025225
20
20020220520020022022
20
22552202222000200052
20
22502522002520002002
20
20025202252505522220
20
52200222022202020022
20
00002002250252020000
20
50550220020202220222
20
02222020502200052222
20
00555220022020520202
20
05220220222002222552
20
22052205252202000250
20
22022020020002250000
20
52222005222052022502
20
20022222020222225020
20
02202225020202522052
20
02202000222220205522
20
20005020052002200000
20
22020225200220005222
20
02000222022050200022
20
22200020202222522002
20
00005200220222002200
20
50220020022000202052
20
02222020220200020205
20
22220252000020005002
20
55000002220025220002
20
02220055002205020225
20
00220000202252202020
20
52022220052222500200
20
22020052220000002220
20
20520022202222205202
20
20220220202002222025
20
20222022002022220522
20
20025200052002020022
20
02200020220002500202
20
20002202255002202052
20
22000222022202250222
20
05002220252220200222
20
20050200202020220550
20
00002222205222525222
20
50000202522050520222
20
22002202002220002220
20
02002000020200252022
20
22220022220202025220
20
22222002020050520020
20
22500250200200220000
20
02022202500022252500
20
02220002200020022202
20
22050022202002220222
20
02052250220252200202
20
25220000005022020220
20
02250000020222020002
20
02220000202250200020
20
05220055002202520222
20
02200020222200022222
20
25002202020002222505
20
02022052002020000020
20
02050222020000002222
20
02225020202025222202
20
22220020020520000222
20
05255205020020250022
20
22202002220002200020
20
00200200200202202202
20
25020225055502200000
20
22020552222020220222
20
05500022202250222222
20
22220520502250020220
20
22022000220220502220
20
22022022225220202002
20
22250220022222202002
20
02002205200500250250
20
00252220222022020222
20
52025222020520020022
20
02522202052022222052
20
22522502022022020552
20
22002022022022000222
20
02222202202025020002
20
02220225222202200202
20
20220202205222022225
20
22220502220020222222
20
22202202002052200005
20
22022020020520002522
20
20222055500020022252
20
05022022502000052022
20
52222202200020505200
20
22000220202200502005
20
05022520250220220022
20
00022002205020002000
20
25522002005020002550
20
22220205000200222002
20
22222200222222020202
20
00220050000505525520
20
20000222250220002222
20
00000220005220020022
20
22220520025222222025
20
25220500022202022505
20
00200205022222000222
20
20225002200000202222
20
22200550022222000002
20
20202252202200022222
20
20222002022220222220
20
22000220220050225220
20
22202205225200000225
20
52000200220222222522
20
00220500202022255505
20
50002002020222000202
20
22020202225500022202
20
02500202220500220520
20
02002555022020220500
20
25020255022550002220
20
25220002002200502202
20
22220220000222250225
20
22200202020020225520
20
25022200025020022002
20
22020520250022020225
20
00020020220222002200
20
20200020220050220522
20
02520002252000220220
20
02250205222200022520
20
02202252020202050200
20
52222202025020022520
20
22200202020220222002
20
22000220525002200222
20
22255222220222020205
20
22020022052000200002
20
02202555050020500022
20
20022200202220200022
20
22052222202020002202
20
22220522022225220202
20
20222220200222202202
20
52000202222022505052
20
22222220022500202200
20
00022202522022002222
20
00022225002200052022
20
20052022020220222000
20
02022052222552022002
20
02202200055220250255
20
20050020052202250222
20
22220000020200520252
20
00022225205202000220
20
22052220000220020222
20
25552222022002002525
20
00020220200502202202
20
20025000202022222022
20
00202020002022200502
20
22222002500255225222
20
02200022022002520502
20
00002202200202022000
20
22002220202220200252
20
22552002222222222000
20
52000202222202020000
20
00022205002020222022
20
00020202222022020252
20
02052520022202220220
20
00200255222000002222
20
00250505020222220000
20
20252222220202522002
20
22220002022220200202
20
00200220220020202222
20
22020000052200025220
20
55205200202502220002
20
02022002222200000222
20
05055202000022005020
20
22002202220202505222
20
50022222202220225205
20
02220022220052022220
20
22202005202200025025
20
00050500200202522220
20
22222000022200022252
20
00222252025020052220
20
22200502000202255525
20
00022500220025202220
20
02000220022200502202
20
22222022225000220252
20
20002002022200220220
20
00020222222220202250
20
02202002002222002052
20
52022225002000002022
20
22005020222222225002
20
22200020020002502200
20
00025202202205520200
20
00022220022202502020
20
22220022020200200022
20
20200220000005202022
20
20225000022020222050
20
05252222202002225225
20
52002022020222220222
20
25225020222220005022
20
22220020520222202020
20
20002520520052222220
20
20020220020205220002
20
05000505252222022202
20
02222202220002202250
20
00222020020020222220
20
02520025222220205000
20
22022220002002022202
20
00002020252222525202
20
00022025222025000002
20
20055200002222222022
20
02220200220022020202
20
20220220202022222022
20
22205052202505205002
20
22002520250202000202
20
20522205022000205052
20
02250002002202200020
20
22220202202200522000
20
02002222022222020202
20
00550522220002020000
20
50252255202220502202
20
20205505252005002220
20
20202202202252020222
20
50250500225202202220
20
22002222205052222002
20
00005025200222222220
20
00225202220200025222
20
22022222000200205220
20
22002202222202202200
20
00502222022050052002
20
02005052222000205220
20
02220002020002520002
20
25020205220220200200
20
20250202220000222222
20
20222050002200002200
20
02202002020200022200
20
00202252520222202002
20
50022200500252020050
20
50225202000222220222
20
22502220020200002520
20
00002202222202202220
20
02220222050222222222
20
02050002220220220202
20
22522005222200020000
20
02252052222222050200
20
02000222200200222220
20
00022222220252025022
20
20220202050220505000
20
02502222202000222200
20
22200022220052000252
20
22002005500002202200
20
22222025022520002520
20
50002000202002022202
20
02022202022205220202
20
20200252220002000500
20
02525222222025222222
20
52220022002022222222
20
02052222222222202222
20
22220200200202252502
20
22022222202250022520
20
52250020005200205202
20
02252222520220000200
20
02200202225222222022
20
20002520252220520020
20
02002522252522502005
20
00020202525002220222
20
02502520250220020020
20
02052220202220200255
20
00202022200220520222
20
22200502222220225222
20
02222022525022220020
20
25220022225225020000
20
02202022250200002002
20
02022222220202220252
20
02020022020022222222
20
20022200022002222205
20
00000052222000022202
20
22022022200002020520
20
22252220025505055000
20
02222005220002002020
20
02200025202202000200
20
22022252052000555202
20
22250052220550052025
20
20202200200202020220
20
05222220000222220222
20
50220020000200205050
20
00220020052200000020
20
22022020222002222022
20
25022252002220250050
20
22220220225200202000
20
02200520500052222022
20
25252520202220200020
20
22222220250002222052
20
02050022202202522225
20
25220202202200222220
20
22202000200000002022
20
25020520225200022220
20
22252222222000220022
20
20200250220222200200
20
02202502022222020022
20
02000225002005522022
20
22020000002022022200
20
22052222225505222000
20
02222222022502502222
20
52252222020025225200
20
22222022050002202220
20
20222025222202222200
20
02000200020220205202
20
00220222020502205020
20
00202205250000200225
20
50202205022020020022
20
02000222220520522222
20
02220550000522502052
20
20055520022220002202
20
22200222052222022002
20
05222050022020002020
20
20200225222520202022
20
25502022222020022202
20
22022022202020002552
20
00220222225020000000
20
20005022200025220052
20
22000520225020200005
20
25205522022000022222
20
22222200522220005250
20
22200250200502000220
20
20020222022222020202
20
22200502022202022055
20
00222050205202520000
20
20200052202002020222
20
20022000200020202000
20
22022020020000520252
20
22000522250225205000
20
20200002200222252255
20
05220202522200222222
20
02002050200205002050
20
02202220252505022205
20
00222050225222222002
20
20200052250000222522
20
22000022022220202220
20
00000252202025222202
20
22522022020220022020
20
02002000000220222202
20
52222220222202200020
20
20220222020522202002
20
00002020200022522002
20
00002020002200020225
20
00520220202520050222
20
20000550200020220002
20
22220520202020500202
20
22000222022022520222
20
02222000022000220200
20
22002222220522000220
20
20020502222202222222
20
00222000200050222222
20
52002022022222050200
20
02202522500020005220
20
00222220002002022020
20
00202002200000000222
20
02022022202050022020
20
02222222202222002005
20
22202202025225222255
20
02020020000525222222
20
22020022000022202020
20
20222222222222002020
20
00020055225220222222
20
52222222202022200252
20
02000000002200220222
20
02220222202220505502
20
02252002020020220025
20
05220002200202200225
20
22022200022052222225
20
22020222222252202002
20
20222222500020022022
20
20052020220025020202
20
22205220202005220520
20
20200202220502200022
20
00202202022522220002
20
25222002202005052202
20
20220202202022002200
20
02522225200500000002
20
22222220022200200022
20
02020220020020005025
20
20222252202252252022
20
20202022020225220002
20
00505225205000020250
20
52222050220002200222
20
05200250022022225020
20
50022222202020222052
20
02202222002222022520
20
00200205252550000202
20
02222222505020222000
20
22202200202000005202
20
22220222002220220022
20
02200002222200000002
20
02002220202220202200
20
22255052520202202022
20
22520200020022200022
20
20550020025022520200
20
20522002020252022220
20
00220522202002022552
20
00200000200500222220
20
02222220220552020220
20
52000500250505020022
20
20200000252020202000
20
22222000000202020202
20
22020050220020002200
20
02000502022202000200
20
20020222025252022022
20
25002222222002200205
20
52220200220202202202
20
02000222020220002202
20
00020222205205205255
20
05022222200220022000
20
02252020222502202220
20
25502025202052022222
20
20225220000222202022
20
00222222222522222002
20
02222002000200200050
20
00200252200020500022
20
22000220502200522022
20
02220550000022022202
20
50020202220222000220
20
20202205200220025525
20
20002202002000002220
20
22002200020200252250
20
22252002202225522202
20
00205502222005022020
20
00220022005022202202
20
20500022000220200222
20
02200200000220220200
20
00202022022220000222
20
25020222050250220520
20
25202022220000202200
20
05220000220220220020
20
02000002022202520000
20
50500220522520002020
20
22022200502052202205
20
20202200020020222022
20
00202200022220022220
20
00000000002252000250
20
00222222520200222020
20
22250522022222200225
20
02002022220222522205
20
00222020222200020022
20
22522025220220220022
20
00222202220200520205
20
00205202220050002252
20
00222000222500002050
20
22520022205052525220
20
02225202000020220222
20
00200050222020222022
20
52022222222520202022
20
02200020522002200205
20
22520200202052222500
20
02252000222202202020
20
02200222000202222002
20
00205250002505200002
20
02052020020222020202
20
20505222025502022052
20
22252220222220020000
20
20225200005002202025
20
20200525020225022200
20
00202222022220220005
20
00222200222020002222
20
02202020022220202252
20
20202202220222552220
20
00202200220020022222
20
22202222000000502502
20
02022222220022022020
20
52220200022052250220
20
00220200222220202022
20
02555220502252222022
20
20522502225220020022
20
22222222222500022020
20
20220050022522022502
20
20522052225520552202
20
25020002200020022220
20
20205202222002022520
20
22002202022220525050
20
22202200200202202222
20
20220502250222520220
20
22520050220020220022
20
02220220002022220020
20
52202522020200500222
20
05005220222220252202
20
00522022505222522220
20
20225202200225250502
20
02000005222222520022
20
20052220520002200200
20
05220202252025255022
20
00222222520022220200
20
20222222222002252222
20
02020022202025220225
20
02250202200020202200
20
05000205220222202200
20
20520022200222052052
20
52200200005522202255
20
02205222220020202020
20
50502022020022202252
20
20202522252220220200
20
22220022050222202002
20
02222225020055220050
20
20222200220050000022
20
20220002202000022020
20
02050220220022225520
20
22202525222200020222
20
22222050205002520220
20
20200225220222000222
20
02022200225025220020
20
50022222000022050200
20
25022202020205220002
20
25252520220200202220
20
22522000020220220020
20
22020200500520200000
20
00225002222250002220
20
20220002220225005000
20
52022522252022202222
20
20002202000222202202
20
22005000200050002500
20
55002000020022002205
20
22522000222000052220
20
20202202002222202002
20
22250200005202002020
20
22220200220220002020
20
52020002222220222000
20
05502220522202020500
20
02002025200222222022
20
22002200200222200222
20
22020020505552200002
20
52522222202222002222
20
20222052220200200202
20
02055002552202020025
20
52250022222205202220
20
52220000002002002052
20
02200550202002200020
20
02220222202220000552
20
22220020222020220022
20
52225000200202022202
20
22022252025002020222
20
20002000520005020200
20
22500500502520020200
20
02222020022000220222
20
02022222050200202222
20
05022222220005020002
20
50222222222002022022
20
50005220252202202502
20
22022002022250220022
20
20202220052522000025
20
20220200202200255222
20
02225025000222020222
20
20000200200200020200
20
50220000202005252220
20
22222222520222020222
20
00020025205205502022
20
20200025222522202020
20
20202220500200000200
20
20000020000220220052
20
02220022202225502220
20
20202220250205022555
20
00522020550222220222
20
02222225022202052222
20
22202502020022202022
20
00222522000002020020
20
00002050552202022000
20
20255050225202220502
20
02522022022202520005
20
02202200222225050020
20
22020202000002055222
20
22200022222502225202
20
52020500022520202202
20
20020520002002020200
20
20222202222005525220
20
02222200500500502502
20
52022222522022025220
20
02022020222202202002
20
20520025222200225220
20
22005522250020200205
20
22020220002020000502
20
22002000200002202500
20
20200052000202220022
20
50500002022252020222
20
20020202220200002022
20
20022222502222220222
20
20202222020200225202
20
02202202200002225200
20
02222525005002002250
20
52002200550200200222
20
22000000222520522020
20
20022222002552220002
20
22202022222000020200
20
22222220205220200002
20
05220222002000505052
20
02020000022202205222
20
05220002522252020205
20
22020220202000222022
20
22052222022202002002
20
00202022002020220222
20
20200222220225205200
20
20022022022220052202
20
02202200000202222200
20
50202252220250202022
20
20500002220222220222
20
20002522502220025525
20
25050000000222225202
20
25200050222000222002
20
02002252222020202202
20
22022502500220222202
20
22200202002022005000
20
50202220520022000022
20
02222220002200200022
20
22000020022200205022
20
20202220200202222550
20
02000220200022020222
20
20020220022002202002
20
22002222202200500220
20
02005022022005000020
20
22000220502020200200
20
20022002202222022200
20
25022220022222000000
20
00222220022252250220
20
00222000202202202022
20
20202000252202220200
20
02002022220022200002
20
00020222020202200200
20
20022205220000025005
20
00002220505202200222
20
00220020252022502220
20
52202002020022202520
20
50202250052200250220
20
02520000200252255500
20
02000202520520500222
20
22020022200222225222
20
02020205220222252200
20
52252202202222020022
20
02200252250220222520
20
20005022005002220225
20
20225000220222000022
20
05205200020252020222
20
22020200222220022002
20
00225222202252002222
20
22000022002002250202
20
05025520020202020022
20
50200022002022220500
20
05220020002502222225
20
00000220022220225052
20
22222202000222222022
20
20220022225220222002
20
52050520220022222222
20
22022050022252022222
20
00055020005020020200
20
02022020222002252020
20
22052220000020252002
20
25022500000002052200
20
20025002000220025202
20
20500252502520252220
20
22002250220222020002
20
22225500222200200020
20
25200220200022200250
20
20522222222000000200
20
20002200200022052202
20
20202052202020002500
20
22200202022222000022
20
55002020025502202222
20
02225255220002002222
20
00255200202222520022
20
20252222200202000200
20
00000020020225020022
20
22050020252020250025
20
50220002522522052200
20
25220000022222252202
20
22205202022022202022
20
00202200052525025020
20
05202220522200202220
20
20002222025202052220
20
22000002202220200222
20
50022020220252220222
20
25522222250020220020
20
52552250000222222202
20
22022000222005002220
20
20220202205520000220
20
02020052202000052520
20
05220000202202020002
20
20500005202002220020
20
22222505202020202002
20
00202052220220022222
20
02222200202252220200
20
02222002505000020022
20
20025202222202220200
20
22022200220022220020
20
22522020222202000200
20
25022252220220052202
20
00222020020200225020
20
20502025020200222052
20
25220050202200220222
20
20200225200255020522
20
20252202222020202050
20
02252022500502000000
20
20502022200202222200
20
20502222022005022025
20
22022220022200022002
20
20025050225220220000
20
20505022050220502200
20
00200002022205020000
20
00520222002200002020
20
22000022252022220002
20
02220020220202022220
20
22222002220252522222
20
25522022022020022020
20
22002002022202222002
20
20225050225202220200
20
22522002202002222022
20
22222022202222252205
20
22020050202202220222
20
22000000220222000000
20
52525220202220202505
20
05202222050020202250
20
20022000202020225252
20
20002005250020002222
20
02202000250522000202
20
22002202200200202000
20
20052200055552000000
20
02200222222005225552
20
20022000222220200202
20
25220022200020202005
20
20022025002222202205
20
02200520220020200020
20
20222202220202022225
20
50202202022220202252
20
00025200020252200222
20
22025002220522020200
20
02250005050252025220
20
25500202200202220020
20
22002250050022250502
20
00052252022005200022
20
02220502202020502022
20
25022250202202220225
20
25202205020200002250
20
22522225500052055222
20
05225222022002220002
20
25222220222022202022
20
22222000002202202002
20
00502022222222200022
20
22020220202000022222
20
22020220000000205000
20
02022020555522222000
20
22000020222202220052
20
22022052202025202002
20
00220502022052020002
20
22522020050200022000
20
22020252252002022222
20
20222000252222000000
20
22202222250220202050
20
02005022220222222002
20
02000522020002225225
20
20200222220202025000
20
22020200522220200200
20
22202002222000222502
20
20222020225200522052
20
20220200000250200052
20
20200222202022522200
20
02200050020222222220
20
00022520250002250025
20
00205200225525052020
20
00202202050022222222
20
22202222220502505020
20
50520522202200222222
20
05222000222022002055
20
25225250522222020222
20
22500020000200022200
20
50220022002020000222
20
25205002202002500022
20
22200002022222200205
20
52020202222220002022
20
22222500202022220220
20
20022002000205202002
20
22200200022002000220
20
22225020020522222222
20
00222020200022202022
20
02020020022022555222
20
52200200220250050220
20
00052202255000252202
20
20252020222005000222
20
52200200225222202000
20
22022222000022222002
20
00002502202022052522
20
02252250002222225222
20
02020200252222220202
20
00220020000200550002
20
52000202022222022252
20
00052220202000250220
20
20205020002225220005
20
22220022202202022200
20
52202220500020252220
20
22050022252250002225
20
00020020200022252225
20
20202225022052250502
20
20222052250002202002
20
22220052000205522002
20
20025502252202025502
20
20202225200222050002
20
05520220220022052200
20
00220002222002052250
20
00022002000202020222
20
20200002225502225202
20
25000002002220002202
20
20020220220002022005
20
20202200202022255000
20
02020052222222220222
20
00252050252022200220
20
25020220022202220002
20
20222222502025200222
20
20225052202022025202
20
25002002002222500250
20
20020222220022500022
20
22002500222002252202
20
02020220000000522022
20
00002002000225005025
20
02052222200222200222
20
20022202505502502500
20
00222220220000002052
20
20022250020520520250
20
22522250220020520250
20
20222220020225220020
20
55220020220020022222
20
22522202250000022222
20
22000025020250222020
20
55220222222200020200
20
00220205202050250250
20
22252522000225022222
20
00520022252002022000
20
05222522002222002225
20
02220222202002025202
20
22252252220225500202
20
22222022022225220220
20
00222220222202022022
20
22222020202202200225
20
22200220200225200022
20
20220020220520225520
20
20502222222020200502
20
22220000202020220225
20
20222022002200522202
20
22020000220222202205
20
02222220252022200520
20
20020002220220220252
20
20222202022500222222
20
22202000200000050200
20
20020022002050222520
20
05202050500200020022
20
00002202022225022200
20
02020520022052000000
20
00220202200222002202
20
20550222020222200202
20
52202205220002202222
20
05252500002005000200
20
00002220222020052222
20
00200002000220220000
20
20222022550222002220
20
25202020220020052020
20
50025020222225220525
20
22200202020000202052
20
02202220000002000020
20
00052000020202200022
20
20002222222000002220
20
22200525000222222222
20
52220200022020250222
20
22220200005005222500
20
50200200252002200020
20
02202202025552202000
20
22220022220020002022
20
00052002222225025020
20
02205220250222205252
20
02222025202200002000
20
00222220252202022250
20
02200220022222225022
20
02022225020222022202
20
02500225002052002020
20
25222220200202000022
20
00202220020025022220
20
22222002522520505225
20
50020000025020002200
20
20052220022200002222
20
05502005205220220005
20
02020520005222020222
20
22002220022002022220
20
22052222220252202520
20
02020005020025020000
20
52220005202220022202
20
22000222005000220022
20
02222200000022225202
20
20022202220002000522
20
22022200200020002202
20
20020200200222220522
20
22000000200520202252
20
22025220220520252000
20
02250502502025200200
20
25250022200220002220
20
02020222200022202052
20
22000250022002222022
20
02220202202252000225
20
20520200252252020020
20
02220050025202050200
20
02522220022022200225
20
25002002220202552202
20
22200252022222000050
20
02222225220202250222
20
02220252005222222000
20
52500250222222025025
20
25020552202220005000
20
20202002222002020052
20
55002220000200202202
20
50220502252525020202
20
02025022055200050252
20
22002205202222050222
20
25022220220202202000
20
22200002002222022222
20
20222202222220000022
20
02222022022002000000
20
02050222220200220252
20
20222002200222220220
20
22222522022222002000
20
20525220000250225225
20
20502020255520220002
20
00022222052202222200
20
20000220502222200222
20
05052050050222220002
20
22220002025502022205
20
20220000025020002502
20
20202200020220202020
20
20000222222220202022
20
00202020220002202222
20
22020002220052022222
20
00020020000220022020
20
02222202220220002200
20
00220225022050502022
20
22252250022022222220
20
52000520255222225520
20
00202252020502050202
20
02220250002000000000
20
22000222222022220022
20
00220002202522222052
20
22020200022222025022
20
00225202222202500225
20
02222022222022220020
20
22220022005000000005
20
20520205502002022000
20
20002000220220020022
20
00020000000200222022
20
22520205222000022202
20
00205220522022220500
20
22002002000200020502
20
22002220022050000022
20
00220002020002252020
20
02000222205000500020
20
20222500202220222220
20
00222022522202222020
20
20020020002220250220
20
22002022220520202520
20
25020205022200200002
20
02500502502225522002
20
00222552505522025002
20
02202222200200222220
20
02222000202200020022
20
25252202200202220022
20
52022202050202220222
20
20222002220200222202
20
50020025020020022020
20
22222025020200220022
20
02222002222202020200
20
02200200222222000002
20
20200502200500202002
20
22552220220002222200
20
22022000020002000020
20
52020022222202220255
20
52225000225000220222
20
20252000222220002022
20
00000200252200222522
20
20502022220502020222
20
20525020220050020222
20
20250002222050050250
20
22002200250202020020
20
20002200000022002200
20
02002020225002550220
20
00202202000522000220
20
00002000252000200222
20
02222052220022202005
20
22020220222222200202
20
02250222502520225020
20
00202022020022202220
20
22222525002200500020
20
22220200520022202020
20
05222252002505202222
20
22025502020220222220
20
02220220205205022502
20
00050020200200050052
20
00222220020222002020
20
22520202200252222002
20
02522502002022020550
20
02052020052220202222
20
22000222000222202250
20
00005200200222055022
20
25202000202200002202
20
02200022202000022002
20
00522020022200522025
20
02055222200020020252
20
50200222020022222222
20
52222222220022225205
20
05200020002022222225
20
00202020222222002520
20
20220225002002022202
20
02022052202202002002
20
20502000022202222200
20
52020202202020520200
20
00500022200222025222
20
20200022222000525022
20
20020222022220050022
20
50022222050220020000
20
52020220200220200222
20
22250002022002222222
20
22220200220005222202
20
22002002020225022000
20
22022022202220202252
20
55020502222202550502
20
02000002200522200020
20
20202020022000222020
20
05225255520220200020
20
02220000250220522202
20
25222225052222000200
20
55220222022225220022
20
22200205502205520000
20
02502202202505200022
20
20005202200220222020
20
02022202250022000002
20
02202220522552502200
20
22500002025222220505
20
22220222202222000000
20
05200002202202022020
20
22200522220020222220
20
02022022022020205050
20
22022522220002002222
20
52200022002022522522
20
52500000002000202220
20
00220202220202020200
20
22220220022222222202
20
02202502222020220202
20
02500002000002222202
20
22022020052022250222
20
20222220220220202520
20
00222022222002002220
20
25002022220020022022
20
00200050205022050005
20
22202222220202522220
20
00222000200202252220
20
22202202020220202020
20
25202002202220222220
20
20200220000202022020
20
20022222052200052200
20
02220225222002050022
20
02025002202002222022
20
02200022020020002525
20
50255225022520202222
20
22002022520222022252
20
22200202202020000025
20
20202200522025022525
20
00220005002200220200
20
20500025005200005022
20
22252000200520205220
20
02220000222200222050
20
25002500222222222022
20
20222200005202020220
20
22222222002222220522
20
20005005202222222202
20
22222522200022002220
20
20002000020022222220
20
00220205005522022252
20
02202202002202000220
20
00220205202000002220
20
22220222020202250022
20
50222222222202250220
20
22522252220520002002
20
00202002000020005000
20
52225222225220222000
20
22520202220222022022
20
22052220022002220520
20
20200222222020025000
20
00000220200002022022
20
02002222250022220022
20
20200222200522002005
20
20022202252000050500
20
20022000520200202005
20
22000220000020000020
20
02200222222202202000
20
20200020202202052002
20
25520202002000222020
20
22200225020250052505
20
25020002202202022202
20
02200222222002222220
20
20500522200222020220
20
02522522202020225225
20
20200002225205222220
20
22222002202005000000
20
22222202052005002000
20
02025250000500002002
20
25022002200220222500
20
20502220222552220222
20
02202225025202000205
20
00200252220022022002
20
20000202020222225205
20
20500025000222025200
20
22222020500220205022
20
22222022002002002020
20
25022552052202202222
20
00222202520200220222
20
22020250202022222222
20
20002202222222020220
20
00005020002225222200
20
00505200022202222500
20
02222020200022220520
20
22022020500025000002
20
22220050020022202025
20
00002020020220052225
20
20022505022200020220
20
25000250020220200020
20
02020020220222025200
20
00050200502222550220
20
20050202000000202050
20
00220020005222220200
20
22020022225020225002
20
02202222022000225020
20
00220002222220020005
20
22202522222222020220
20
22052022222025020222
20
22222022020002020050
20
20050502002002202222
20
52222020220500022502
20
00202202550052522022
20
00022250202005200222
20
00200220222020022525
20
02052222222025220520
20
00200520200022022522
20
02202022522220200022
20
50020002200200050020
20
22220520222552202255
20
52020225202222052500
20
22250202002022052202
20
02520550200002202520
20
52025202200220020222
20
05222202225202000052
20
50000250200020022022
20
20505222222520222252
20
22222200220050205022
20
02222225252202000202
20
25200220202202202220
20
22200002000052202000
20
02220220222220250202
20
20020002222222252502
20
02005222202502225002
20
02500002022050200550
20
02202020505222000222
20
00020052220220225205
20
00000500005225002252
20
00220222002220002025
20
05020022522222522205
20
20005020222000220520
20
22522522222050222222
20
02022002220200525520
20
02222222025020002202
20
25200020200200220200
20
25002052222520000202
20
00200002002222000502
20
02222520025222222250
20
00022202220520505220
20
02202200022200222220
20
50220200022025020200
20
50225225020020222520
20
00002200220020200520
20
02252202052020502205
20
20222200022022220222
20
02020222022222022222
20
02252022020220022252
20
02025020002052002222
20
22022020520050222000
20
22220222202022002020
20
22520022225020220222
20
00502220025000205000
20
20500252220522222002
20
22500022225202000052
20
02002225220202522202
20
00022222200222222002
20
00002205222202202225
20
22002020500002505250
20
02220020222205550220
20
02020222022002022222
20
02520520225205022002
20
00020222200225000050
20
55020022250000002050
20
20000222222022202252
20
00022000250220520522
20
02250220222552000002
20
02022020002502222022
20
20052222200222502225
20
55225200205220205202
20
20202200052222522050
20
00002022022220022200
20
20552025202020250200
20
05020020200222200002
20
22222220022000220502
20
02050222200200202002
20
22022220022000000002
20
22220222222200000220
20
20202222252202202252
20
25205000220002205202
20
20222020050552222002
20
25022222222002522002
20
25022020005022002000
20
52022200222502022200
20
22220202000522020020
20
22002222022022222520
20
00202222002222222222
20
02022002202220220202
20
02520020502002020200
20
00000202222202022202
20
20025522220002202202
20
52202002022222052202
20
25222220205202520002
20
02205202022222522200
20
05520550552550202225
20
50222220222000222005
20
22522222020220252002
20
20022525022002005225
20
02000002002222202222
20
22200552000522200222
20
22252002002002000022
20
02250250202050522025
20
52220050202220222025
20
00220220020220000002
20
22022500002200020000
20
05002222002022220002
20
02222500200002202220
20
22222005222202222000
20
22222222222222220022
20
20525002020025002252
20
00005220200020022002
20
20222220222000220022
20
22002220202002002252
20
02002202202000052000
20
52020002000550002220
20
02220200522502220220
20
02000000252000202020
20
52205020222200222022
20
05020000255002222002
20
00500002500020200022
20
00500022202020022005
20
20220520022200005202
20
20000222500500220502
20
00222025022220022250
20
22222200222022200000
20
00005000225222220022
20
22022250202020052202
20
00000522052022000202
20
22205002005222202225
20
22200522202202220222
20
20222020220222022020
20
25220000202052020200
20
02202222222020222220
20
02225002020022505000
20
22222222520250022000
20
20002220520522002020
20
22202222002022022002
20
50222022220222200222
20
02552020222000020025
20
22020200220202222022
20
05025220025002200205
20
02052050002525220205
20
00002202025000222020
20
00200002500220202220
20
22525000222000220252
20
02020022222002225520
20
52200022022202022055
20
22025250220222022202
20
05252220020200022222
20
22222222020222220020
20
22002002000200205225
20
05250000255002022225
20
22220002205502200200
20
22222222002000222220
20
02200000200200500022
20
50000520202202200502
20
20202022220000525222
20
02000222022220022022
20
52222050522005250020
20
02022052520022255000
20
22205022200220202200
20
25220002222225500020
20
20000202502200022020
20
25020050220002202220
20
00220222022502222022
20
20020050222520020020
20
02250225225002220250
20
20000220022220020222
20
55222025220025225225
20
20200000500000020220
20
50222222022020222202
20
20202002202252252252
20
20020022005002022050
20
02002000200025202200
20
20200222520502050202
20
22022520220022522002
20
22520022022202222022
20
22252220002002222202
20
00205222022520205020
20
02002200200202000020
20
22225250002525022205
20
02220022252222020202
20
20000002205202222220
20
00220002202000220002
20
00255205202005002500
20
22020202220520252202
20
25002000000022250200
20
52005002022502005022
20
02220220522500200225
20
02550225225200205022
20
20222000222000250202
20
05202522002020052222
20
00252200222022022002
20
22520020002222220522
20
52022252202222000022
20
22522502500020220222
20
20522200220522500222
20
50000202222002200002
20
22220220202022025500
20
22220000020020220050
20
20202025025022000205
20
22002220022020022202
20
22005502200222022220
20
00225222200202022220
20
05020020252202002252
20
00020525202022020222
20
20022225202022220022
20
20200500022222222020
20
05200022022200022520
20
20000020222025000022
20
50220205022255020220
20
20002520002202002002
20
02202000025202022200
20
02200222002000022202
20
22002002250252222200
20
22000222202200522000
20
00550022022025220020
20
52022500000222522005
20
20200220002022520000
20
00225002220022222050
20
22222200502202220220
20
05052500002002050222
20
00202002202020522000
20
20002200202000022220
20
02002220555222020222
20
05000000002020025222
20
22002252202020222000
20
25002202022552200250
20
20020002222250222202
20
20222200000200222200
20
52202500002022520050
20
02202220002200222222
20
02222200022022522020
20
22020520022002502222
20
02022052202225000252
20
25022522000525500252
20
22000022020205220250
20
20225022022022002022
20
22022022202002252020
20
20002022202222202205
20
02000222522200200202
20
05202222000022020000
20
02200002250550005522
20
22005222002050020522
20
02200022502520220002
20
20200002220222550022
20
02222000525220222222
20
22200000022002020220
20
22222222222220052220
20
02022022200220222202
20
02200200022522202200
20
20522000502000220005
20
55002002202222200020
20
02502222000022050052
20
02205020222000500522
20
02200225222022202222
20
00222520222200202002
20
22005205202200250050
20
02050025020002500220
20
22220022222500252522
20
20500005220220250225
20
05202202222500220520
20
02200000522222220225
20
02220500522520200220
20
20220000222022222002
20
22020222002250002202
20
22022020020002522000
20
20202220202022022002
20
02222000220000000022
20
02522252220220202222
20
00200020052222222202
20
02222222000222002200
20
52502020005520020002
20
22502225022000220000
20
00520220005022522225
20
02200002200002002220
20
20002222020525222520
20
22202202022002002022
20
20020005020022505220
20
00222200020200000220
20
50202200002220522202
20
02225000202200252052
20
02022022200222050222
20
20220222225202022022
20
22200000020022222202
20
00020202222222020000
20
25222220222500002002
20
00000022220200252022
20
00220002002220000225
20
22222202225202020002
20
25252052022052550022
20
20500222522222220002
20
20222002022250022202
20
52202220222022505202
20
05200202200225020220
20
00220222255002000500
20
05220500502222020022
20
05022520202005222000
20
25000205220500020222
20
00202220000500202222
20
00202252222220222020
20
52202202220052002202
20
00000500522522520022
20
00002000200022220200
20
25220200220022000202
20
22202000052222220522
20
02220020020222205220
20
00250520002002002222
20
22202502200002220022
20
00022220225022000022
20
50022252200222222002
20
22502022505050005022
20
22225522002220200200
20
22500220220202022000
20
55250252002020225220
20
22022052200200002020
20
50220025202502020552
20
52220202225520500200
20
22222200222222255200
20
20002222522002252052
20
20222225000025000520
20
22220205000225220002
20
20522202252222222000
20
05050220250020500202
20
52500022222200052220
20
50002200005022200520
20
20202222022000522000
20
22255520050205225000
20
22222200002000050222
20
20025205025020222020
20
00222002002522222002
20
25220020200025502050
20
20220222200050020200
20
20022005055202202205
20
02020222022202522200
20
22220222020005202202
20
00020500200250000220
20
02022020502200522200
20
02200200022202220002
20
50202200002000202000
20
02200522202020522220
20
05222000202220050250
20
00525050025220202252
20
22200000202022020200
20
52200505020522252020
20
02222000022000220000
20
20022522202202200522
20
00000202002222202522
20
25052522520200052020
20
22020205222025250220
20
22000020200222220022
20
22225220020202022500
20
50202202222202000225
20
20020002202020022220
20
22000205022252220222
20
02202202502520222222
20
20220005000202220002
20
00050000252002020220
20
22522202000222002000
20
50020020220202025002
20
02222200222022250200
20
02522000052220222025
20
00222020202050022002
20
02252000202052002202
20
20025202222200222020
20
50222020522222020525
20
22022022025220205022
20
22002252222202002022
20
20222250200220202202
20
02220020000250052200
20
52200202000022202020
20
02022020000522222200
20
20022050202022022200
20
20222220002002022205
20
22202200200500005022
20
00052050520022550202
20
25222050022000000220
20
00022220002202020205
20
22200555222002222050
20
02022222002202020022
20
05200202222222020022
20
25000020522222220225
20
00022202222020202022
20
22022250202522020025
20
00052022020005022222
20
02200020020202025500
20
22202222222050225550
20
22002220000050200220
20
02550022202025022005
20
22520200202200022220
20
50200222022020222220
20
02222220002200005022
20
02202250222222020202
20
00222002525002202502
20
22002255202052000520
20
22022050025002520220
20
22200052202522000220
20
02222220520022000020
20
00525220020000202022
20
50222202020205002022
20
20022552202502502222
20
02020052502052520222
20
00200200022000222222
20
00220022020502250022
20
00522022005200202222
20
00200050500520000002
20
02000500200002225222
20
02222005202222020222
20
55222022250200222020
20
25200020255000050002
20
05020002202202052000
20
20022205222002202205
20
00002020220050000200
20
22020500022200220020
20
22200022202225222002
20
50050225220220200202
20
22222205222000220022
20
22222000020020222020
20
52052522050000022002
20
02252222025222205022
20
02002222220022002220
20
20202022020002202220
20
50522020220022002022
20
22520220002220000220
20
50252220000500250222
20
22500005250202252022
20
55022222222222200002
20
00225000020200220220
20
05202222205200020200
20
52202000022220020002
20
52222022220220022202
20
00020202020020002002
20
02222220025205020200
20
20002500022020220502
20
00205502222002025200
20
00000520502205222225
20
52025222020222000222
20
20220500222202002222
20
22200020002202020225
20
02220220220020200222
20
20202202005252502502
20
22500200250202200202
20
00222202022505022220
20
20222200202200202222
20
22202052200020222020
20
22002002222250220222
20
22022000000522022222
20
20225022022202220000
20
50020020200500022002
20
05025250522522200202
20
00020002022202050202
20
22020220222552225200
20
02220252202220020220
20
02202520222205252200
20
02222000002022202022
20
25022000222220002225
20
20220200500222500225
20
25202200025020252022
20
22202022202052205020
20
02000025000200200202
20
00202222022500222520
20
22220020022250200220
20
22222222002052022200
20
02005205025022522250
20
22002000202225022552
20
22222220022000050252
20
20000220200500020002
20
05222002202550252000
20
22222202220520222222
20
00002050222022020020
20
25220220222002000000
20
20522202022222222002
20
22220502225000502222
20
22520022222222500050
20
22020220222052202252
20
02020252225200205025
20
00202200052022555050
20
00002202225022000225
20
05222020020222220522
20
02020220020020020002
20
02202220202220225022
20
02222000002022222025
20
20222222220220520252
20
02002022005220220222
20
22002222200022052220
20
00200225202220020502
20
22202202025000200202
20
50020002502202205252
20
20022220222025002022
20
20220002002222220020
20
20052020520022225252
20
22222022022250022222
20
00000202202200200025
20
22052002500222000202
20
22020200050020202220
20
52225222202220002220
20
25022020022502200202
20
22250222222002222000
20
22025202222522222222
20
25220000225202020520
20
00220222202052220020
20
22002205002202000002
20
20522222000222220002
20
00222020000002002000
20
55500202505255055220
20
02220222020200022000
20
02020052200202002222
20
22202220022200022020
20
22525020050022022222
20
20202202020005220502
20
02220205220022020255
20
22222552050205002252
20
22022020200000022000
20
52220222000000220022
20
00200022202002255522
20
20020202220002220222
20
00022250200220022020
20
52052202222002200002
20
02002022205252200020
20
02000220222200202205
20
22022202220200200052
20
00002052222002022522
20
22020550052222000002
20
20050520202222002225
20
00022205222200002000
20
00025000222002500025
20
20202220002502220000
20
22222202022220202520
20
02205002002052000000
20
02020500250002225202
20
02025222202222000222
20
00202000202220000252
20
00222022220022000005
20
00202000202002020220
20
25252022220222220222
20
00022222022222202222
20
20220220252222225200
20
05002022222520225502
20
02002200022202002552
20
22020202020002220002
20
20252220225200022552
20
22222225220022220020
20
20225052022020020020
20
25020205020200520500
20
05022202522202052222
20
00020220522202202522
20
20202202220202052222
20
50002522022220222222
20
22220222250022050025
20
20225220222222222220
20
00022252022222020000
20
02002000522220522520
20
25222500022002020202
20
22202222020050522202
20
20220220205252222050
20
22002002022222020222
20
22002220522050520005
20
50222052220222222052
20
20055252000200202505
20
00200222222500202220
20
20202520222525220220
20
02005205022220255500
20
20220225022220022502
20
22222025252022225000
20
00200225250200220225
20
00250022002200200002
20
05520520222020220252
20
00002220222022202002
20
20220022500220250052
20
02200002522252522520
20
22200022520000222202
20
20202052222220502252
20
20200200525222200220
20
20225222002225220005
20
25220250520020200220
20
20220005200020222002
20
20222222002200022222
20
52022000222502000022
20
20200520502022022222
20
00022202222052222000
20
22202202220200202002
20
25020002522020020500
20
02050022522002200020
20
02022200052022252222
20
52220050222202000222
20
02500000200205022252
20
52220002020000222022
20
25002050202205022052
20
25225222222222200500
20
02200222200055020022
20
22020000202205522220
20
25200220202202022220
20
22222225200502202000
20
02202202020505200502
20
20225222052205202020
20
22020200200002202525
20
20202220020005002250
20
22050020002200200500
20
22050502202225520002
20
00250002202252020502
20
50000222000202020520
20
22252520200522202220
20
22022002202250200202
20
25522022252222202200
20
05022225200020050002
20
02252200200025025222
20
22200002055002020022
20
02022222202202520052
20
20220005002022022020
20
22202025022222200022
20
02222052202050020505
20
20022252250220202252
20
20022200520200205252
20
02200200200225222002
20
00202050222225222000
20
50205222000222500200
20
25222000202200020200
20
50222002022222200022
20
22202205002200222202
20
22222522202220220502
20
00250225220005525020
20
20220002000252222025
20
02022050225002220222
20
22022202052002022222
20
50202052222250202222
20
00000000002050502002
20
50205000020202025205
20
22000022020222502022
20
25200002200522200020
20
05025005002200005002
20
25502220022202022000
20
00222020222000000220
20
00020000222550020025
20
50252005222502022222
20
20052222202500022202
20
20000502022000022020
20
05220052005022202202
20
20200220022220202205
20
22220202252005002252
20
02202220005000002002
20
55520022000200200502
20
22000200202022222252
20
50000222222222225022
20
52022022020005200222
20
22222052020250202222
20
52000200222222222202
20
52020025220202022522
20
52002022225200002202
20
02222202220220000050
20
02220202220222220522
20
52020200002200552222
20
20500022020020222520
20
25002502000222202222
20
02220250000222002505
20
00250205520520222022
20
22052500202022220202
20
02200200200525552200
20
00202200222222555202
20
20002002220222222022
20
00222005552220000000
20
00202202000202220002
20
22055222022220202520
20
22222502002025220500
20
50222002202022052050
20
20205022200205222002
20
22255202025202022000
20
02200222222220222200
20
02022005202052222222
20
02002200002022520020
20
52052200252000502025
20
02222502202020020202
20
20552222525022000222
20
00020252002252552022
20
22002202000200002222
20
05222052022202220200
20
52220022000200222220
20
22022220002000020002
20
02502022252522022020
20
00220205202222522025
20
00200025205520020222
20
05220255005222252000
20
05220022025200052002
20
02200202050000220222
20
20222050000502250220
20
52020520020220202225
20
02000022220200022252
20
02022222002220000000
20
20200220222002052550
20
02520220200502222022
20
52220022205222202550
20
22222020022520050522
20
20022050200225050220
20
22500225502222202005
20
20002005200252202022
20
22222250000002020220
20
52000222222220222202
20
20220020222200202202
20
22522220222022202022
20
22520020050020022022
20
02000550202222020252
20
02020000020502250202
20
05220552020252025202
20
20202500252005202222
20
22202522002505502500
20
20222222020022022002
20
20022200025205202022
20
05205022020225022202
20
25025000200022252220
20
20255222022200002002
20
22220220025220000225
20
22020202202202050200
20
00252002250550202000
20
52225022202025202220
20
02205222520520000000
20
20222202225200200200
20
25002000222002005252
20
20222220522020002000
20
22000000000200200202
20
22500222002505220002
20
00000002002000202220
20
02052255252202025000
20
22220225222200022222
20
20000222502022222022
20
00520022052222502022
20
22022025002022222202
20
22000052522022202002
20
22022002022200022020
20
00252220200022020000
20
52002022222020222500
20
22552205020002002202
20
52000022002025522205
20
22025220222000200220
20
55022220522502002222
20
00002202050025022202
20
00225220222205202000
20
25252200222022202002
20
00225252002000002202
20
00002200220200052000
20
20202202020222225022
20
20002020000202222252
20
52202020500220020200
20
02202220052500202025
20
05020522220200505222
20
22220200002002220020
20
22502222502002220500
20
22202022022022022200
20
22022222022020020052
20
22222222022055220200
20
00225022020020225200
20
20020222500002222522
20
02002200020202022200
20
22555520022502000220
20
00220222220202002222
20
20002222220022222222
20
02025000525200200000
20
20220002020025252202
20
00220502200020002020
20
20522225220220022020
20
20252220025200002222
20
22252225250552202002
20
55020500025202252055
20
02202220222200002222
20
20000022050002522222
20
22205255222250000022
20
02052252225222022002
20
02220000222220220220
20
02222250222222022222
20
22222020022022022022
20
55220200220020520200
20
20000522520220022222
20
50200202022005222202
20
22002022202020222252
20
20005550000022502202
20
22022020222520002200
20
20020222220200222522
20
22202050220200000000
20
52200200225002025220
20
25002202200200002022
20
00025222252522005002
20
02250220222202022522
20
02220022502005000200
20
00000225222222202200
20
22050220252020222022
20
00002200522205020222
20
00205222550222220225
20
20000020052250220202
20
02500205205002222000
20
20220022055522222020
20
02002522002202022000
20
05205202200220020500
20
02020002205000222220
20
22502225052222500052
20
20200200002020002220
20
22205050020522222200
20
52020500002020202002
20
22522022025020202022
20
52020002222220000022
20
02005202220200005200
20
00020000005002200202
20
00022220200020205222
20
00022020022225025222
20
25022220202202220200
20
05022052522255000220
20
22022220052025002002
20
02025225505022022200
20
22200252202222225022
20
02002005522020222000
20
50002252225252222252
20
25000222002020502002
20
20022020022220225202
20
22205225005220202222
20
52002202222222222000
20
25022520222200052002
20
22520202002520020222
20
25050222222052200202
20
20200020020025220225
20
00002025005200020220
20
00050202225020500022
20
55525200202020020520
20
00002220222522020222
20
22200020020222022202
20
22205220200002202020
20
20200202000022222220
20
00202252002222220200
20
00200200200052000000
20
00050020202050220022
20
00022200020222202052
20
20225000522202050202
20
02205222252222000550
20
52222000022522252202
20
02200222052202200022
20
22025200252225520200
20
52200222222202200005
20
50000252052200002502
20
20220002222000222000
20
02202225225225052025
20
02222252020222200000
20
00222022202222520520
20
25022202020252222025
20
20002222002222520502
20
00200220250525520502
20
22002020522202002202
20
02220222202000025002
20
00022222200220520220
20
02202525052252052000
20
00055502205202202022
20
00522505202220002002
20
00002225202022005222
20
22202205220202205002
20
20502202222522025250
20
02252500522220020500
20
25200002205200222202
20
22005222022220202250
20
22022022022220025022
20
22222200255222002020
20
25200020502252225022
20
22000022252002052222
20
20025225052020002525
20
00022202250020005222
20
02222202000222220022
20
20002002020222225202
20
20020202002205222202
20
02002502002222202220
20
22022022200200022500
20
22020020020000225222
20
00220500225205000220
20
52202550202002020200
20
02200050250252202000
20
22500202020222002000
20
02220202005222002022
20
25022052205200220202
20
02225202222002220222
20
22022250220225220200
20
22022222022005002202
20
00000202020000002522
20
00222250022202055220
20
02222202202052025202
20
00025220200220225002
20
20520022005222002002
20
02522250222202022202
20
22000222222222220200
20
02220222222552252000
20
50020222520022222002
20
22520200022202052222
20
22525252202222222052
20
02200252022522222220
20
00502020000002020000
20
25000002220202222000
20
00220002022200205200
20
02002005202522200220
20
00202000225202220220
20
25022205222520022222
20
05200000220002200500
20
20205222200502202002
20
00502222002202252250
20
25022000022200000522
20
00002005020205200020
20
00522000022020002522
20
20222020222002220020
20
00220200222022252052
20
02002222050002200500
20
20222202020002502205
20
22020002252200202220
20
02052000220220502500
20
02022022222000502202
20
22200205202222200020
20
02220220200002250002
20
22222002220025220052
20
20022222022022022022
20
50020202222000200220
20
20200202000200000225
20
02000202002020222202
20
05002202002000000002
20
22220502002220202020
20
22202020200200022200
20
02020500220022022225
20
20220520222202020520
20
02022022052222002202
20
20555022200222202222
20
22520222252202022020
20
05050520002022222002
20
00525220052022202000
20
20002220202052202020
20
05205202022225220020
20
02200220220022220202
20
22222222550002222020
20
00022220200222222200
20
20020200022202205222
20
22002000000220020205
20
22520220222050002020
20
22202052202222020000
20
22250225200202220220
20
20052220500002025222
20
20220205000222220502
20
02022222222052200025
20
20202020202222225225
20
02200220022220220222
20
22022222020222022002
20
20220020200220025000
20
00502220200002222020
20
00020200022025520222
20
20222222220025020220
20
50225022222022002200
20
25505250522022250250
20
02020522222502000220
20
00520222250222502022
20
50022000222202025022
20
22000020200000222022
20
22202002022500225222
20
20220002522522050025
20
02222520200005022022
20
00002225022022222020
20
00020500050222052222
20
20020000002225002520
20
02220220025200052220
20
25502220522522202222
20
22000050000202000220
20
22220220220252020202
20
20202005200200002202
20
20000220000202020202
20
00202200200020050222
20
22052205225002000222
20
05522222252222520222
20
00022052002222220222
20
00025222220002225222
20
22052202225050522022
20
20222022052020020220
20
20005020020250222220
20
00205505020202022205
20
22022002222025222252
20
02222222522022200220
20
02022520252202222255
20
00002202222202202500
20
00050022220002222222
20
25222200222002222252
20
22222202202222225220
20
02202220522022000005
20
00025222020050000020
20
00022002220500200222
20
50002225002220502055
20
22202002002225525252
20
22002220022020022202
20
22000202202200200222
20
02002502002225022020
20
22000000000022200202
20
52522002202000222200
20
25020222220200222202
20
20220222202020220222
20
20222020050205002050
20
02202225200522502220
20
22002020202222022225
20
00002252002220250000
20
20200200022020525202
20
02250502202005202025
20
00500252202250002250
20
52250252050222055205
20
22000200022220022025
20
22520022222202200055
20
50222022202222002202
20
22220202020022002020
20
20220222022502200020
20
52220200002002202222
20
00522005202220222025
20
02002502222022205502
20
22220050252020022520
20
00002220020525200022
20
02222002202020002222
20
52022202200055022220
20
02020000002222202200
20
22220220220200002220
20
22025022200200020020
20
22005202002020200000
20
22002222022520022502
20
52202220025005200222
20
22202520002022022500
20
22022002022020000220
20
20000022202020002022
20
02022502222002222200
20
22000022520222200200
20
22022020020022205250
20
00202000220200205222
20
02250522225222202202
20
02000200252250220220
20
20202200022002225022
20
00200202002020022500
20
22022050522500252222
20
02252522202250022255
20
22000000020052222220
20
22502202052520220000
20
02252202200202052020
20
02002220002250222022
20
20202222220202202520
20
20000220225520055500
20
02200222222025220020
20
02020002250002202200
20
20225200022002220202
20
25022252022220022222
20
02222520020252205220
20
25252202050000022002
20
00225020202200225202
20
22002022005200002000
20
50200002202220252220
20
22520050022222025022
20
22220250502222020250
20
00020200020522000222
20
22222025252222000020
20
02225000002222252222
20
22005220205200002222
20
22250055000020000202
20
02020020002000022250
20
02020222020000225022
20
02222202200220020050
20
22520220502020022025
20
20500025220002222050
20
20202202550202225025
20
05205222222020002222
20
00550220220052200200
20
00522220202050200050
20
22022220022220020220
20
52000220050222222050
20
00525220022000500252
20
52002225020205022202
20
02025222000002205520
20
20200252250220220200
20
02200020000202000002
20
22222222020002222050
20
02220020005000000522
20
00205520222020200022
20
00505020055202020250
20
22220522020222000022
20
20202020005050220252
20
02255520020022022200
20
22222200200202052222
20
02022220050222220222
20
20002000022005200050
20
00550200220002220000
20
02202220052220020220
20
20020250022050005220
20
20202002222052500222
20
00002252022520002002
20
00222222220002002002
20
22200222220000000050
20
22002525050502202205
20
22500022222000520202
20
20022005205222002522
20
02222022002220202020
20
20220200502002502020
20
50502002205020222000
20
20022052200020252250
20
00202500222522000220
20
55200222205020002002
20
02022222020020200202
20
22020005022202200250
20
20222025222202220025
20
22020222002022050000
20
20520200520000220505
20
20222002222002000225
20
02052522222022500000
20
02020220022222202202
20
22000000222522222220
20
20222500520252025202
20
22222022202000022222
20
20502020025005022220
20
02520520000022002220
20
02252202000200520222
20
02022222002000022000
20
02020220252252202020
20
02222202005222022222
20
20202222550000202220
20
20000200200002502520
20
22020022252002205500
20
22002022022002022022
20
00002520220202202522
20
00220205202020000200
20
20022552000202000222
20
05002202202022522500
20
22200220220022225222
20
00225202022522022202
20
22520020020200500250
20
20202220000002222200
20
22205002220222202022
20
00220522202252000255
20
02000225202002222220
20
20022220200222020222
20
00052022005220220022
20
22000200220002022200
20
00202002000022222222
20
20000200022522050022
20
25025022002250000220
20
02020222222002025002
20
00202000022000250225
20
50520200222200220505
20
20052202022252252052
20
50022200002225522022
20
20222202200225225002
20
20200020022022022520
20
20225022252020252222
20
52252222500220005200
20
20202252202200220250
20
25002252022220222020
20
20220022222002200255
20
50220200225020202222
20
00002200220020022222
20
02000020050222022222
20
22202200202202222025
20
20050022002020022202
20
00005050202520255225
20
05000202222000222222
20
52022022252020222020
20
52220020520000025222
20
50020002220020200020
20
20000002005220222222
20
00502200200002222200
20
22022222202020202502
20
20220202202222222202
20
22220202202020222020
20
25222200200002220020
20
20220202552000002220
20
00500025220522200222
20
00220220022200022022
20
02220222250252002202
20
02502020022202000002
20
02020022222225205000
20
02220020202220005202
20
02020202550222502255
20
50202002500020020052
20
02502000225022020002
20
02222050220202225222
20
02002222200220252000
20
22220225200222022022
20
22020020220000202000
20
02222500005022222022
20
00202205500025200522
20
00200250000202005255
20
20022202220522200220
20
22002020200022025500
20
22250200020005020222
20
00220052005022220005
20
22020225025220020202
20
22522200002502252225
20
20220022252222020200
20
22205052222022022020
20
20200222520002220220
20
50520220022020225002
20
20255000222020020250
20
20202520022220052200
20
25200022225022022502
20
22200222002202022222
20
00000022052002202200
20
02202202520202022000
20
22222225022005052022
20
20000052002002002220
20
02220002002022220002
20
20222222000020002020
20
52022200220020052025
20
20002520502502000222
20
52000022202220220052
20
20200250222250222250
20
00000252202205502250
20
22220222025252200202
20
02220520255200050020
20
22020252022022200002
20
20552202502025202022
20
02052205200000052000
20
22050020052520002002
20
00022020022000220052
20
22220000002202222202
20
20020202220205222000
20
52000202250220020220
20
52202220002222020500
20
05222022200002052000
20
02022505222020500200
20
22222250222222200250
20
20022522202202220022
20
22025522202222202252
20
25520020005502222220
20
22000000020020205220
20
02002252050022020202
20
22200200022020022000
20
02222220202200002222
20
02522022220200250252
20
00520025020200220222
20
00202000002522202502
20
50250520502222200000
20
20020002020222002002
20
02525002252522222202
20
22250222222202220222
20
20520052022022502502
20
22022020500200022225
20
00222522502002222002
20
20005205025220000000
20
22022000005200252522
20
20202020202222222200
20
22220000022225052220
20
22002005220000225250
20
25002502025002025225
20
02022222022250002522
20
00220022020020220220
20
20002052200020000022
20
22222022025202220220
20
20202020520020220205
20
02252005220522202002
20
20020202020022020225
20
20522000202522220252
20
22052220500200222220
20
55200202222250055220
20
22252205002202000002
20
25200200022520022200
20
52022255225222020205
20
20020022200020002202
20
00225200000000222050
20
22200202002222020200
20
22002020020022252220
20
20000220020002202525
20
00052002522202202002
20
25022022205222222002
20
50002025002022002220
20
22222200202522022000
20
25025225550005000202
20
22022002022202552202
20
20020222250225022052
20
50200202202222020022
20
25000022020522222200
20
00025200220000200220
20
00202200022202055200
20
50002222222020005220
20
02225202000220220520
20
20202020222202005222
20
02200020200225200520
20
22220022200222000022
20
22022222202202252202
20
02000220020022022020
20
00202500522500220202
20
22022005002220202022
20
50500202200220022202
20
52000025052220205252
20
22202050002020200020
20
20222002022200222250
20
20222002222225222202
20
50025022222022020520
20
22002500020000200000
20
02222022020502020200
20
20202020002000050025
20
02222220022220220202
20
22000220052052502002
20
05220022022025220022
20
02000222202002222202
20
02000000022020525022
20
20020000202200522200
20
55220255200222020222
20
20220220002222020022
20
20220520200000502250
20
05200022222002220022
20
20252200000002222222
20
50002222202000202020
20
02225220500202200522
20
00502002552022222202
20
20022202202020002222
20
22222222202002252220
20
00202200200200052020
20
52552522225022205552
20
20005520502022522022
20
20022000000022222000
20
22022052222022050222
20
00200522222202202002
20
22200502250020205200
20
20022050000202020020
20
00202500020202220002
20
05252022202000000020
20
22222200250202222202
20
20222502202222225022
20
20222000550200522022
20
22222222220200222002
20
50222222220220220002
20
50000222220022052252
20
22220202250002252202
20
25522020505202000550
20
22220222222002052020
20
20202222022020225205
20
20022002500222220250
20
22222520022252200222
20
22222005220220050222
20
20222502222220002222
20
22050522022205522022
20
00022022020022252220
20
22202250202022202220
20
50202222002002200052
20
02550005252000000002
20
20222002520002200552
20
00225222222220202220
20
52000020002052202222
20
22020200022020500222
20
02255000020202050020
20
25002200502502225220
20
20002225220002200022
20
00022022202050202502
20
00202020552202222222
20
20222202200002022200
20
52022225200000002000
20
22252220202222020222
20
00252225000552022220
20
22002205222020022200
20
22002202520002252052
20
20000000220250002002
20
20022505550222205000
20
00022220222202222220
20
25222000022200200220
20
20220225022222202022
20
20005205005200222052
20
22225222222000202020
20
05200222222220020020
20
02020200022220022222
20
22502252000020225225
20
20220220220222220222
20
00520220522222022222
20
22020020522202202025
20
20002502220200022222
20
20522222002255222022
20
05022002522255205222
20
50002522020022000000
20
02222022200020020202
20
22005222022222222225
20
02002200222220222222
20
22222022222200222222
20
02500000025220200022
20
20200202200022220000
20
02020200222225522020
20
50200220022002520225
20
20020002220225020222
20
00020002202252522002
20
02220055022500222205
20
02020022550205022222
20
52052020002025225202
20
50020020252222222200
20
25050250202020005202
20
55025022222020025202
20
22000020052222502000
20
20500202220252222520
20
20222255002200200220
20
22220200200550200002
20
50055220005002220022
20
00200052220500200022
20
22022222000200002052
20
22205022002022502520
20
20222250220222200202
20
20222002222022522202
20
50202000202022005002
20
52220252200000202002
20
22000022000052200222
20
50552055525022202022
20
05225520522502000020
20
20022002022022222005
20
22020252202022222252
20
22222002202222200200
20
20220205250022000052
20
00202200000222220002
20
22205202202000000222
20
02200522022250002200
20
50022250052500225200
20
02200205202022055222
20
00025220202205252550
20
22020020552022200002
20
05002222502002220002
20
22250022022220022000
20
52202002052005002022
20
02022002220022000522
20
22000020222202520022
20
02252222222220002002
20
20200520020222222200
20
00202222202050205220
20
25022000222020200200
20
52000202022200202002
20
02000000202225225205
20
00022050002250022220
20
20220022202022025000
20
02002002022220200202
20
00220202002020502022
20
02205200222022222055
20
20202225022020522202
20
20200220000205050220
20
22502505202000220502
20
25252500050022050002
20
20200020000252205522
20
02220000020022200022
20
22205020052002002222
20
05222050020022220502
20
00222220202002222022
20
02022202205500200502
20
02202222222202005002
20
00502222205252002002
20
22000025022000500002
20
22200225020502222022
20
00222025220202500220
20
02020005002202202205
20
02220002225220000202
20
00522520202200222222
20
02022205202022222522
20
00002502020202200002
20
05205220222200222220
20
22222005022220002052
20
52502022222022005222
20
02220250002022052222
20
02020220202520222000
20
20220220222202022222
20
52222252252052202550
20
52022200222222222220
20
20522222000502205000
20
00200222002222022002
20
00202520202500000002
20
00020250222020020222
20
22000522002222222022
20
02222520020022052020
20
00202222202252020200
20
50022000202050050202
20
00220022550220000202
20
00522220222000220205
20
20000202200022022225
20
02202002202250002020
20
00000050222220022022
20
20202202022200022250
20
05020502022222020000
20
52222520220000000020
20
02022202000002222020
20
22200522200200552500
20
20225022222220205222
20
20200222202005220220
20
02050200022225022520
20
02020220002020052222
20
22220205005520220222
20
55222202002002202220
20
22222022202002550020
20
22222222002000200202
20
20500220000202202202
20
20222050205022252222
20
20020202222520202000
20
02005200202022220220
20
20220252020020222225
20
02222225000000202205
20
25000050002002005202
20
22220022220052200022
20
00225002022002522020
20
02200520002005222222
20
05220225022200020025
20
02205205052205200500
20
52020000252205022250
20
52200502200022200002
20
22252220502002220022
20
02202220200250200022
20
50220000000022020022
20
02050252205000222202
20
22022252050000202220
20
02022220200220202222
20
00002022222202202000
20
00202222225505220220
20
22222250000002022222
20
20220025205500022202
20
20225222002222202525
20
55220022020220220202
20
22222202220050225200
20
00202000200200225220
20
02202200000002002200
20
00520220222220022220
20
00222225022222025225
20
00022222520225220002
20
22202020222222222202
20
22222522022525220022
20
22022020250202002522
20
22222200220202222522
20
55522050020020222522
20
20225022000220002222
20
52200220202052222200
20
20252202222020222020
20
02200222202025222202
20
22222202500500200002
20
02000502222222020002
20
20200022000222022022
20
22002200020222002222
20
22202222250222200020
20
25022020000205200005
20
00202222050520505202
20
02050220022002002225
20
00255002000522000225
20
02200002225222502020
20
22200000050022050000
20
00022002202220002022
20
22200022222502022050
20
00000220225222552000
20
22200222020022222022
20
22055222022020222252
20
22222022502220022202
20
02202220222022002205
20
52222222200202202002
20
25222225222220220222
20
20222222002202222220
20
25022002020025505020
20
22222022252520502202
20
20202202002052220222
20
22202200220002050022
20
02202020500002002202
20
00222022202200220502
20
00022002025020020220
20
22525022020002020020
20
52222022222022252225
20
02200025202202225205
20
20022020222020202020
20
22002200220005222002
20
25022002220202220220
20
52500022022202025020
20
22222222022200022002
20
20000220500000202252
20
50220202222500202025
20
52002025022222525225
20
02200225022022002202
20
00200052250200000222
20
22005022022200222200
20
50202250220202022225
20
22022520225022220022
20
20222022222200220220
20
22022250200250220220
20
22002000220200002220
20
22020220222220502202
20
25202252022002222225
20
20502005025222220002
20
00200255002220250220
20
22202522050502222200
20
22020222222220200200
20
22222222022022020020
20
20052200500202202220
20
25050222502220205222
20
20002202022200500020
20
25022220220002502222
20
20222052252202200020
20
02052002005200202202
20
00022252022020002200
20
00222220200020222250
20
25022020005205205022
20
02052220022222252225
20
22220020220222022200
20
00202200520522522222
20
22252220522202000202
20
22502022250252522250
20
22000202220022002202
20
20500200525002220020
20
00205502022200250020
20
00220000200202020050
20
22022252202002225022
20
20202500200020002000
20
22022200225220222020
20
00222020200055005220
20
20020002225002222020
20
02252002202222005002
20
00550520205022000520
20
20005202220502220222
20
52022202022000222222
20
20220022200222200222
20
50205222022222220222
20
20002502522220220255
20
22222022202505020000
20
50055200200225200252
20
20200002222005220022
20
22522220022220202200
20
22202022002222202520
20
20020052250002022225
20
22525000250222000022
20
02222022202222002220
20
20202022000002222200
20
00000550200002222220
20
55205222202025222022
20
20222522220025000002
20
22202520000200220202
20
22000202225202022255
20
00220522020202000252
20
20000002520220002252
20
52025520050222020000
20
05222220202205220000
20
50225052200002502022
20
20220252050200222220
20
00202222200025220202
20
02202220222020020200
20
20250002250200220020
20
00020022250022250202
20
02222502200000022020
20
00200252222202220200
20
22002052200222525525
20
52000522252222200222
20
22052225022205025020
20
20025220050022222522
20
22202220500202002222
20
22020250220222022200
20
22002222202202050250
20
22502052022020520220
20
22020222222250252220
20
05205050250220502202
20
05202222522220022220
20
02020022005502002250
20
00050002250200022020
20
02020022222200022002
20
00200220502020200022
20
20202200202005502220
20
50222052022022020202
20
22250222000205222522
20
02020222522022222250
20
02022202220520220202
20
22205202552052205250
20
20022025002000222002
20
50002200002002525202
20
20500220202020022202
20
20000222222020020222
20
52022522052222022522
20
02022022020200202220
20
05020525022200225522
20
20222200022202022202
20
52022002502200002222
20
20200002522002220202
20
22250202202002220220
20
00250020200202000002
20
20222522505200050202
20
50522225220220200222
20
22220022020205220020
20
20520520022022222202
20
22522222220525202222
20
22222202022552022020
20
50222222222220522002
20
22002252050250200250
20
20202220202220222252
20
00000022202255200002
20
20020000052022202225
20
22220202202520002200
20
20225220000520222020
20
25200202002022222022
20
02522002022250002002
20
22022252202222250220
20
02222020000055002200
20
50252000222052022202
20
20202200552250222000
20
22202200220022522200
20
00500202522020002202
20
52522050002202005225
20
02220222005022225052
20
05222522200200500222
20
20525202050255522000
20
02250252222022220250
20
22000022200222020022
20
22022002222200020020
20
20520000000022000000
20
20205202022202022200
20
20220002202052500520
20
22200222025220502205
20
00222500220520225250
20
20202000222022220022
20
02050222052222200200
20
02002222222020220220
20
20002200202220205202
20
22222002220002505052
20
00002220222222520020
20
22252020220002002220
20
20000252202220202202
20
20502222020202220225
20
20052052522252552022
20
02502202052220022502
20
22500022205222225222
20
22202222022000200252
20
02055205200000520505
20
20222205222520222005
20
20050002222502500202
20
22522005025250022002
20
20022522002520022502
20
02022000222502222200
20
22022205202252025225
20
22220022225220222025
20
02020220005250020502
20
02022002000520202225
20
22550202200200220502
20
02205202052022220202
20
00022250202002250222
20
22520202200220202002
20
20200005220252000022
20
22225005005202502002
20
02200020000220000222
20
22225202050022200202
20
02020250202252025002
20
22022220022552000202
20
22202005220205222052
20
20202020220205222522
20
55005552025222222220
20
22222205202225022205
20
25520220020020502200
20
02202205020002252222
20
00502500020522025220
20
02202202002220202022
20
02220000252000000022
20
22220022520252020252
20
20502220220222202202
20
00522220220052222522
20
00202200022222222002
20
22222002520222050222
20
22002225202252222022
20
22055220202220520202
20
52022502005022002200
20
22002505020000222200
20
22200222222220200220
20
22222220025025220020
20
25052200020520520200
20
00202022520202000220
20
50220022000225250020
20
02225025202002222202
20
22020202200250225522
20
50255020020000200202
20
22222000502222202022
20
05002222502022550205
20
00502522020222222202
20
22220222002220252222
20
22050252220220020205
20
05000000222220022222
20
20205000202202025222
20
02022222202000000202
20
55222252200202252202
20
00022222020252200002
20
05202002000220005520
20
22200022220002220252
20
00222002222020220022
20
00000202025222250220
20
02202022500220022000
20
00000200222220202200
20
00255520202022200000
20
05000552220002220022
20
05222050002220002002
20
20020225020225202020
20
05222220250222002022
20
22020002020220520222
20
20222202252222000020
20
00220025222022025022
20
22020202525220000202
20
22205020002022025000
20
00020252205022200502
20
20000520222255022520
20
00000202222022502200
20
02522020022202500525
20
00222222000222222052
20
52200020225220202220
20
25200222222225205022
20
22220202002200202202
20
20022002022020022050
20
02000022022222052022
20
02022000202222002022
20
02220200200220255002
20
02220220222522202250
20
22220025022020220220
20
50022522202252202522
20
22222020202222202255
20
20022052222200020202
20
02005020020200202202
20
00222520202225250022
20
25522550020020002200
20
20022500005222000220
20
50022522222522000222
20
22200020200020052052
20
22025220222220050000
20
20020502205220200002
20
22052225522022205202
20
25222250205220220222
20
02205505205000002200
20
20022222220222220022
20
02020020020205222222
20
00000020022002022200
20
22222200022220500220
20
22202202022222200022
20
22200055200202000000
20
02000005520052220002
20
55022500222222005220
20
02000222205002220522
20
02220050222020225205
20
22022022020022200000
20
20222020220202222502
20
22225502020225222022
20
05002020002002202222
20
25500520002222252220
20
05202222002220002225
20
02000002000220220202
20
05222205522000025052
20
02005202022222220000
20
02020202252050200220
20
20500222225200002252
20
20022200005222550200
20
52500552050220002222
20
02220022222205022520
20
25202200202002220020
20
22202222050252002220
20
02252022202200000522
20
00020020222220222225
20
05022200022252022222
20
22222220022202500220
20
02222202202202002202
20
00220020522020222220
20
00022220220220502222
20
20220222000200000200
20
05022000020220220255
20
22200502202022000220
20
00200200020022250202
20
22055222200522020250
20
20522220005022022522
20
22252550220000550222
20
22000225220222200005
20
22002202022000250250
20
05202020020502020200
20
20252002520220025202
20
20220222020222020550
20
02022000005200200202
20
02022200220200222000
20
20222020520200220220
20
22220052202552255020
20
22202002222222005225
20
02505252002500222222
20
00022022202220222252
20
25222202020202222025
20
00200502005205222002
20
02202020202220552225
20
20200022520002220522
20
22220225052255020025
20
02552220200550200202
20
02002222002220222020
20
00222225220202002020
20
25000022200020220025
20
02225502202220052500
20
00200222000200022500
20
00022022000202202200
20
55220222220002202220
20
22522520052252022222
20
02005050220002552222
20
20200000000022222022
20
02020020020002222250
20
50005002220202022220
20
02002500222222000505
20
02022022200250222200
20
00222022205222002022
20
20200202500222002020
20
20202002020222520222
20
22052022252002220200
20
00000200022520002020
20
52200022252050202222
20
22002002200000225222
20
00050000200250222250
20
22522222200222022225
20
22005002202222222205
20
02022022022000220222
20
25220022250200222202
20
52202525225002222022
20
05250225202200500202
20
20525200222022222020
20
02020222252000202202
20
22222225002222002200
20
52000202222025550222
20
20222225222222220225
20
02205000022222202202
20
02252220002005220200
20
20222220200002502200
20
22202002202202250202
20
20025222002220202220
20
22020220200050202220
20
20205000225050202055
20
22200202222000220020
20
02225252522200000000
20
02002200052002202202
20
05220022025005222550
20
50202220252250000020
20
02252222520222022220
20
25202002225220025500
20
20200502222022500050
20
20200022022225200225
20
52205520250502202022
20
22022222500002000202
20
52000020520502002020
20
20002250522002222002
20
20222000220022020550
20
22022200220220250020
20
50202520202202252502
20
02222002025222222222
20
00202200220020522552
20
00020020022222250200
20
20200222002222052202
20
02020220005250200222
20
22202220252022222055
20
02202022220202202025
20
50250002222020000052
20
20022022025220202222
20
02220000020200020000
20
22220220252202022222
20
25000200220220020022
20
20202222202522200500
20
00020000000002002002
20
22020222020222550222
20
00222250200522202022
20
02220252220222200202
20
25002022220202200205
20
02520022005202222022
20
00202002520025200220
20
52002520202050252222
20
02000202000522225022
20
00202252200022222220
20
00200020500202002020
20
05005020205252020552
20
22250225052202222000
20
00025200205222222022
20
20220222020202200020
20
25225220222022022005
20
22022202002250200020
20
00220222002222220222
20
20020220002200020252
20
02002252020200020200
20
22202002020505002222
20
02222200020020252222
20
00220025002525022002
20
22520220222222000202
20
22222205252202000200
20
50220002222222020225
20
22000202002202000000
20
05220200555522220202
20
22000202205002050222
20
00205220220252025022
20
02020202200000000220
20
25020000522005052020
20
02022222202002222052
20
52220205055200202205
20
22022002055050022200
20
02502055222002022000
20
02022022025050522022
20
00050025202522022002
20
20220202020252200002
20
22022000222022000520
20
22025200225205055250
20
22205020255022225022
20
20252020022000222000
20
20220220200000200025
20
52000022222002202000
20
20022222255222002052
20
20222200222002022022
20
22222200202202202252
20
25200520022022025002
20
00050002500022200220
20
02202020202022220500
20
20202002050002022020
20
22022005202025002025
20
02052020050050025222
20
02022002202220020252
20
25200000222202200500
20
25200002022025220225
20
22000225550052220055
20
20005200552520005222
20
00020202020202255022
20
20202002022202000220
20
25022225205022055200
20
02205500220002202000
20
00225522220222050220
20
02000520022222050000
20
02020020220002200525
20
22220555222220205000
20
20502222522022002202
20
22020550220502000020
20
25202250005000020220
20
22200000250002020200
20
22052202052052220222
20
00220522225222222025
20
02522222250250500202
20
22522002252222202200
20
05202200220202205002
20
20022000220002005000
20
02200220200020502520
20
52250022220202200002
20
00522252052000220220
20
02505220022252202020
20
00200052225022222002
20
00220205525222252202
20
22000022022222520000
20
25222220052020200020
20
25020250000200220002
20
22200220005025222005
20
05050222222220520222
20
02052200002200502022
20
22520025022225222202
20
20252202200220005252
20
02202200220025222220
20
20225222200252252522
20
02202222002222025022
20
20022052022020020000
20
20200000000220202020
20
00222200000200022200
20
02200222500022025252
20
50525022200200200200
20
20000552000020200022
20
20522520220002222220
20
02205520002222250250
20
22225220002550022205
20
55020222005000202000
20
20500025222052202022
20
20020022052222002202
20
52005222222022202222
20
22022020002502002005
20
20002200220250222220
20
02220002220522020222
20
20502552500522000002
20
22202222222005502022
20
02020222222255200250
20
20222002020502222222
20
00002020202002020002
20
20025022520522052000
20
00020220200222552020
20
00002020052220020202
20
02220225025202202220
20
20000222220222022022
20
22200200000202002222
20
22520000205202005225
20
22000250202022220022
20
25052202022050000222
20
02202022522205222252
20
02220020002000200222
20
00205020022022052225
20
25222222250520000220
20
22200202222002002052
20
22200500205202222222
20
00222200222220000022
20
22522022020020002000
20
20200520250222202220
20
00202222002005202500
20
50202002222520220222
20
50502025222000022222
20
02000205202500225050
20
22022222222000200002
20
20222020220000500220
20
02500222000200220520
20
00202202000222002220
20
22202220502220022050
20
02000200020222220022
20
22052202020002205005
20
02002252000022225220
20
50222000522022020202
20
02005000222022222002
20
22200002520022200002
20
02252225020025202025
20
20022220222020002022
20
00522200055220200005
20
22020500252002000220
20
25022202202202020225
20
52000200000020022022
20
20200202520502252050
20
20000052002202205220
20
52202220020202000022
20
02200502020020525202
20
00202020222225522002
20
20220025022020502252
20
00050022202002200020
20
00002002220002200202
20
22020220020202200250
20
20222520220255050220
20
20552000200520500200
20
50022205220022052200
20
00220502222502220022
20
02020022200202020020
20
20225000002022202020
20
22202022022222005200
20
20255225020002522052
20
02222220025222022205
20
22002202200002002220
20
00222250022520222225
20
00022220022222225222
20
02002252052222020205
20
20220220220222222250
20
20002205055202502000
20
55200222022500002225
20
20222202000205020200
20
20202220220520022520
20
20220022220522202002
20
22200205220025250202
20
02200222022022200000
20
20222220222220220202
20
02000252022222220020
20
00000000022000002022
20
25220022225002020202
20
00020200202022002022
20
02222022020520222022
20
22250225020525002002
20
22022205200202002022
20
02000022202222022220
20
22020502050022220522
20
22200200022502220202
20
22252022000252002222
20
02222022022200220020
20
22202252022022022000
20
02522002202205220000
20
20500000202222000052
20
22022200020002200002
20
25202222222222222022
20
52000202502205202222
20
22000020052020222000
20
00022022055222052220
20
20022200500220000022
20
22200502202202202020
20
50022002020222002520
20
22225202520205222222
20
20202202022222022052
20
00502222202000252200
20
00522520020022022022
20
20220522200500020022
20
02222002022222505502
20
00222002050025002222
20
22022200222220252202
20
22225225220200200225
20
25022220202202002202
20
02020220020220220222
20
20252205220250200020
20
25200200200202205252
20
20220000222205002000
20
02520222202202022222
20
20022052200220505202
20
00020002052002020000
20
05202202200222050052
20
20202205022220022002
20
02222020220022020205
20
22202020522000020225
20
20202020505002522005
20
02222000220222222005
20
20505220022022025222
20
22222220200020220050
20
22222522020220220222
20
00220200055555022222
20
22222220222022022220
20
02052002022020020200
20
22002002202220002022
20
02020252222202200002
20
22200220222200022022
20
20222002222220220022
20
00020020020222000002
20
22220050502025200225
20
00022002022022205200
20
20525220022202025000
20
00000202022052220550
20
22200222000020222222
20
52202025220002202220
20
00552002200222202020
20
02000200000022022520
20
20220200022020222202
20
22002022522222002222
20
22022222252202522000
20
20202225020020222220
20
22250002202052222002
20
22022022000502220022
20
22022050250222022050
20
20000222002052020222
20
02522205022200250222
20
00222022020000200000
20
02200002200502022202
20
02500222022020220222
20
02202202520502202522
20
00220020222220202220
20
02002222202022202055
20
00022222020000000225
20
00222202000000002222
20
05200200002202202200
20
22050000050002205022
20
20202200000200022020
20
00202020005202252200
20
02225000202505220052
20
02020022200522200550
20
02200522522002022055
20
20022202020222002022
20
22002025000225002022
20
22205202222225055220
20
00022200200000202202
20
22052002205005202055
20
22000550220202220020
20
22220202200202220020
20
50200522202202000252
20
20522202200000225202
20
00200552222052500252
20
20202200222220022022
20
00205202220252200000
20
02022022220022220002
20
00252020550520020520
20
02022200202500020005
20
20500025205220022200
20
22222202002222202020
20
20002520250200002025
20
52000220502520020222
20
02020002520522222200
20
22052002005020002025
20
00220222220252222225
20
50522205002202022022
20
22522022222022022200
20
00020205220255020022
20
52222200022252500220
20
22202202220222220520
20
22522222222222525020
20
22522202020000025020
20
22202000225252000022
20
00500020222220502222
20
20552002502205220522
20
02022022202002220202
20
00005002025005000002
20
25220002052005222200
20
22220502250000022022
20
00000022252522202055
20
50020205252022202220
20
05000022220520520222
20
52000500202222002020
20
50220000522000022220
20
22000500225520222052
20
00220222202222025020
20
20525220202222522022
20
22222500200025020200
20
50220222222022000202
20
20000252005202222222
20
02550202002222025225
20
22022025002020225252
20
02502202020220252000
20
20000200222200022050
20
00222200002200502220
20
22202002200000000022
20
20225220005220202200
20
20002220000200522250
20
00022020220020220555
20
22202222025000022022
20
22020002202202002502
20
20200220255520202202
20
20550022022220522200
20
20020222252020200222
20
22250222022252002202
20
52202522525222022002
20
22505050022220205202
20
02220202522052220020
20
20020222220020222202
20
20500220225000202222
20
02252252222000522222
20
00022022025022202202
20
02222222220020002202
20
22225225202202202200
20
20002050002202005252
20
25222550205022022000
20
52000202222020002250
20
25220200022500225220
20
20200222050200202022
20
00005222002205005220
20
22222252202020020502
20
00252252020025520222
20
02022050022000002222
20
02202502002022002202
20
25202002022205222020
20
00500002222050220200
20
52020000222205055000
20
22222002550050222002
20
02025202222220522000
20
22200222020020222222
20
02022000002000225252
20
22222220222022000022
20
22222000025050205520
20
00020205220222220005
20
52002222200020220220
20
02002200202200250202
20
02002200002020002002
20
50022222020052202525
20
20202525020255200220
20
22220202522220002222
20
20202200005200002022
20
22502022050222220002
20
00052022020252222202
20
52002000000002522222
20
20020222220200222020
20
52225520005000200050
20
50050020052000220020
20
02005022200522022205
20
20205020252222002025
20
52222055220522050222
20
22022052520022000225
20
00222502520005022002
20
20002202002202220000
20
22020002220052002220
20
22252225525200520525
20
00502000205202202002
20
05222002222000222025
20
22022000202052020200
20
22022552222202220520
20
22005502252025002252
20
20022222052202020020
20
00205002552020505022
20
20200022220222050000
20
20002220220220520020
20
22050002252020222522
20
20020005222220202250
20
20225252022252022202
20
02250222200000020005
20
02220222250055200052
20
00020202520220522005
20
22025200202202055200
20
02522505200252005220
20
22250002000520002002
20
00222202002022200022
20
52200222220002200222
20
02002222002000000020
20
02000220202022522005
20
02222002020000000222
20
02022502000000052020
20
02222002520000522500
20
00022222000002020000
20
22502202000205200222
20
00200022202222225222
20
20502202052200220222
20
20000250252220222002
20
20222522200022220202
20
02050022002002000052
20
25220222220000200220
20
02020222022200550202
20
25222200022500020000
20
02520220220222220000
20
02022250502220505200
20
02222502200220022222
20
22200520022022002000
20
52022202222222252022
20
02200222005022225225
20
05002520002500252200
20
20022252020202022202
20
25220222052250202002
20
50025022002002252220
20
22052025022200000022
20
50502002520002002222
20
02225020250002222202
20
00022500222222002202
20
00200200202022220020
20
20000202200002202000
20
20225055020222522225
20
52250202022220222505
20
00050000222220022050
20
20020002222020202022
20
20520005205225022225
20
25522022000220222022
20
22022020220055220200
20
20220502002022202022
20
00000020205520002020
20
00202222022220205005
20
20002022220020025202
20
22020502202022502052
20
22000052052052220222
20
52220002002202020005
20
22222222220000222000
20
02022025225225220202
20
20220202002222252202
20
05005202222520222020
20
22520225222002000022
20
02025055020000202022
20
00222522022202520200
20
22202222220022222202
20
00220020250022020000
20
22222205200020002220
20
00222005200222220202
20
22202202205000022225
20
50202000025205202250
20
02222205002005025250
20
02202000222020022220
20
02222020200022502202
20
25225220002052522222
20
02225202220020520252
20
20000202200202000005
20
00020022502000202205
20
02220050222002222222
20
00002020022522505205
20
25220220222002022202
20
02220222022222222002
20
20220220202202002552
20
02002005502252002200
20
00222200220252025202
20
00222000202022220005
20
52022200002220002200
20
00052020252520022500
20
20202202220022052200
20
25222205020002502552
20
02225000225220222550
20
22020005222222200020
20
20220205520020550200
20
25220200000000222005
20
50222022222222020222
20
02252250022222022022
20
20005200222222200220
20
00020052222552200202
20
22220022200220002002
20
20202000055222502020
20
25050502055202220222
20
22002202502005222220
20
22000205020022020500
20
22022502525022220555
20
05020220500522220200
20
20052225252020520222
20
00050222252000002000
20
00220020200002202252
20
00222202000200000002
20
20220022020222220202
20
02200022222022202522
20
20250200202205050005
20
22000022222000200052
20
25502000222220250250
20
22200020020222050202
20
22020220220222200520
20
00222222202222002252
20
00202025022202002000
20
02025002000200000222
20
25252220252222000002
20
02020520020220250000
20
50020552500502222505
20
50202020202222000055
20
22202520202500200002
20
02222250025022000202
20
02050222222252202022
20
02022220022500202252
20
05022502020020020000
20
22020502502022005222
20
22502222222200222200
20
22220222202220202252
20
00200222020000500002
20
00252225202002202022
20
20552220202052022220
20
22020000005022022050
20
20020020200222505505
20
20502020525200002250
20
22200022202222202022
20
22200222522522552520
20
25220205502050200200
20
20005050005200052020
20
55202220002025202020
20
02022002222005200022
20
52002522025052520202
20
20022022052220222202
20
22222020022202222022
20
22222220022022022002
20
25522202222202052220
20
50250225200220220220
20
02222222002005225022
20
22220020222022000022
20
00220052522220055202
20
22550252220205020020
20
20002205222020222205
20
02022222522200255220
20
00002220022052022202
20
20220020222225220000
20
20550202222220000202
20
02502025250002202502
20
02220222222225202050
20
52200225222220020222
20
22520002500020020200
20
02002050050022220200
20
25505252222200222500
20
20020202000222222222
20
20052025202222500222
20
02000000022000050250
20
00502255022005202222
20
02020202002020052222
20
50022225222200052250
20
22005020022222522222
20
00020022022000220002
20
22202202000252022500
20
22020252252200202522
20
55220025200222000252
20
25220250222025000202
20
20002050020022225000
20
22000250250022502002
20
22222205002520020202
20
22022000000025222002
20
02020222202222220000
20
00505222220250550052
20
00220202020202050500
20
22200202200000250520
20
22002200020025222205
20
22502222020002000020
20
52002500202020020000
20
20022250202202220202
20
22002220052222020222
20
20202200200522522000
20
20002252200222220022
20
02202225200022020220
20
25020200250202222020
20
00000005222552202050
20
00255220002250022522
20
05502020002250022200
20
22202222500202520202
20
50220220200202000022
20
50522220200220522220
20
02220002020020020200
20
00020502220225002550
20
25005502200522200205
20
52225022222020250002
20
22220002520050225022
20
52000222202202000022
20
00000020022000202200
20
02225200252022202522
20
00202200002222020022
20
00002220202202225200
20
05500220052200250052
20
00220020222050220000
20
02200052002002222552
20
22052520222220022050
20
22000022222220202052
20
02222002202020222222
20
22220202220225000022
20
02002002002202000250
20
22000225202220002002
20
00220222522000500255
20
00220022020225022222
20
00222000222220050025
20
00022022000202220000
20
00020250002220220202
20
20222025222052200222
20
22502002002002022222
20
20222522000522200255
20
22205000000502022200
20
22025222022250022200
20
22222220202222520220
20
22202252202252022225
20
20002202522220222222
20
05020220000020022502
20
02220220202202055022
20
52022205220025200005
20
02200520020025520025
20
02050202002500255220
20
20200022020050222200
20
02500202222000022552
20
22022000202002200252
20
00225250200202220202
20
20220202200050202022
20
20500252202220022020
20
05202502525202000202
20
52022522050250222002
20
00202000000200225002
20
02022052005202220200
20
02222252205200022025
20
22002202020525222202
20
00020000022005252202
20
22025022020202220000
20
02202200220002202222
20
00002525222020002250
20
22025222220202222502
20
20002250022022020025
20
22220222522205252022
20
22202020220222522552
20
00250250020022252002
20
22200202222250502220
20
20220552002222020000
20
02022022222202020000
20
00220022200020022022
20
20205200002200020222
20
55020520022020222005
20
02002200222000220225
20
00552200500222220525
20
20020220022222225202
20
02522202002220220502
20
22222020050020022522
20
22020222222220200220
20
00222202202020200200
20
20222022200200222222
20
02000225000200222200
20
50200050000052052250
20
02220222220022200022
20
25550502020020202202
20
22022202022200022052
20
00202220205500502022
20
00022225252002022220
20
02222022020002002225
20
02052005202000025025
20
02022022200222502220
20
02525200022202222222
20
02222222020020222020
20
22520220202252202220
20
20225520250200000500
20
02222222022220200002
20
20202220025020020220
20
22020220050252050220
20
20205200022052022200
20
00022200020202202022
20
20200202222002520202
20
20222202202000052002
20
22222020020220225022
20
50522022202202200020
20
00205020522200025522
20
22220020202502252522
20
50222002220220005202
20
22020500202052050202
20
52222220202222022020
20
02200502520220222000
20
52202222000002000020
20
22222220205202252220
20
25202022055020520525
20
22222222022220202020
20
05002522220220222002
20
22020002250202222222
20
22502022002022252220
20
22222022020202222200
20
22020050200005022222
20
25025502252222200022
20
02222222252020202220
20
22020220002050025220
20
20020000000022202220
20
52522020200020222002
20
22020525202220500202
20
00250002022502020222
20
22202050222002220200
20
22202022002202220022
20
00200002202222202200
20
02252225222522200250
20
00202205022520222022
20
00052002220020502022
20
20520052020225002002
20
20002222222052020002
20
22005222222020022222
20
20050222222225020022
20
22052002022200500022
20
22022052052022505020
20
22002522022522002020
20
00222502002550025002
20
22200220022222220200
20
22022005055022222020
20
20000202025000522202
20
22022202520202220255
20
00220000020022020202
20
00000220202022200522
20
02022220202222502205
20
20022222200222222002
20
52220202052025000202
20
22022220222220222200
20
22220022002000000000
20
00200222200200020002
20
20052220520222002050
20
02022200000220520250
20
02225222220220522202
20
22000252202202502000
20
20050000000222500052
20
50220202052220205502
20
05222500202002200002
20
52000222220025025222
20
50222000020002000520
20
02202002020225022200
20
52222002225252222222
20
22002222005000022050
20
02022022525222222252
20
20222000222222200050
20
00250022500220202000
20
00202025022202222200
20
50222000202022002020
20
02502000002202022220
20
00050025202255220052
20
20202252222000205202
20
20222020020222252002
20
22200052052000020200
20
20222200022525202200
20
20200000200025225000
20
22220202222025200502
20
22220022200220222222
20
02220002220220505205
20
20220022050225500255
20
25202200020200522000
20
50200502222022020002
20
00200222052025202222
20
02050222222020220520
20
00202202222200020220
20
22022202020222022022
20
02222022022000022250
20
20202222220222222000
20
22252002202000505255
20
22522205000002222220
20
22000202202220222005
20
05200202002020220022
20
22220002200022520022
20
02225050022202522025
20
20502022050200002220
20
22052002222205225222
20
22000000222200222022
20
22022222522000225500
20
52022002220200222002
20
20025252502022005000
20
50220202222002250022
20
52522220525225522022
20
02025502520252202022
20
00020022200200522002
20
05052000002252222222
20
20020002222050222022
20
20020222222002222222
20
22222252220055052002
20
20220202202202020025
20
22202220202002200220
20
22202050200002052250
20
20002202025222220025
20
02222250252020502222
20
20000020200200222222
20
02525022202000222025
20
22202202255022202252
20
20220220020222255052
20
22252500022202052200
20
00202022202200220200
20
02222020222020202200
20
22220022222502025220
20
00002002222022200255
20
22002202002200220200
20
20022220002220220052
20
00202020220000000002
20
02202025202022002222
20
02200222200000005000
20
20022522222225020202
20
20202225522202252002
20
00220022522222022202
20
02220002020220202222
20
22000022222202020000
20
20522022002222522022
20
20005220020200250220
20
20000000020022222022
20
22000000222505522225
20
00255050502000222220
20
02025200002205022022
20
00220220022250002225
20
22025200222522222022
20
22200252502222020225
20
00052022222220002020
20
25202252022000522022
20
22220202002222220050
20
22250220202002200220
20
00050222250222020002
20
22020202020202050202
20
22005222002522255220
20
02222020000200005020
20
55022020222022000222
20
20000220005505020225
20
00022200200220020220
20
02222252002022020202
20
02020225022022025225
20
55222255252022222522
20
50050005202000002220
20
50200025000222200002
20
00520000202020200222
20
52552220222000222025
20
00222020002220220022
20
00022002202252252520
20
20220220222002522220
20
22200222022220025225
20
22002002200202252222
20
20000202022000025222
20
22020522202522255220
20
22202002520000002000
20
20022550200552522222
20
02220252002022050220
20
02225220202225022520
20
02220550222025220000
20
00200025222220202022
20
55050222002220200000
20
20020005002220200222
20
02505020220200022222
20
22520202200002222020
20
22500200200222220202
20
20020022222522225025
20
20222525200520525022
20
02002522202005000200
20
20050222225250220222
20
22255522252222002552
20
22222000220222002022
20
22000200220220002202
20
52022202202225222002
20
02522220200005000052
20
02255522020222222022
20
00222500022002222250
20
05250200200000020200
20
02002022220025222200
20
20225020002020220220
20
20222225200020202020
20
22022222252025020220
20
00022000500020020022
20
22000220020200502220
20
50222002502222502222
20
00222522200200220252
20
05022002020200020522
20
25220000222005522002
20
00220222202205502202
20
20200222200222022025
20
22025522052205552520
20
20200252002222500222
20
22200225020500202200
20
05022222002000205225
20
02222225002202250222
20
05022222202222222022
20
25202505022202222222
20
22202022020222205520
20
20225025500052020200
20
00522202252022202020
20
00525220002222202205
20
20222252200022222002
20
02250202252002225225
20
00202255200052222020
20
50200025222220222000
20
20025000202052222002
20
02002020000222000202
20
00202200222200500222
20
22200000202025022205
20
02020000000202020220
20
20250222022222050022
20
20022222052202202202
20
02520202022202200002
20
05002520222200222202
20
50020252220020500000
20
20225022025050202200
20
20222502522202522502
20
22220225020220022505
20
02022055002002520200
20
20055022250220202222
20
20250000220252002205
20
20022022022000222005
20
02220220020200222022
20
00052000202022220520
20
22202222255220222520
20
00022202522020220220
20
20020002220225225220
20
00250020222202022022
20
22220020202002222252
20
00220220002002250502
20
00200202200022222055
20
02200050002200050202
20
22020002205055222050
20
02525222222002200252
20
20005022220202002002
20
22520202500222202202
20
00222202022000202220
20
00502200202202225200
20
22220222020202250025
20
22522200025020222202
20
00005020205225522202
20
22022000022020200502
20
02022200250022020000
20
20022200500000202505
20
22522200022002022000
20
22020220050020022500
20
22022005502022022220
20
00050020200020022000
20
22052202002020200022
20
52222000222220525002
20
22200525002220202200
20
20500222220222222002
20
02020022222005222022
20
02202222220200000200
20
00250220222220002002
20
22200052020220020222
20
22200220000002222252
20
02022252222522202020
20
02000002502022005500
20
22550220502220052022
20
02225000020022220002
20
02220225202502200525
20
00005220202255505222
20
02200000522205220022
20
00222002205220002222
20
00055222200520052252
20
02220222220252002550
20
25220222202222220250
20
00022022222222052002
20
22222520252020200205
20
52025022052002222055
20
20022222005022202000
20
20220222220000202225
20
20022000502202502202
20
50202250020220050222
20
25022522200052220000
20
25000205222002222220
20
22522202002020202002
20
00552052222002000022
20
00252550022020502522
20
00222220202022555025
20
55020020222022222052
20
22020205220005200005
20
22222200202222000050
20
20002020220222525202
20
00202520520202220000
20
00220202252020000220
20
22225002220022525002
20
22222522220500220250
20
20552255020000522202
20
20222525200200252022
20
20202205220200220002
20
50000020225025022205
20
02202020222520200202
20
02220052220202222222
20
22222520022220002002
20
00222222222025525200
20
02220200202202202220
20
55220020002500202022
20
25220025202052002222
20
00055200200000220020
20
22000200252502200502
20
20002022222200202052
20
05202500050202220520
20
22522020522222200022
20
20000220002222222052
20
22220025052520200222
20
25225022022220000522
20
02220522022220505200
20
00022202222022202202
20
02202005202002002022
20
05002025500202220022
20
05025000202520020502
20
05255020002052222520
20
00200220222222002522
20
00200222500222222022
20
22020202220020220255
20
20225500022222020020
20
02252022222022200205
20
00220020202202022002
20
22002200052002222220
20
02220202222000002220
20
52222020222052200220
20
02225220220225505220
20
02202002200255020225
20
20200050002500022020
20
20000220000020202522
20
20202252000252002202
20
22020052022020022002
20
20002020025005022022
20
02222002022205220220
20
02020500222202020500
20
02205250002220002200
20
22202020502500200002
20
02525025220222202520
20
22022220222202522202
20
52020002252022022222
20
20202220202202022000
20
20200205000202202552
20
50220222002205022200
20
02220202200022022020
20
20020222020220020252
20
22000000550220022022
20
22252000052220022250
20
02022002052002020022
20
20200052220200522005
20
25220050225022250222
20
20202205502202225520
20
00000000020220222220
20
22222020202022250022
20
02200200555002022220
20
20025220252052200020
20
02220200020052202025
20
52255020222002205500
20
22022002255202002252
20
20220222502222200200
20
02020020020022222220
20
20222025202022202022
20
02000000200000000202
20
22200220200222502200
20
20202000002050200200
20
20005022005222252000
20
20202202022200000220
20
20022000502250202222
20
50222022202552222500
20
02222222200202222052
20
20220220002522025202
20
00500222220020220000
20
20220522050200200200
20
20520222025220220202
20
20022220220002002002
20
02052222022252002202
20
00220202220200020055
20
02520000202552205205
20
05520252020002200502
20
20002050202025222200
20
22205022020202220000
20
25252000202200220250
20
05500022220022500005
20
22220022022205522222
20
22502220500200502022
20
20052002022502022002
20
50222222252022000222
20
20200020052250050002
20
20222020520002220552
20
00022220220020250002
20
25220022025252202002
20
52200222222020220200
20
22020022000052002002
20
20520222022000200222
20
20205022020200052222
20
00002220220222002005
20
02202202252500200520
20
22200222502250202250
20
22222002002000220002
20
50202225022222222200
20
20520202522220020222
20
22022020225052250022
20
02220220200220000200
20
02200022005220020222
20
22200020222220002000
20
50020020052200525220
20
20200202000000225202
20
50005000220222020000
20
22002200205022200020
20
20200220020052000202
20
20522502252205000225
20
52220202222022250202
20
02200202005222020220
20
20022222050022222250
20
50205002202222202222
20
02252220220022500002
20
00022022020002002502
20
02220000522202220220
20
02202220022022000220
20
02000220002200220005
20
25202250022250000225
20
22222020022220520220
20
22000005202202002222
20
20200000200202020220
20
22500020222020200202
20
00220000202520220222
20
02002200500200222002
20
22022222220020022200
20
22020052002222225000
20
25002200000225050052
20
02052220205022522020
20
20202020002022502055
20
22522502202505020002
20
20022200000020252202
20
20222250222022020252
20
50502202222052000502
20
02522200252520220220
20
22000220252222220202
20
20220022202020222000
20
52222020222022200222
20
02202200020020225020
20
02205520022022020020
20
02002202525022002220
20
05002222520500502022
20
25552000222200200200
20
22220202522250222000
20
02002050220000200220
20
22002225022020002205
20
22000202022500252522
20
22005220525502222202
20
50200225025020020200
20
22222202220022202220
20
00220022222522020025
20
02220520202025200225
20
00225220020500220522
20
02002202250000050202
20
20205025222250222220
20
02522200225002220025
20
00200225002220202002
20
00502202020200005202
20
00202220222202200200
20
02002200222520020500
20
00002200200222220502
20
22220002020222220220
20
55002200220005222200
20
00020222005022025202
20
20020520202022022020
20
50222220205520220022
20
22202022225220225020
20
00020202202220200000
20
00202022222202000050
20
00222000250202250200
20
05202222020220222022
20
25522202000222020500
20
00200222202220222200
20
20200022220222005052
20
02022020220252522205
20
00222022025005022222
20
20222020202002222252
20
20550022022022002252
20
00202000022000220220
20
02020220222020002002
20
22222202020500505250
20
02020502522055252222
20
25005002200222200222
20
20222222222020202055
20
20222220250000000002
20
52000222002002000202
20
22250250202220022020
20
02222000222200502250
20
02222202000022000050
20
02250052220220020002
20
22522200020222000220
20
20050202220000002222
20
22022022202222025200
20
22205200202222202220
20
22002205020022222020
20
00000525005022022002
20
20020052205022222500
20
20005022502222202250
20
25050222002022252020
20
50202200022200200202
20
22020002000202000220
20
22022000020205020002
20
20202002222000522222
20
20200500000222200225
20
00225220200000252020
20
00200225502202202050
20
22225222020002202520
20
02500022202200200200
20
22520202020202022222
20
20020222202202200220
20
22022022022020220220
20
52200505222202222222
20
02000000202200522222
20
20222222020022200202
20
05220220000200220200
20
20002250202002220002
20
50020222220002220022
20
22222020022522220020
20
22222000005020050202
20
22022205500200222022
20
02200052022520222022
20
20522022020022022002
20
52005020020055520022
20
02522022025202522222
20
00225205200220000005
20
02220220202502255202
20
20202225522222022220
20
00202002022200000220
20
20005250002200020520
20
22200022202522220020
20
22200025000000020022
20
02500020200220000220
20
22005220250202025222
20
22522222022255000205
20
22252022022202200255
20
00222222022025000020
20
22222000222522222202
20
22000022222520002202
20
02200252000022000020
20
00222220222020222200
20
02220000222002002222
20
02200052200205222520
20
02220020052220055002
20
20225000202222002022
20
22000202222022202500
20
50002020050020222022
20
52202220050022022200
20
02002020022522022002
20
22222222020002225000
20
00520252255200000002
20
20222000202020222022
20
05020202202200202000
20
02502025022002220222
20
20022222520552220020
20
05000200252002202222
20
20022202225002250002
20
20222220000200202202
20
25022220550202522202
20
00222222222000520202
20
02522220202002050000
20
22002200255220222520
20
00202022222002000022
20
20500022520202220200
20
20002222520222002020
20
22052200220550020202
20
02020022202220005250
20
25000202220205250202
20
20252000200522202202
20
22020222022220250522
20
00222220020050205222
20
22222002200020022202
20
25022050020022020020
20
50220220220022205520
20
00205220052222020200
20
20222052222520020200
20
00000202200000225220
20
20052050220022220020
20
22020225000022052202
20
22500020220200022005
20
20000022000202022222
20
20020005200220050002
20
00225220222222550222
20
20502220202252020020
20
25020225220502202025
20
20200020002222022200
20
22522222522225022500
20
52002000202522522022
20
20220202220202222200
20
20202022052202020520
20
22025022222200220202
20
25000200220202502050
20
02202050025505202202
20
20002202025500022222
20
00000002052222025000
20
22005220222200020052
20
02220002225052202022
20
20200022022222002022
20
50000020200002002520
20
20200205252520220022
20
05222520200050202000
20
02202002500022052250
20
25002522220222220250
20
25222220020202020000
20
00225220020220222022
20
22002220520250200022
20
22220200200225520202
20
20222202252252000222
20
20000220200020522020
20
20022222020202022222
20
22202202222022020250
20
50050250200200222222
20
02020222002200002500
20
00000000202222020222
20
20522000002205022222
20
02220020225000202522
20
25500202200200002202
20
22020220225002200202
20
20002020022002252002
20
22205055055022502022
20
22020220220202222020
20
00222002022520020220
20
02200220022222202202
20
22202505202500200520
20
20020522202202020202
20
20022202022202000052
20
02222020220500252222
20
02025222025022052000
20
52202202020022222202
20
22520200002050022250
20
25020020500000002222
20
00000002222022052202
20
20002002000022225022
20
22200252220002002020
20
02522002522020202000
20
02220222200220202220
20
50222502200200220222
20
20022520202222200202
20
52502252002222202022
20
22220202220200222255
20
00200505000500252220
20
22202050222222005222
20
00205000200202022202
20
02022222202550220522
20
05522520502222222220
20
22220020002222220002
20
00000022222022202020
20
02202000220022202220
20
50000020022002020220
20
00220220002520255022
20
05220502220220052225
20
50052205202005022022
20
20202202002220252050
20
02022000000200252522
20
22200020222002020222
20
22000522002205022202
20
22202022225202522020
20
22000022222200220020
20
22220200000052222220
20
22202020020020220502
20
25052552220222002222
20
22022220220252202202
20
22050502022052002225
20
22225225220202205220
20
20202022222222200000
20
22220022222020200205
20
22525252002202022022
20
20022222202202500002
20
00220025005220002000
20
02022200202022202522
20
02220202225200200002
20
22220252220000202002
20
20222020500250022020
20
02020000500205220020
20
22002205502002220020
20
22250020250022020200
20
22052022200252022250
20
22202022252220552000
20
22252020200200500502
20
22552020200200220202
20
52225502002220202000
20
02250002500052200022
20
22020022200200522500
20
50502222020000520022
20
20220205222005022002
20
20205000220020020220
20
00520022522222020220
20
50525222225022202202
20
00200000202550000552
20
22220222052255002202
20
00022002002020220002
20
02220222255520202222
20
02022002020022222000
20
22225222250220502502
20
22200022222220200202
20
25052020222200020025
20
02005202022250250252
20
05055220022000222000
20
02000202202025220222
20
05220202520200022222
20
22020220202202000252
20
00225022022002220022
20
20222220202020505022
20
00020202202022222022
20
02020250222222022000
20
25220520025050200520
20
20202200000502222202
20
25222002002202205022
20
00022020052202202020
20
22000225250220250022
20
25252222055002202022
20
22022202200202252020
20
02202222202022050002
20
00222202250202205222
20
52220205222222200002
20
05520220202202200020
20
22220552220000202500
20
02002022222222002002
20
00202205022222252202
20
22202200222522050220
20
20522022222250202222
20
00202552025250002002
20
00225020022205220000
20
20002520202002222020
20
22502222222000000202
20
20002022222225020020
20
00222020000222250220
20
20202222002202225502
20
22525200222020022220
20
20250020050000002202
20
05220220022200220020
20
52020250202552000200
20
02000020222220022220
20
25002200020202520220
20
20020522002220222202
20
02022220200020022050
20
00205202522022520222
20
22002020252002250022
20
02002250255052022500
20
22500022005022002200
20
22520002222220200222
20
00222200022222050520
20
20022222020222220050
20
00520200250022222202
20
02202052220222020222
20
22020222222025552020
20
20000252022022222020
20
50205020200022200220
20
00220002220022200002
20
25252002020220202252
20
00202002002225200220
20
00050252220520202200
20
50220020222520222020
20
20520022020220002002
20
52052025200220520050
20
52205220252020022225
20
20205022002005200002
20
20020020222020522000
20
22220022200025200050
20
52022000200200000005
20
20020002250225255002
20
55222500220200520002
20
02220002520020002022
20
22202020050025252202
20
22202222002000525000
20
25522020250200200222
20
05500022222002522025
20
02052022022020205000
20
22202220202220250002
20
22225052202200252005
20
20020252222222552000
20
02020005200020225200
20
02500025222202022220
20
00020222052020550200
20
02522502222002202050
20
20202050022055222222
20
02200022200202252222
20
00005020222200022225
20
20052052000250520220
20
22222220005222220200
20
22002220020220220022
20
20000002202222222022
20
20225220252020202052
20
02025050220005250202
20
50002022520200000250
20
22220220222000202222
20
25552205520252552250
20
02255202222002200002
20
05022050202005202200
20
02552220252022520525
20
52022525202520052200
20
02222202052022052022
20
52020020222222222005
20
05022502500220000200
20
22022002220550005222
20
22020222202220252250
20
22000202202222520022
20
22000002252025220222
20
22502220220202002000
20
20000200225222222500
20
02000020220002202002
20
02200002220202200000
20
52000502000222050000
20
00502220002022205222
20
22000522202020022055
20
20022222500022000022
20
02002020200005000022
20
22002222220202222022
20
00522255220202202202
20
00200020022202202502
20
00222520022000220250
20
02000002000220202022
20
00220522220200022005
20
00202220202202022220
20
22200222202000202005
20
00205202022202552000
20
52000020202500022000
20
02020220002220000222
20
52222050200220025220
20
20500220002500022220
20
22522222002022202020
20
02220020222202002005
20
22225250022002222222
20
05220202202202000220
20
22222220022222000050
20
02022222222220020252
20
22200002220525020025
20
00522220225020202022
20
02220000002222252252
20
22202222020520222252
20
02020020200222222200
20
00200502022502022220
20
05202225502022200520
20
02020525222222222020
20
05202022002022205220
20
20220205202002202222
20
02022222022252000050
20
02000205220200250220
20
22202220522000550200
20
22220000000022525005
20
22502220005022205022
20
22202020222005000220
20
55202525020222220220
20
52525000202005020250
20
00220022225252525222
20
00000202502202222222
20
20002252252020222000
20
02002002002220202500
20
50200222202220055022
20
52000220002000222020
20
22205552050222020222
20
02202222502522050002
20
02220000202205202205
20
25250022025200022222
20
20020022002202002020
20
22202250200202022000
20
20002202000002022225
20
22205222222002500522
20
02002002200052220220
20
02022252222250222522
20
00205020202022022022
20
00205020520202222005
20
20200222220022250220
20
02000222022000200220
20
52220022200022222220
20
02000220200200525002
20
22220020222205050000
20
02000222202202022222
20
20222502200022220222
20
20222222200000022000
20
25020225225220222220
20
02222220000220000200
20
00000020202220020222
20
22020020222222052520
20
25202022022202020250
20
50025050200200205220
20
22020222005525200022
20
20022220520200002005
20
22025250200205200502
20
00220202252222000552
20
50220552020000202205
20
00202022020025220200
20
22222220020222002002
20
20220022250000052222
20
20552520200000220222
20
00022002020222005202
20
20520050020050522220
20
20502222222005222222
20
02222022250502002022
20
02022022005002222222
20
00202222022002022220
20
02000220200002522250
20
22200205502022222220
20
00050002202050200022
20
52520020000222000022
20
00202022000250020202
20
02022202220002022025
20
22205202202022052002
20
55222222002200002020
20
02220202205202252220
20
22002002520020222205
20
02200200002020002025
20
50502025222220022000
20
20222050222052502202
20
22002025200520200005
20
22020020000022020222
20
22020202025220000252
20
20220020025220022220
20
25202020202002222525
20
25200000220520020022
20
02052522202022000252
20
22502222200222020022
20
22250002002222222052
20
52022220220022250000
20
00002220202220520220
20
05022200022022022220
20
20500202520200022200
20
20000500525200222200
20
22502052222052200020
20
20220222022200220250
20
20502222202000220200
20
02220022002220202205
20
20520022202022202222
20
22225222002222550222
20
02202252200000202000
20
05250550002200202220
20
05052020220022205022
20
20222202220050525020
20
20222020000222220020
20
00050022222222202022
20
22022200022200225250
20
00202052022000002222
20
02202250002002020250
20
22020220202225022200
20
25520220020025222020
20
50020220000220220002
20
22222222020005202000
20
02202222202250200220
20
02022000022502502000
20
02050202505000020200
20
22520052000022022505
20
02220502220000222502
20
02025552200002220200
20
22222052020000222020
20
00250522202220502022
20
00020052200520000022
20
22500025220000022005
20
20000200050520050202
20
00222200200000202025
20
20202002000005022225
20
02222202022220520002
20
20500000250005022505
20
20000220220200022520
20
00520022222200020220
20
22022000002220000020
20
22002020220000022200
20
00220020225202522202
20
20502025055250520220
20
20255202002222202220
20
52222202022222200222
20
22002002220222225220
20
22225250220052520020
20
22022222025000202002
20
20500000220250000022
20
20222220052220202022
20
20202200255050020252
20
05202202025222520220
20
02222200200002220200
20
02222520202020522025
20
25220222020522252022
20
52222202252022220200
20
00002222200222220220
20
05500202505222022022
20
22022255022252020202
20
20200222202220502222
20
05220220220022022002
20
52220222250200502222
20
02022200200200222220
20
22222222220202000202
20
22022522255205220225
20
05222022222202222220
20
22202200502202002052
20
00000000252200502202
20
00222200522205220022
20
00220022520222020202
20
20222502000500220200
20
20052000020250220022
20
00202050020222252222
20
25002222220022525505
20
00022022000022022522
20
20200022205220200520
20
00222202202052222250
20
00002020222025022202
20
20202000202250222022
20
00000002050022000250
20
02022502250022225000
20
25252000200200222222
20
02222202002252220000
20
02022225222252000022
20
20522000222202200000
20
22250225200200220020
20
22222025220022222202
20
00000220000050020505
20
22022020022200005220
20
02000222222202200220
20
02220000222500225222
20
20222520202202020202
20
25220220220022222025
20
02520502022222222022
20
22022500022052220200
20
22222200220000002222
20
00022225200200220020
20
00002002025500002200
20
02022205222000500020
20
02225200002022202002
20
20502220022020222005
20
00202220200222222500
20
20002020222000200025
20
20022225022200220222
20
05252002222250200020
20
02202252220520002222
20
20025200002002000000
20
20220220220025222220
20
00202222002002252000
20
00000050025222222222
20
00050222020200022002
20
05220225252200000520
20
22200222022222502052
20
00022222202200552222
20
25222200220005020522
20
20020520022222220200
20
20220250200220000220
20
00202000020200000252
20
02020200202522050222
20
20502200200225022022
20
22500522022202225522
20
02220200250220200220
20
22222225222022252000
20
25220520222202552250
20
20222222502052222022
20
20202202002520020022
20
00500020220020222222
20
02022222200002220020
20
20220225222220520002
20
20002222002202222525
20
05520202220222222222
20
20020222020200002200
20
00000020002022222252
20
00252002225000220222
20
02200022002020002002
20
20220020022502222005
20
20222250220522202220
20
22222205222022225022
20
02522022222200202205
20
00202022002222222222
20
00200202000502000022
20
20020000222022220020
20
02025252252020222222
20
52222202000525020052
20
22202252202222020002
20
20250022020222200052
20
22052225202025002002
20
02255020250222022252
20
22200252200220200000
20
20202200220220222220
20
20025202002500020220
20
00200200200022200520
20
52522220022220002252
20
22505022205222522252
20
00022020020202022022
20
02520022222002525220
20
22200205222502222222
20
05022222022020222252
20
25022022202022025005
20
20000002202022020222
20
02202520225002020025
20
20200050000022502222
20
00222222022222220055
20
05222052002002052022
20
50200022205002220222
20
00020005202050202250
20
02200000522202525020
20
52500520222220552222
20
20222202022000520220
20
00022002200020522202
20
22002000202222220025
20
00550002002022200020
20
20020000200022200202
20
22222202522222202000
20
22225022020200200220
20
20222225220255520222
20
20222522022225550200
20
02020025000220205220
20
55022225222220000220
20
25222525222222222220
20
00022002222502522202
20
02200000222000022022
20
00002050022220000200
20
22205220255222205505
20
02225020255000200520
20
20220202520020020220
20
02202202052222020000
20
55020522200220222200
20
00200020202222002005
20
20225202002025250022
20
20002002022222220250
20
25052022022202050520
20
20020052200052022202
20
22200025200022200002
20
20225220020002222550
20
20250022225020025200
20
22020002222025220520
20
50022220002222002502
20
02552222222002000502
20
55022002020252220020
20
00002220002222225202
20
00220005220002222000
20
05250225202002020205
20
25020522220222022222
20
20002505200022222222
20
22220225205202222020
20
25220202222022250002
20
50500022252202020022
20
52200000222002002055
20
00550025020002520220
20
20202020200522202220
20
22502000200522002005
20
00250205020522200500
20
50222200052202020502
20
52000222520222220255
20
52202222220202022002
20
22022220002205200202
20
00020020000020022220
20
22222250220020000202
20
22225225500220222020
20
00222020202222022222
20
22022002220022202002
20
22502222202222222222
20
22020200200222222022
20
22222225220200002200
20
02222250220022522222
20
22220520222222025202
20
22505220252222252002
20
22200502522225520220
20
00252025000202000022
20
22202222520202222052
20
00022000525050500020
20
22022202220022200522
20
00022252222222025522
20
52200225202522000052
20
52022202225220025222
20
00222200222200222222
20
50220202200022520222
20
20220222550225022022
20
22002222202202002020
20
25220202222200220222
20
20220200222022020002
20
00220222252202522222
20
02222200220000500002
20
02222202250222225222
20
50222005205200202202
20
02502002520222220022
20
20222220252202225202
20
02202022252002202022
20
20250552000202202050
20
22222222222020200202
20
02005222022225220200
20
20202000002022222222
20
22220022222520000502
20
22000200220020200200
20
22220002020022225522
20
52502250222222550220
20
00020202220000022222
20
22200000020200222222
20
02222502002220005025
20
00005000220200222202
20
02000222220052220020
20
22222222225222222222
20
00002202500200222222
20
02250050025002000020
20
22202200202025202022
20
50522222025222220505
20
25222202222002002205
20
05002250025200202522
20
00000202520202200052
20
00522202222200502522
20
00202200200000552252
20
00025005002222225222
20
00222222225002220250
20
00220020202052250250
20
20505000202022202055
20
52000252220522205002
20
22222050222050222020
20
00252500550250222002
20
20020205002202225022
20
20522500000200200022
20
22222052002222202020
20
22220020020025202220
20
25552022000005525250
20
00002252020022502220
20
22202202050002000222
20
02000052022020222222
20
00022222202220222202
20
22020020002222250052
20
25220222222200020220
20
25002222202552202202
20
00200505222250205202
20
00202220202500020200
20
02000222220000005222
20
05220052200250000220
20
02202002520202220252
20
00000200522200225220
20
22020252050222020202
20
00200000002022200222
20
22222222200020202220
20
22220250200550002000
20
25200205200202050222
20
50025022250202550202
20
05220020022252022220
20
22002220220020202022
20
20220220202225220220
20
00222252200000205202
20
22022022200220220002
20
20052202202222200222
20
22020202202020022020
20
22225020520202000000
20
20052002025020202202
20
00522005220052000222
20
02202250252022000200
20
00222522005222222500
20
20020222025222202202
20
02202225502222022202
20
22022200222220225202
20
22202250000022020220
20
22002202202200250222
20
22000220222220222200
20
02220522052000200202
20
02522020255200020002
20
20050202202222502200
20
02222025202020252500
20
20052055002002202002
20
22200225005222205522
20
22220202202005220502
20
22222222202202022020
20
52022002022222222202
20
00000022220020000020
20
20222250222200002002
20
22220052202200202022
20
20052002522222022020
20
22020500000220502022
20
22222250000022200222
20
52220202222022522200
20
22205052220250202222
20
50020500200202220222
20
00202202200022000222
20
20220022005202505022
20
05522222225025252200
20
00022222002222220020
20
00002020050200200022
20
22002222525255005222
20
20020200522020220220
20
22500220200222505222
20
02002222020252552002
20
02220200255252252002
20
50222002020522020222
20
25200222020220000020
20
20202002200552202222
20
02022252002225250052
20
00202220252222225502
20
22022200252002502200
20
22222002252222222220
20
05222202252222202200
20
20020020202502220225
20
25222202502222000222
20
00500200005222020522
20
20022222252225525022
20
22200025200000502220
20
25000225002000202050
20
22202202002200202020
20
22020022202002025005
20
22225202002222052250
20
20200222002022222220
20
20052000022225022000
20
25202252022250225250
20
00022025022225202222
20
00202000205550020000
20
22225200052252220225
20
22202222002002220200
20
02225220005000000005
20
22202005255020225002
20
25205002222020022022
20
02002250220022205222
20
02222500002022020220
20
20522002025022250020
20
00022222002250022002
20
22022252002022050022
20
00020002020500020202
20
22200502250020002020
20
02202502002002055052
20
22050050202050522000
20
00222000500020202020
20
00020025022222205022
20
02005020052220020200
20
00202022520022002225
20
22222520202000000020
20
20250200022022002200
20
20502222222520220225
20
52250200220050020022
20
52020220222220020220
20
02022222222002222022
20
22002220522000205220
20
02202222202222022202
20
00502202520222202002
20
22005502055202002502
20
02000220225252000222
20
00225252225222220025
20
22225022005505202250
20
20020200050200020000
20
22022220000250002250
20
02022222022220220000
20
02220022200022502522
20
22022225002002022052
20
22000002002220225222
20
50022020005222000022
20
22000200202020020202
20
02200020222205502200
20
02222000025022222020
20
22222220202200222002
20
20220520200220222220
20
25020020220002222020
20
20202202055200225022
20
00200220200002000220
20
02202220222502202000
20
02020222000022222022
20
05000222520202022002
20
02202222005202002222
20
22022205222220200220
20
22020020052002005500
20
52000250020005220200
20
52220002000522220520
20
02222020222220002020
20
55202022250200220205
20
50500220055052005002
20
20220022002220525522
20
02220002002200200222
20
20020000002002200020
20
02250200222002020222
20
00022005222200202502
20
02522222202202220020
20
22220025002552252222
20
20220520500022002220
20
22222222252002202022
20
02520520220020002000
20
02000200220255522222
20
00522000222022220220
20
22202252002252222002
20
22222022202220220252
20
50052000500200222020
20
25022220250222200522
20
20000020500220222250
20
00002022025052202225
20
22002000222000025020
20
00202202202220252202
20
22252522000200222220
20
20222220000002020202
20
50205050220222222200
20
22220522002220200000
20
05020520505000220000
20
25222000220050000222
20
52522202022222220222
20
20252002522002225255
20
25220022002050022222
20
02202505200052002522
20
00202202205200222222
20
00022250222020022000
20
02222222202202202052
20
20020252022222252050
20
02020002200005202020
20
20052522205020220022
20
00002020250222252220
20
02002222020202000252
20
05222222220220220252
20
20052252020225252502
20
52000502522205022000
20
00202220202520202222
20
02222550202550202020
20
00000200222252225520
20
02002002250022220202
20
50025200552222205202
20
22000202205020250022
20
22220522052020252202
20
02005202202205020000
20
20502202205202200222
20
20020552200052200200
20
52500500022002220020
20
22220022200220202002
20
22022000205200000002
20
22022255200220000202
20
02220052022002502220
20
20000202222222502222
20
20000020200020222005
20
00005500000020200002
20
05550222502250522520
20
02000220022220022200
20
02055020222220225550
20
50200202252220000250
20
20022200225522000002
20
02200002022252220225
20
02520222200222002522
20
55205250025000200200
20
00222220222225020020
20
50022022225502002222
20
22200025222522200200
20
22502022022220502222
20
02000202052222222202
20
00522022202220220252
20
02002002050202022020
20
50000200222252025020
20
22252050222200002250
20
22055220520000222522
20
22220220000222002222
20
20220202022022220022
20
20202202022202200220
20
00022202222520002222
20
20020220200520022522
20
20202202522200000002
20
52522025250022022002
20
20252222220500000255
20
20200220205022020025
20
55202000200002002200
20
20505202250002002200
20
02025022202220002052
20
25002052220205020022
20
22020502022025552522
20
20020202202022202502
20
22002002202002052020
20
00252220220505022025
20
22202222000202200220
20
02222200220222222200
20
50222022200220222020
20
55202220200055020222
20
22000020202202222525
20
00020222022000222250
20
52202222200022202222
20
00222220022200200002
20
20202002020000000202
20
05002222002205220220
20
02022220222505202220
20
22220020222002002222
20
50002000220022202002
20
20000000052202220505
20
20022002222502220500
20
02202005025200022022
20
20020022220220252222
20
00520052222522002502
20
52202202200025202205
20
50022505222220220522
20
02220220552222205002
20
22520200220225020222
20
22252220220252050505
20
00522202052020522022
20
20222200502522020500
20
50020000020220222025
20
00022500222000222002
20
00200220202002020022
20
00202520025222255002
20
20220200222000020052
20
22220002200020022222
20
05200220220220222222
20
02222202020222222022
20
00000500002000022502
20
02500220222005200022
20
25505502022000202222
20
02225000000220202222
20
20220220202202022000
20
02005022522022220052
20
00200222020020055000
20
22522200220022222222
20
02022200525020222002
20
25205200000020020220
20
00202205000222022000
20
52522202222000002222
20
22222202200220202505
20
22225022522002000502
20
00222205020520002022
20
00200022202002000200
20
25500020025022202200
20
22202050200220050220
20
55000222020202222005
20
00522022222200000002
20
05050022220020052002
20
50020222220052022022
20
02220220202220000005
20
00220202220502252020
20
22000222020220220220
20
02022002052020220220
20
20020220220200202222
20
02000200500252002002
20
22020000552255002202
20
00502222222202020225
20
22000202222020025020
20
02222002202200202200
20
20000200022020222220
20
02200552222002220500
20
02002052225502222022
20
00000220222250222200
20
22222202205222502205
20
02005202002022022050
20
05222200052205000022
20
02020002200200252202
20
00222502020205002005
20
02020222220020002052
20
02020052202222022222
20
05022050202222000002
20
00000002220052000005
20
00225002252020222222
20
02220002250205022025
20
52222222520520220222
20
20205202225200202222
20
00200000022225202200
20
02050002020220522000
20
20222020202220002002
20
05200222002502522022
20
22022000222520200222
20
02002220200220220520
20
02500000020522222525
20
22202522220222505022
20
22222202002000022002
20
52200222222222220252
20
02222225220052202202
20
02202000202255200220
20
02000022020002020225
20
22202002220002222055
20
22002200025222250225
20
02052220050022022222
20
20222222500225220252
20
22220220220500250222
20
22050202020020220002
20
20022252200522225205
20
02252250202052050022
20
02205002005000002505
20
22052002000222050022
20
02250220000225202200
20
00025250525022222020
20
20220222000020222000
20
20202222002002202200
20
20220200525522505022
20
02000502222522202022
20
02020202520000222025
20
00222200222225222200
20
22205020205000202005
20
20220020250222002002
20
20020002202002022222
20
52220202202220522020
20
25250502025025200252
20
05025220025222250222
20
02200000222000200000
20
50555000020002022222
20
05050202020000222005
20
52022020022222020020
20
02200222000020200022
20
22022252025222050022
20
22220200220220220020
20
22500220200220022225
20
20520200025052200252
20
02022022252020022222
20
00222020202222022522
20
22500000202022202552
20
22202020020052200050
20
20222522022020200522
20
20222020222022202222
20
20022205205200220200
20
22220022022252020222
20
25200202050005022022
20
22002202220002200022
20
20052022202222225222
20
50052222222220205202
20
02202222200000000022
20
22020020022202202500
20
22552022022022202022
20
25202225020222200220
20
50202255200202202225
20
20222022220222220002
20
50002200500202222220
20
25002025002000000222
20
20220220002020500200
20
22050220220020220222
20
02022220525002222522
20
22020220222502022202
20
00000252202002250020
20
55020522500220222200
20
22222002020205520052
20
02205202002222205220
20
22202000522022220205
20
05202500225220202522
20
22222000200022202022
20
20002020025520022022
20
22220205002200220022
20
52202225220220202025
20
22220220222220000205
20
22225200000200050202
20
22200005020020222000
20
05022022002000522252
20
22222200200500022050
20
22252202222220202202
20
20205202022002200222
20
22000202222022200225
20
22222222222220222222
20
50002202002222222220
20
20220205022200202220
20
20020225002252505220
20
22020002222200000022
20
20000050202022250220
20
20252520200505222222
20
02222222002250002200
20
22202000002002000002
20
02025022222020002220
20
20002200520005222202
20
22202222252522000020
20
05000502002202222220
20
00022202000202220220
20
22022022200022220225
20
22222202022002220222
20
55200020222222020000
20
02202052202000200200
20
22202222020202220020
20
02220220025022222220
20
22522250022202002222
20
20020220050522520222
20
20052222202002052220
20
00222002022200200020
20
52225200202052525520
20
20052222002002220522
20
00202022022205205500
20
22052522522020550020
20
22002225500222200000
20
20202020000022002225
20
22200522202000220005
20
00022000000002202000
20
52000222020002500222
20
55202522220002252202
20
22200020522220002522
20
00202200200200020250
20
20200225222020522022
20
05022200000002202552
20
22222200202202200000
20
22022200222022025202
20
00550222002202200000
20
20020222000222020022
20
20022202002222250222
20
22222002202022202220
20
50002202200220202000
20
02200200002220020022
20
22502220002000202222
20
52220000022200205002
20
22000202205200022522
20
22220502000502000502
20
02002022202202522200
20
02020202202220000002
20
00200202220200202250
20
25000222222050252002
20
20222220200022205505
20
02252220200050002250
20
00252522005502500002
20
20202222025222020002
20
22220005000200000520
20
05220002200200002220
20
00022200002202200202
20
50222200202522025202
20
00202020002020022220
20
00205002020020020002
20
22220220000202000020
20
52252020502222522220
20
20022002222220200202
20
52220220220005020000
20
52220022220220022222
20
05522225202222052252
20
22050025020250225020
20
20202002002220000220
20
20000220520202022550
20
00222202022200522202
20
20250220002205202202
20
02202250200202502225
20
20222220220222225252
20
00222202222022022020
20
50202000202052200250
20
20020202005202222020
20
22220020005200202220
20
22000020220220202020
20
52205205222205550500
20
25220200052200022022
20
22220052002252050050
20
02022052220220022000
20
00202220002520222220
20
20200222222000000022
20
00205020200022022020
20
02205020202022252050
20
25252202022000220022
20
02205222020522000022
20
20225522220225225252
20
22250502022202222222
20
02202202202252220220
20
22220025022220220222
20
00500200052202020220
20
20222002020252200022
20
22202022202000002222
20
50202022220222202005
20
20222222250002005250
20
00002220525220250000
20
52020222505200200020
20
52250022200022222052
20
00002022220220020222
20
02022200202000020022
20
02222020222252000250
20
22252252220222002202
20
22005200020005052202
20
02020220200222220022
20
00502505022020520222
20
02050220222025002205
20
20250000222200520222
20
22200022250002222022
20
02022502522022202000
20
22222225522002020500
20
22205220020022002222
20
00022200202200505220
20
00202252220005000552
20
52205002200502202202
20
50022202020022202205
20
00202202200000200220
20
02220220022200502022
20
00502200252202050225
20
02022202200020002200
20
02025252250200202200
20
20052020002025002000
20
02020522222002202025
20
00022000200020200502
20
05052522222202222255
20
22220000002020020222
20
20202250220220000202
20
22052005000222220020
20
20220022002020200022
20
02050255202052222200
20
02250022025202025220
20
52220022200202222250
20
02522002202222002200
20
22222222050222205002
20
22000000005500200252
20
52002220000020022200
20
22222520022050022000
20
22502200020222202022
20
22202225200220222025
20
20225005520025000202
20
00505520220250522252
20
05022200002220000025
20
22202202000220202020
20
20250020205502000525
20
20222202222022202020
20
02222222025220500000
20
22200220202200250020
20
02020202202200022020
20
22202022025050220222
20
22202222522020020250
20
20020220220222225255
20
00220222022202002200
20
20222000222520020025
20
22220020220020002002
20
20200200002202022222
20
22500022220022220222
20
22202220000022020020
20
00002202052000520200
20
20205000202522005020
20
02022200522020202252
20
02220220502025202022
20
00022022520200000020
20
55202200022202202220
20
22020200022002050220
20
20002202050020222022
20
00025200222000002520
20
00002022220050222222
20
02020052020250250205
20
20050000202222000020
20
05252025000222020222
20
22202052020220200522
20
25000205000002000220
20
25220000202020205022
20
02200200520055222020
20
02000220222250002225
20
52202200222202002220
20
22220220025022205052
20
50020220020020202022
20
22520202225220020202
20
22020052022002500520
20
20200252222202222202
20
00222002222255052200
20
02050002000200225000
20
02020022202020200222
20
22022200202220250222
20
02200500000002200052
20
22022222500552520200
20
02200020220200220202
20
20500020222220000202
20
25220202220222002202
20
02022050020202200200
20
00202205022005022002
20
20222522025222022202
20
05222250225220222202
20
52222202220220220020
20
20205202202222020500
20
00000222002520225002
20
02020052200252052502
20
22022250020020200252
20
00000222222222222202
20
52205020202005202202
20
02000002020200020222
20
20222200002022250002
20
00020202022222555225
20
00020252200005502522
20
05022022200520202202
20
00022000222002022022
20
22220200222002205000
20
22050025525222050200
20
00202025200022202002
20
05522200002220205022
20
02202220052222220020
20
25552022000252225002
20
00500520222020000222
20
22222055022220200002
20
22200200202202222052
20
22220252202252005222
20
25000020020220522220
20
20202222220252022222
20
20250502222022222202
20
02022202222002020525
20
22022020222200202022
20
50020002202222022222
20
22220200200220005522
20
22002222252205202005
20
02200025522000250222
20
25222222225222005520
20
22222222252200220225
20
22200522202522022522
20
20250000000525200220
20
00220000022200222052
20
22250000222022200222
20
00000020500502002202
20
02002052005222025252
20
02225222200000022502
20
52022202000000225220
20
02022020002222200222
20
02202252502022022200
20
02220220222220222002
20
22052202550020222022
20
02200022000002202220
20
20020022505522250022
20
00202205250020500020
20
00222002200005222020
20
50522502202022050052
20
05050220020000020222
20
02222000022200200000
20
20200052055202225005
20
25022000225020052522
20
20222225520250020200
20
20002522505000050200
20
50020252000222200002
20
20005002205002500002
20
52020202202020200222
20
50220022020000252000
20
02000225220220000022
20
00200222220200500005
20
00022052020222020220
20
22220002202022502022
20
02022220020020222225
20
22000002000520022202
20
22022205000022500020
20
55002050002202200020
20
20000225020002000220
20
22000220005022222022
20
52220225552020220022
20
02050220252202002020
20
00202002220202002220
20
20222500222222205200
20
22002022022202225020
20
20220022202222222202
20
05000502202200020520
20
20255202220220002050
20
02022222022520220020
20
20022502200222252222
20
52222002000250022002
20
02220222200220202022
20
05020552002222022052
20
02220002000220002205
20
05222220202202220252
20
52202200002002002220
20
20020220502000002200
20
22052052002220500220
20
52252055220002020002
20
00202252520002022222
20
00020200002205250220
20
22202220252505202025
20
20022225225222022222
20
00502205005222002202
20
02022222250025522225
20
20202200020020222220
20
50522002202002200022
20
22222222020200222225
20
22022252222222220200
20
00020022002022500205
20
20020202522202202222
20
02250000000220222220
20
22220520020022025202
20
55205020222202225505
20
22202555222002222222
20
20220022020552022222
20
05220220522222222250
20
22202200202222022002
20
20020222022020022220
20
20522205225000202222
20
52502502520220222222
20
20020000500002020502
20
22022522522000222050
20
22200222202220225205
20
22222220020252000002
20
02002202222220020220
20
22200522025252222222
20
20250020220022220000
20
00025020000250220505
20
20020200222002220002
20
22522200020022220020
20
02202522252222200222
20
52022500202522052050
20
52525020000000022222
20
52000025522002222002
20
20020220205222022202
20
22022202222002255502
20
50200502022022220220
20
00002222205052222222
20
02202202020202000052
20
50002022020205252022
20
05522202200022002005
20
02250220502222020020
20
05200022200202020202
20
02522502200022200202
20
52222020002000022022
20
02020222220225205520
20
02522002005020222202
20
02220200002522525002
20
00255222202222025200
20
25205020022220220220
20
20200202002200220020
20
22222205000220022002
20
50252522252220022205
20
00220502522220202250
20
20250252020050222002
20
02220220205052000000
20
22222000020205000200
20
02522200220200020200
20
02202200002022002202
20
00020200022250200022
20
52205202002222220502
20
00002202200202222200
20
00000222222000002000
20
55000022220000220020
20
22205002222500200202
20
00000222202220202202
20
52200022025005205200
20
20222225002002222222
20
50002222022222202220
20
02200205252520200222
20
02250200222220050202
20
00252002500205002052
20
25502225222020022250
20
02252025500225225200
20
22222220200222202220
20
02202500022022522225
20
00052000052555500020
20
05020522220202202020
20
02020200022202020000
20
02500000222200202020
20
22220552225002220222
20
20520220022022220220
20
02222022020020220000
20
22002002252002022222
20
02252220022500022200
20
22200250222000000020
20
20200202202252000222
20
00522502222522505500
20
02202052020200220005
20
22000002200202222222
20
20002220000000222220
20
22202202200222222050
20
02502022220222050002
20
52202222250222022022
20
00222250225022505002
20
02022020222502055250
20
22220002020502222522
20
00522252222222002022
20
25225202020252000000
20
02220202222022200220
20
22200025222220222222
20
00202022222222002202
20
22222222020220200250
20
00222000020220220000
20
00002250022220202202
20
02052222200020202522
20
00002000002022022025
20
22220250002222200222
20
02200020205205020002
20
00052000022220002220
20
20020202520222252022
20
22052022022202025502
20
02250205202020520000
20
00220052000052220222
20
50020052200055222220
20
02222520222500222250
20
22200250502502222522
20
02202005222020222005
20
02200220000022052002
20
25220255252250050522
20
02255220000202005202
20
20555220020002002220
20
22020020000022200020
20
02222222025555020222
20
00002222200252222002
20
02522222000222255202
20
00020200252222522055
20
00502205200220022200
20
00220225502022005002
20
00000002222022202025
20
52205022222000222022
20
05002202002550225020
20
02222202020202200202
20
20502222002002000520
20
22022200000202202500
20
22022202020000502222
20
55202020202022020000
20
02222252255500225000
20
25002025202050502520
20
02200002222220250002
20
20500055222222000020
20
20222202202222500250
20
25202052022202002050
20
02020225000202000522
20
20202220220255022205
20
22200025022200252252
20
00250250050202022025
20
22200250222220000222
20
20020250022025202002
20
02000202252022025250
20
22000022022225022000
20
22202222022020202002
20
02225222222222222222
20
02222200022522222222
20
20500000020200202022
20
22522250220002022202
20
00200220200202050200
20
02222225220222550202
20
25202002225225220000
20
02020222222220202200
20
00202200502022222500
20
00000022252225222002
20
02000022220202522002
20
02002020002222002022
20
20202025022005020222
20
22500020220522000220
20
02522202222200220020
20
22500222520022220200
20
02252250025002022050
20
00200002222200502222
20
22002220022205020200
20
02020222202205205220
20
22250002250052202202
20
20022222202200020022
20
00022022002222255202
20
00200020500020025052
20
20222555002200022220
20
02222220205002020202
20
02222202220252202000
20
00520200222220502052
20
00002022250525022202
20
50522020202020250200
20
50222025022225205002
20
02250202520220200052
20
02020205252200002022
20
02202205202222522225
20
22502022005225222020
20
20250220020022002202
20
02202222502200000222
20
22000202200202222202
20
20000020000005202055
20
00000002002022202020
20
02225202205522225202
20
20022020202002200000
20
20020200020202222020
20
02220200000222200020
20
22222222522022025202
20
20022202002022022222
20
50220520020250222200
20
00022522225022202052
20
02022520002220250202
20
22202225052022020202
20
52220020020222250022
20
02222020000000205022
20
22020200252002025052
20
22520225202522202200
20
22022200250220020052
20
20522020202222220022
20
52222050220022002220
20
25200022050000220020
20
00020050050222255202
20
20220022000222000222
20
02202050020222222200
20
00002205002520502202
20
52202205000222200020
20
50202200200502002020
20
25202022222020202502
20
20020000202000220200
20
22020222220500222225
20
22022220202222022020
20
22020020225200022220
20
20002022202025220022
20
55220220055022005022
20
02002220202222022020
20
00020200252220005200
20
00205225222002202000
20
22200202002200000500
20
00252252022000202025
20
22200020222020222200
20
02000025200202520200
20
20220222020000220020
20
22525222502200000502
20
25202022250020225202
20
00025002522220222020
20
00000202520200022005
20
20020002200020202222
20
22222002202002022000
20
22500200205200520022
20
20502020020022222020
20
52220000020002002220
20
00200220022022205200
20
20202202020222022002
20
00252000050202200202
20
02000022000205502220
20
22222220202220000220
20
02225020220055000202
20
52200052220000220222
20
00522220002000522000
20
22022222222552000222
20
20200022222200250220
20
02002202222000220520
20
22222222000222222222
20
50200220020225222225
20
20220220202220022552
20
02250200050200050255
20
50005022022220020252
20
05222020225522202002
20
00225020002200220202
20
22000022500200200522
20
05252205220252022225
20
20022202000200202050
20
52005200020252220002
20
02020200522020222000
20
22022200020500252020
20
25025222002020222502
20
22050222022222022000
20
20022520222220025502
20
02222200200022022022
20
22202000022022002200
20
22222202222020052550
20
20222220022022020000
20
25002020222222222205
20
00222020250522020020
20
25050502205202222520
20
02222002220052200002
20
55250220222202222252
20
22000222222005252002
20
00202220250252002220
20
02520500202002002200
20
22202002200200020222
20
20002520220020002552
20
00200002022250220505
20
22200225222020500020
20
20220222052000000222
20
02222002220000000022
20
20505000052050022255
20
22250205205222000220
20
22500202022052250002
20
02022022202222020002
20
20222020000520052200
20
20202200202052022200
20
22020020220002500002
20
20000252000020500200
20
22020502022000200002
20
22005202022222000220
20
05222000002525220205
20
00502200202502020002
20
22222022500222025220
20
02005222000005202220
20
20250052220502202220
20
25022022202002205205
20
22222002222002522022
20
00222522022050022222
20
22052000002002020000
20
02522520000022200002
20
20202005252025050222
20
22222000220022050022
20
02225202222022020225
20
02500020002225022022
20
00020220202200025000
20
50250225025200022220
20
22202022220522205220
20
22202202202202002002
20
05052202022000202200
20
20002025222002000022
20
20222222002220225225
20
00222200225020020500
20
20220025002202200050
20
20020000200000002225
20
22022025222222000202
20
22500020205220205222
20
22200022202222002200
20
20220220220222022022
20
22002000220222022220
20
20055220225202200200
20
02022220000205250050
20
50022025200200002220
20
22225222052222202220
20
22200200202202202205
20
02220220202205220022
20
20225202255225025022
20
02202022022020222225
20
20022202020022025000
20
20220222222002000220
20
02222000252502220220
20
02000052220222200252
20
22202002225222250202
20
22022025022050022000
20
50002000500022002005
20
22222200020222202220
20
00000222002052002002
20
02220220000002202220
20
02525002502222022020
20
02250200002020252002
20
02022502205052255220
20
00520252220200220022
20
52520222020520222222
20
20220502220200005002
20
22222022002002202202
20
05022020000000025022
20
52500022020205020202
20
22002022550000220220
20
22055222025002020222
20
05222022222052202222
20
00202052020000022002
20
20022020022520002020
20
02222250250020022202
20
22200520255200250202
20
22052022002002222020
20
22250002022002222200
20
22220520222020202022
20
22022522222000220020
20
02220252022022502022
20
00000222020520002020
20
00522522020502200220
20
20002222005222252022
20
50022222022225020052
20
52000022005220222252
20
02222220252022252220
20
20020022202222022220
20
00522022022222200252
20
22002005522202000020
20
20220052202220525200
20
00022222522025222225
20
22202000022200205220
20
00000025002000005220
20
22020220525022252220
20
00022222002022202222
20
02022222022202220252
20
52200252025020020255
20
20225002000220022505
20
00220222022200022220
20
25202505222020220222
20
20225225000020002202
20
22220025050200200050
20
20202250220220020200
20
22522000220022520222
20
02222002252022000202
20
22550200222520522020
20
00520022500522202202
20
20020050200220002020
20
22020022500220022020
20
22000002002022200202
20
52202020220200202220
20
52200002502250220500
20
02200250002020000002
20
00202000222022220200
20
00222055002202200000
20
20205052200500220002
20
20222022222520202222
20
00002205205202222222
20
02205000005202200222
20
20020000022520000222
20
00205005200020022202
20
00222020222520200002
20
02222222005220205005
20
00000202200200022050
20
00000202220000202000
20
20255222020002200202
20
05005022202000200220
20
02202020022052222220
20
22225252525220220005
20
22222252222225222222
20
20220002200200222022
20
20220220020220520022
20
02202222522220505020
20
22202522500000050020
20
22025200205202222225
20
02002222220200022225
20
20020520020002522220
20
22202252022202220050
20
00220020250202055005
20
52252002000225502250
20
00022225020022020500
20
00222220002220520200
20
25255002200000005202
20
02222005220020522525
20
20202220200005022020
20
00025022002200200222
20
05220005220000055522
20
22220220202220502002
20
22000025500020522220
20
20222200002025202055
20
20000022002202500222
20
00202220022020200222
20
00020020500202000225
20
00220020202002220252
20
20002252222022202202
20
00000202222020020020
20
20022222200022222222
20
02220005255022222220
20
00505020202202002505
20
00202002222200000002
20
02200222525202220020
20
20222200222220020252
20
20225000022202200005
20
22002252252052222202
20
00202022222250000022
20
00020020222022202202
20
20050220202022022222
20
02250050000052202025
20
00220220000002022220
20
02502022255502022200
20
20250205522200220220
20
22002200002250205020
20
20025022222250552200
20
52200002202020050000
20
25202200220222200202
20
00022002222020222022
20
52000200502202220220
20
20520202220502200522
20
20000202022252200220
20
02552202220222020520
20
20022022200520022002
20
02220220000202022022
20
02220222220050250020
20
52222502022022222200
20
22020200052022002222
20
00225522222202000255
20
20022022220020252002
20
05222000222502002052
20
22222205200500222002
20
22025002022202202020
20
02202200022022250202
20
50202222002005252520
20
00052000502220222020
20
02250002220020002022
20
22022002222250022020
20
50222202202222002002
20
00520025202050002025
20
20252200222200005502
20
00222022200202250222
20
20552222220020200220
20
22222022002020002502
20
02202502202002020022
20
52225220222020522525
20
52520200222002202020
20
50220052220002225022
20
05522202000205222202
20
22522002022202200022
20
52252250520525002522
20
22520502525022220500
20
20202002022020502522
20
22220002220202220052
20
02220000050200020020
20
22052222200220002020
20
22202002200022002500
20
20002025200200222025
20
02200222502022022220
20
02002020222220022220
20
50220002205022000200
20
22202202020022200222
20
02220502222222005020
20
02520220222220002052
20
22200022000520222222
20
22000002002200022000
20
22252205205205022225
20
22202252022025202002
20
25000000225220022002
20
02000020020222202022
20
22202220222250220522
20
22220225202250202202
20
00200020022002002225
20
22200202202000202222
20
20250550220022225025
20
02250202002225052202
20
22202222000000522002
20
02200202000522222200
20
22052525000002225000
20
20220252002022202502
20
20200222020220522005
20
20020222222000000020
20
20250222200055200252
20
25202252002005220022
20
50022020052225222252
20
20000220220200220200
20
50000202250522522252
20
00202200505202002000
20
22202225202222220050
20
52020052222222502200
20
00000202505020200225
20
20002022200220522220
20
02020225002220050022
20
22000000502022220202
20
05022002022202000222
20
02002200205000225200
20
52020220002522220020
20
22222520250220252020
20
00200000200205222220
20
02200220022222520522
20
02202255522000200002
20
02202020022520220020
20
02222000052250225022
20
02005220002202202020
20
20000220220002200022
20
22220200052220220000
20
22020202222220022020
20
25222020025500002022
20
25225000222222202520
20
22002022052222200005
20
00205220020202222222
20
22020222202000222202
20
02202202220200000250
20
02002052200200202522
20
20020022220250052005
20
02502222222222002002
20
02220202225202255220
20
20002220205255025020
20
22002202022020020520
20
02022222020202200202
20
22052222025222222022
20
22220022022002052250
20
00005020220220020200
20
02222025222000252202
20
50020222250202222022
20
02020022500220552250
20
02525205250220000522
20
00222220022052202220
20
20222502025222222502
20
22200205022222200025
20
00200502000002020200
20
20222202025020202000
20
22202022222002502022
20
02222200500000220220
20
02220202220020022200
20
02202552000000020025
20
02222222220222020002
20
25200022005052002502
20
20205022002022202220
20
02202220000202005022
20
02022222022220200022
20
22050220500000000222
20
22020220555022202022
20
00002002050020020202
20
20222522525222200222
20
52520202555200220202
20
02205020202220002220
20
22225222202250500200
20
00002502222022222222
20
20202500225202205000
20
20222202200202202202
20
00522202022225202000
20
50222220200225222252
20
00222250050205220222
20
22202200222022020522
20
22002202225222225022
20
22200020220202200205
20
05000022022020202052
20
02000025202252022002
20
22002020000052022222
20
20220002052220252525
20
22002000000220000022
20
22520020520002250520
20
00222022025050205022
20
50002020202002022002
20
22220000022022502200
20
22002025205250520220
20
05222000205022520022
20
20200000252220202250
20
22222002052205022000
20
00252202202202225200
20
52020002205252222220
20
22022525222202522025
20
22502002222222202502
20
05500022202520005200
20
00002020250022022520
20
00002200002020020022
20
00225200200022225502
20
20025050002250002000
20
50205020020220052220
20
52222200252000022222
20
22025022500000520022
20
52522022020200020005
20
02222502552022200220
20
22222202025020250222
20
22025220522022020000
20
00202000025000200020
20
02522022220222200020
20
02005500222220500005
20
02225502020000522202
20
02220500202202202222
20
00222250022020002202
20
25022522052222220000
20
00522522022002022250
20
20222220022502022020
20
02020022022200205220
20
02052022220002202220
20
22200000250222222022
20
52200025250202020225
20
20020202225220500252
20
00225200525220220225
20
50220002002202050222
20
02502202520202020222
20
20220220222200202220
20
22222022020225025520
20
22025500202202022002
20
02000520202522220222
20
50220202222250020002
20
20020020022022222022
20
00222550020220052022
20
00220202220020000225
20
00022000002252250200
20
20222025022202522250
20
22020222202002200020
20
22502000220255000002
20
52200025200220222222
20
00020222020022222020
20
52002202200222522002
20
22022200022000005222
20
22002022002205202022
20
22000200200222220202
20
00222200055022222220
20
20225000022022022205
20
20200250025220202002
20
22200222050252050220
20
02200022002202002020
20
20202050022050220552
20
02020022022252225002
20
20200022202202022000
20
52222502052205000200
20
02222022220220200202
20
50252205002000020020
20
20202005020502050022
20
50222022205002255022
20
50202022000020050022
20
02200200205022002000
20
20055020002002255202
20
22002020220222002220
20
20222022202222252520
20
25202002202025200200
20
20225525220002020022
20
22022220020002222522
20
00225052002222202022
20
00000025022022202200
20
02200220000222200000
20
22225202200222020202
20
20222555200222220222
20
22200022202052022000
20
50202022220222022222
20
05022005222222222222
20
22222222220202220000
20
02502052002202252020
20
22220202025522500502
20
00200520255250052502
20
22222205202220002200
20
52202225255050055222
20
22005002222520025222
20
02020220220022200525
20
00220022200222022050
20
20022202220020025020
20
20202520250020020225
20
22002222522500022220
20
00225022022005005005
20
22202252520222222202
20
20050222502205222002
20
22222020020502202220
20
20000022022502222002
20
20022220020202022200
20
02002025202502205020
20
50020025252220250200
20
52250020022200000252
20
22022020222200020202
20
05202002222252220220
20
22200022552000522022
20
02252050220020200202
20
20000202220222502222
20
02200002522202205220
20
22000050002505005025
20
52252002222202250022
20
22005220022225202222
20
22225220220252020500
20
52050000222222022202
20
02252025050022222222
20
22200052500022052022
20
02222222222520200202
20
22222202252502022222
20
52202050555255252225
20
05220220200502022200
20
02005020022250500222
20
50225220052022222202
20
00020020522022222500
20
22222220202222502202
20
22222220020022022220
20
22200002002250200255
20
20020220002000020022
20
22020222020255000252
20
22202002002025525000
20
00022020002000222205
20
00220502025205222225
20
02052225002502222552
20
00222222020500050202
20
20020000022022022002
20
22550202222020002202
20
22002025220222022252
20
22002200220502022022
20
22020022022222220025
20
02200220222002222222
20
22222200002200000202
20
25222222052502250002
20
05022220202252220202
20
25220002055220220052
20
02252000505252520002
20
02005522020022000222
20
20225502225202022022
20
02200050002202000000
20
50200025005202050520
20
02520222222500220202
20
02005220052220525220
20
02022222505022222020
20
25502252002222202220
20
00200020220200202202
20
02200220022220202022
20
22220222255000220255
20
20220200225220205202
20
22502200000200000220
20
22220202205222225202
20
02000205052002255022
20
22202050520002005202
20
22500225022020202522
20
22250202220202252522
20
22225200020022222552
20
00202200220200002222
20
00225202202000202000
20
02525022225000202020
20
52200022220205002502
20
20220000222502222020
20
22200252222220002220
20
52202022202200202202
20
00222222000000020522
20
55002002220022002220
20
20200202220202250202
20
22200202252005202220
20
22025502052002000002
20
22200005205222200222
20
20002222002005220222
20
02002252222000220202
20
22222020022500022220
20
22222020220222252522
20
22252002222222002200
20
00220250000000022022
20
52222020225025252220
20
05220502000220200002
20
22000200522202222200
20
00202500052200002022
20
00250200522022500002
20
00222205202250052222
20
02005222250202200052
20
50252250222200205222
20
20222022200022222002
20
02000220020222002000
20
00002025052022052222
20
22250220502520000222
20
20202252202202252500
20
20202000005222220200
20
52002520000202525222
20
22500252020205200020
20
22205000020252022002
20
52005520220220002200
20
02222202050000225022
20
22022220022052200222
20
50200220202222222000
20
02000202020200200002
20
05025200002020202222
20
20022225005200002225
20
52000520225002202025
20
22020220052022222022
20
00052000200500202220
20
20220220250022200000
20
22250250005222222505
20
25022200022025222250
20
05002000200022500020
20
20225222022500002202
20
52020002222222020225
20
52020220202202222222
20
20220020222002202052
20
20220220222022522222
20
05020202202502252052
20
00020020505000202205
20
22020200252022222202
20
25222200220200252020
20
52022020002202200000
20
20522202022002022520
20
22050025200020222222
20
00205220052020550222
20
05200220220002202205
20
20000205522222022022
20
00225222022202000222
20
22025000500550200220
20
22220222202222000002
20
20022222020000200200
20
00555022022002502222
20
05252520205222002002
20
20502002525022022020
20
22200222202022005002
20
22252520220220220220
20
00525202252520052202
20
25020222000022200250
20
20022020220050222200
20
22220022220020000502
20
20200200505502202000
20
00022202222225025202
20
02205222020202020020
20
25025225222220502222
20
52022002225250500222
20
22220222200200222022
20
22020220202002202250
20
22222200000020202255
20
22200202052200222502
20
22220220020022222020
20
22222020000002022255
20
05202222522022202020
20
20000552220220220200
20
52200022202520222022
20
20020020222200220225
20
20020552022200220002
20
50200000200222005000
20
55000222202505205202
20
00052020220002020522
20
22020222222550225052
20
25000202222202000220
20
02050202202222020000
20
00252002202220022052
20
02225522250502220222
20
02225222220025200205
20
52200000222220020505
20
25222020202005200050
20
00000222052202222002
20
20022200000222222250
20
02500252202022200020
20
00252000220022220222
20
50252002205222252002
20
22022222022220222222
20
22220222020000222252
20
00200200252222522200
20
02252255022220020202
20
02000052220022002022
20
22002200220052220200
20
20202222222205000205
20
22522250050005020225
20
52220520220202220202
20
20220222025220055200
20
00225022000220220250
20
52250000002252022002
20
22022220250202020250
20
02020222222222222020
20
22220222002002202000
20
00250222202202000222
20
20222000202000202200
20
22002202002220002200
20
22222200020200222202
20
02220202222222205220
20
20220052020522220220
20
00202200000202020000
20
20520222020202002225
20
02020222500220222202
20
00022020222502222200
20
25020522002522020220
20
02052022002222202250
20
25000222020500200222
20
20222200500220220200
20
00202052252050052525
20
22022222220022025022
20
05222202222205220220
20
52022202225050500000
20
52522222220200222225
20
22200005202522525220
20
22022025250222255022
20
02220020222202520202
20
52002022020220052202
20
00020222202000022502
20
02020502005222222202
20
20205222222202500020
20
00202000025222022022
20
20252020222250222002
20
02222202202000220502
20
50200222020020222220
20
02250222200002222202
20
22222202220220020020
20
02202250222222200200
20
52002220002252220222
20
02200222022500200052
20
02002502000020020550
20
02200222200200222052
20
22002255522000000050
20
22222255220200222202
20
00222002222222202002
20
20225220202202220252
20
02025000020220222000
20
02002220220000222000
20
20222205022000005022
20
50002000205200202022
20
50250220222000022502
20
05200220000202002202
20
05225202220222022200
20
20002022020225200205
20
00220000220022252205
20
00202522220022000220
20
00000202020200020000
20
20200050022222020002
20
00220002220022222002
20
02202020000200220220
20
25220222222020005000
20
02005220000002202022
20
02225502202000200500
20
22022552025025220022
20
50205252522502522002
20
25220005020502250220
20
52202220500202020202
20
20222022025002200522
20
20055222200050052022
20
00050200222000250520
20
02000020200002200220
20
02022002200222220022
20
00520220222252220222
20
00205020202022222022
20
02202225222020220022
20
02220050052022222022
20
22222022222222000505
20
20025050020222222022
20
22022200025222000002
20
02202222200025002222
20
02022005522025202200
20
22200200002020052222
20
20222220022025200222
20
52502202222022020050
20
00252002522250252222
20
02002222000002002222
20
20020500222250525002
20
22220220222202025220
20
50220552205200020220
20
22002250222022200202
20
00220002202222050200
20
25220022022222220220
20
00222220020020252222
20
22022220002502002052
20
22220220200222022220
20
50222200225220022220
20
20000200002200002252
20
02022022220052002200
20
00222202000522222222
20
22200202022222055022
20
00200025500002502002
20
00222002220020205502
20
22055502222522022022
20
02052220000050222022
20
00520555022205220000
20
22022500222020252552
20
02202020220220000205
20
25020202220222222022
20
02222520222222022022
20
05200200202052022200
20
50520000002252000002
20
22202220022202525022
20
25022202022022002022
20
02222052200020202222
20
50222202000502025222
20
20222222225050000222
20
00000552022222222222
20
20050200200022200200
20
00220220520200002000
20
22225052202022222002
20
20202220220222000202
20
22220222502202502250
20
00250002005200000022
20
05220222022520252200
20
52020252000200020202
20
22022005222202020000
20
02552002002020552202
20
02222220522020202220
20
05502000222225220000
20
00052002002255022222
20
20225005252220252020
20
02220220002202022250
20
00002020002502222202
20
50222205002205022200
20
00200202255220222522
20
20250200202050225222
20
22220005520200002202
20
20220522502220002220
20
22205025020222252202
20
02020220005022252025
20
25020522000020220002
20
22500020202222020002
20
02000252200022222222
20
22202522025202000020
20
50200002002022252205
20
02022002220522502020
20
20025222000520002002
20
00022055220220020502
20
22522000222502520222
20
22202020020250205000
20
22252222205222200000
20
00202020220202202202
20
02200022220022050200
20
02200222200202222205
20
20220022022020520005
20
02500222022222520205
20
20050502222200000020
20
02222020220025502052
20
00000220222200220552
20
22050002020002220020
20
22025202202202020520
20
50000225220200022020
20
02220020202020205552
20
05000522020020250022
20
50222200222000002022
20
50022002002252200050
20
50022552205025005202
20
00220052050250222220
20
02000202252552220050
20
02202255202220022220
20
02220002252200020222
20
22202202250250002202
20
20055200200200222222
20
20022222222005022220
20
00050520025000000000
20
50220220222502202022
20
00250022020225002202
20
22525500050202002222
20
20002005020000222205
20
20002502202020002220
20
22220222002222220222
20
02020222002002200022
20
50000020022222022050
20
22205020502252022252
20
02252220522020250222
20
05220200502020222522
20
52220020222050002220
20
20222202200250000202
20
20202200025020522020
20
25202500020225022222
20
02222202202550000220
20
02222022000200202002
20
25502205502002222220
20
22025200205025222000
20
00000000200202000252
20
22022052020202020020
20
22220222222000002520
20
22250220002002202220
20
02020220025000250222
20
52200200002200000520
20
02020525022020022222
20
20202022200020250205
20
20202222202000022025
20
00225222022022052000
20
02222222002052202252
20
20202220002050020202
20
20220222202500020002
20
00225020525022222205
20
25020202220002022225
20
00002200000220022220
20
52022222020202200002
20
02202002222222220000
20
52022200522000222220
20
20020202520000000225
20
22222022252520222252
20
20020220000220202000
20
20220022002522220522
20
22225202502202022022
20
02200520200225220222
20
20022202250222002202
20
22022222250005002052
20
52205000005020025220
20
02200222200202222005
20
20020225502000202220
20
22220202500220000222
20
25222202000250025502
20
20002222202500222200
20
02022222222020025252
20
22022000220050000522
20
02002200002002525202
20
20050200222200022202
20
20005202252222020250
20
00220252202020052005
20
00222520202000252220
20
02020222022022500202
20
00502522022022222202
20
22500200222500000222
20
02202000022205500205
20
22250000002020000020
20
22220022202505220222
20
02205022202252005002
20
20205000250202222220
20
22000220200022255200
20
22525020222200202055
20
20000202022202522220
20
22222200022000202202
20
50020220050502000020
20
02202220202022222500
20
02220252520220220022
20
02550022000502550502
20
02000225200022200222
20
20200022520222522200
20
25222025020222022002
20
02220252022222002220
20
00525025022250002002
20
50022525202222002200
20
02225202222002220502
20
00022205022522220020
20
22020202020205252222
20
02022250220200022002
20
00200200025500202002
20
20000002000200022502
20
20020002002222250222
20
02522000200022200020
20
05050200002020522222
20
02022002220022222205
20
22052202255225202050
20
05000000220200252205
20
22025200022200520220
20
02002020020502200520
20
22022220022050500020
20
05202200020200202522
20
22000220202000502205
20
02002002222202022220
20
00022250502022020220
20
20200500202022220502
20
55220020200002220002
20
22225022225022202005
20
05200002020020220520
20
00202522220022000522
20
02222002000222002052
20
52225200220220002025
20
00022202205050252202
20
22252222000550002005
20
20552202222520520000
20
22220002220052200220
20
00020202020000222022
20
22225020222002202252
20
20255022522022502202
20
20022520222020055000
20
20052025000220220220
20
02525202020252222000
20
02022222220252000222
20
20022200050025520020
20
22020220200220222020
20
00005222002022202000
20
52002552202000050000
20
25202222200220222020
20
22202020200252220222
20
22022000220022022225
20
20250055500020200025
20
02222222000202020200
20
00000220522022022200
20
20500220002020220020
20
00500002222052002200
20
22522252022205522022
20
20202200000020222202
20
05020002002250002200
20
20025202200200022022
20
20200222022200052520
20
22000205220000200200
20
02202222502220022225
20
22220002222020020052
20
00220522222222520220
20
05025200022200520020
20
22202002002222252022
20
25200200020020022202
20
02200220020220222022
20
00200202200050220200
20
02202252522220022005
20
22022525220222000020
20
25252220020220202202
20
22000020225222202025
20
20002005025202020500
20
50502020220002000020
20
20025202505222522222
20
22200020002222520202
20
50220220020020200022
20
22022220005205522202
20
22020252002022202022
20
20250202202222002020
20
00252502052205255202
20
50002022220250222000
20
00502222200022020020
20
22202225000222022500
20
22022202520222222220
20
22002220552022020202
20
02020020205220020222
20
52202202220200520222
20
05020220005502200255
20
22002222025200502520
20
22222020200220200225
20
22500022222022002250
20
02505220020002200205
20
22250225222202552222
20
05052222222202002202
20
00022022500202052005
20
02050000022200225200
20
22205220002000025225
20
20000050250252002200
20
22250000020252522225
20
22520022000022202022
20
20522022220200200220
20
00222200220020002222
20
20222002222022220022
20
22250200222522220222
20
22220205205200002050
20
00050002022022220222
20
22220500222050522002
20
05050252202202225020
20
20205225502220025022
20
00202222002205200022
20
22222000002020020502
20
25522550020225220052
20
22202502052222000200
20
00000200220000522020
20
20000202000022220022
20
00250220522200020052
20
22002222202005000220
20
50220522020002022522
20
20250200022220000220
20
00020000000002202052
20
02000200022202020522
20
02055522022050202002
20
50000220022000222502
20
22220252222000220200
20
25225200225222225222
20
05020222222020222500
20
00002222222222022222
20
05020202022255220022
20
22522020022222222202
20
02222552020500220050
20
25225222202202220525
20
02002225520020222520
20
02002222022000002252
20
22522002220250000022
20
00520002002022022522
20
02220552005522200222
20
52222250522022220202
20
22220025022502202022
20
00520222020025002222
20
25020000220050250222
20
22002502022022200050
20
22022052022050025220
20
50000222205220252025
20
22005200022050200202
20
20022550255522222502
20
25222002222002002200
20
20220202220020022020
20
02220200025222020022
20
02202222020222025200
20
52222050522220222022
20
22202025022522000200
20
00202222202205200020
20
05025002220222200252
20
20522022200202025020
20
20222022022522002202
20
05020200052022005000
20
20202202250022200225
20
00202025025220022000
20
22250200050202202222
20
22200022252200052020
20
20202202022052222220
20
05222000250552020002
20
20205250222000022222
20
20200252255502205002
20
20020020025000202055
20
22220050000220022502
20
20002020220220205002
20
00200222220222202222
20
22020202222020220020
20
20200250225202505220
20
00520202052000252550
20
02222222025500202205
20
22225002200222222200
20
22502200020205022220
20
20000250000002002222
20
25220225252000002222
20
05202202200200020022
20
50222222222020022220
20
20225050522020020200
20
20520022002252025200
20
20022020220250020002
20
50225220000025000220
20
22000252002202205002
20
22252002522500222000
20
00002220200502020002
20
50255022252000202520
20
02022002020222200222
20
50200200022002020055
20
20520220202202000220
20
02220022222552200522
20
25252052200205025222
20
00025200250502520022
20
00020020002222022220
20
00020252200020202520
20
00220200222022220202
20
22002022220002200000
20
20002200205222200000
20
22222055022200202000
20
50522200200220202222
20
55002500020250022220
20
20000200252222200220
20
02222222520022220022
20
22200002220220020002
20
22222522020522000005
20
00020222220205220025
20
05222500250520205202
20
20020200250000225022
20
50202020050222250050
20
22220520020222222202
20
22020502220220000022
20
02252002502022055500
20
20202020022250220202
20
22202200000050000222
20
20200052022022020522
20
52020000002255522502
20
05020200522000222000
20
00220000002222202022
20
50002025225020000202
20
02200200252225202002
20
02222020022522000252
20
02205202205000520200
20
02220022002020222002
20
25202005002022200202
20
22200222222225222000
20
20225022202200550022
20
22222200250520202200
20
22200200220200000202
20
02002020250205252502
20
20200002200200225202
20
50200202022220520222
20
20252005022002200220
20
00220020222020022202
20
20020205022220220020
20
02202200022202000020
20
02202222025022002022
20
22520002225202202222
20
20202222052502220222
20
05002222222022002022
20
00200225202002552002
20
02220220222022222220
20
02225225222022222202
20
20255202205222222002
20
22522220202000522020
20
20222200220220022220
20
22502022020200250025
20
25250222022025200225
20
02502202502002252222
20
22522222220250202220
20
00022020000220205255
20
52025022200520252000
20
00002200200220200220
20
55000022225052225020
20
20020020222002222220
20
02052002200050222022
20
50220220022252220522
20
20025520520220020220
20
20020202252202522522
20
22520225200025225252
20
00022052202222050202
20
20025202200222220225
20
20022220220502000002
20
50000205020000052002
20
05222050220002222052
20
20222250252022002202
20
22222200222522025222
20
02022025222222222022
20
52522222000000020520
20
20020020052502000522
20
20002022205200020020
20
02200022002020002020
20
22200520222220202220
20
00025020020022220020
20
50052052252222522250
20
25000222520222255022
20
22002250022200220202
20
22020200220222020205
20
05500502522000202200
20
20200002020200022500
20
22002005225022222202
20
00022505202020022222
20
20220202200220202022
20
02222220520205002020
20
20020500552202222005
20
02220200200025200502
20
05055202000050222220
20
00025202200022020500
20
22202002222252005052
20
00220200020002220222
20
25205222220000000225
20
02202020020000200202
20
00022222205205005220
20
02200220222002522025
20
20002202202255200000
20
25000025200020052205
20
00002022202022202025
20
02200202200020000020
20
00225205222220002000
20
22000000200000202000
20
00022205520005022220
20
22220025222005202002
20
22202220005020250500
20
20522520202200200520
20
00202000000222202200
20
02020000222020502220
20
20050052202222000200
20
20200200202020222020
20
00020252200502222220
20
00520552220005202002
20
00200200000020252202
20
50052022020052202205
20
22220200222050002522
20
00025022202202200552
20
25202250002222002020
20
22220002522052000222
20
50522222005200055220
20
52202052225022522200
20
00202002002020002205
20
25520022002200202220
20
00000202020220055022
20
20222252252000202022
20
22002222225520202202
20
20002022222205250000
20
22520202202000520525
20
02200022520020222222
20
50225002020022000020
20
00200205222022505020
20
25200020000202202022
20
52220202002020200022
20
05005020022500202222
20
02000002050022202020
20
02220520555022200200
20
20020200025500220052
20
20022205520020222500
20
22522550020200002205
20
20020202522052020220
20
22202020220500202222
20
02222022555022002202
20
22225022020022202222
20
22200222002022202222
20
22220222222220520000
20
20002002052002520020
20
00220220000202222220
20
00020200022250200022
20
20022022200002205202
20
00502222502222202202
20
00202000525202220202
20
52220022520220222202
20
22022200202222050225
20
22222020500002050222
20
22020225200222202022
20
20052222250020200202
20
52050222202020020202
20
25222025522200500005
20
20022225000200222002
20
55205022220205205022
20
20025052522025220220
20
22222052005200020225
20
02502202205200200022
20
00522222225252220222
20
22050220222200220222
20
20020220522000200500
20
02502202222202525500
20
22225002202220550000
20
00205022252202520225
20
20052202200002202200
20
22202502200202255202
20
22225022222022520225
20
22000000005022202000
20
20020022202220500202
20
22205220000055220222
20
20202025222220220022
20
55200520200000000000
20
00200020002002222220
20
02200022202000022205
20
22052000222200220252
20
25200220005022000202
20
00200222220222022205
20
20222220250022222020
20
20222520222202252202
20
22022202500220200202
20
05222225200220220502
20
22020220222022002255
20
22022202202022200050
20
02220002222255002022
20
02500200252202025002
20
05020050022220022220
20
25050202252222502202
20
52020200002225202200
20
50020022020225022202
20
22220220202020200222
20
22002020025220552200
20
25252002000022002000
20
00222200022220252200
20
20220202000500002522
20
22222205220020202222
20
00050520202202200052
20
02200022500222022020
20
22002020002022002520
20
22022002022000522000
20
00022002000520022002
20
20522500222222200025
20
00020052000220202202
20
02022202052022202020
20
20002000005220202220
20
00022002252020002222
20
22220202500220202200
20
20202020000022020022
20
20202202222052222000
20
20202022202000005050
20
02252220522000522520
20
02005220022220220225
20
52020000225202252000
20
00202552250005222002
20
02200022205050022002
20
20020502222225002200
20
00220022522222052202
20
02002050522250020205
20
50020022022025052522
20
25220022020202522200
20
00022005000000200522
20
20222020222000522250
20
25052022022202222222
20
05020200000222202220
20
52502202220200002200
20
02220022200202202202
20
05205502200220202200
20
02000055022020200222
20
22020522200002220020
20
02000200522002020002
20
20022022225202220000
20
20200002022500020500
20
02202050222520002002
20
22502220020022200002
20
02022000200222222202
20
02505022020505020222
20
25000005522000220000
20
02220500022220202002
20
20252020022020202252
20
02502020050202202220
20
00520022220200220505
20
52025220520220050000
20
22222025202022222250
20
25202502222222202020
20
02202202022225002502
20
02002222020022222222
20
20002222200000000020
20
20222222022252202222
20
50522202202002522002
20
02250220222002055252
20
02022020222220020000
20
22222520222200200000
20
05225252050250220025
20
20522200022202002220
20
22222525220002005222
20
25552052220220205020
20
02505200220050522220
20
20220220002220520000
20
22022222002202502200
20
55222000220200200222
20
52520002020222225520
20
00202220222202200220
20
22202022000220220025
20
00202552002000002020
20
20220022200002050020
20
02020000020222252220
20
00002222020220052020
20
00205250222050052002
20
52522002220222050255
20
22252220222002522552
20
02025022222020025200
20
22205222200005220020
20
02022220220202500522
20
00050222220252202200
20
22250000502502202252
20
00220222002002020222
20
00000022222022222525
20
00020200022252022222
20
22222202502222200020
20
22225220220222220002
20
20022552202002202002
20
02022252022252220200
20
22022000220200022052
20
00052200500220222020
20
22002025502020502222
20
22222222020222200202
20
20252202220025020222
20
22020222002255202222
20
02020225250200202220
20
22220005022200025220
20
02200202022050022202
20
02222022200222222222
20
00020000222220200220
20
20225225000220222022
20
22222222522200000022
20
50005220200020020002
20
55222205202005200002
20
22002020022220222002
20
25202520202220052222
20
22250222222020522020
20
25200220202000205220
20
02252222552252522520
20
02200055520022022000
20
02002020202252220005
20
20200222522200200052
20
20225050525220205220
20
20002220225020525255
20
00202220520222220200
20
22552205052202502202
20
02225022202222225052
20
22200202222022202220
20
22202222222220222202
20
20222222225202202205
20
20022020200050020220
20
22520000205205220022
20
02002252022202020200
20
02202220222250202222
20
20022225522020220000
20
02020525202022022222
20
00005222022002222225
20
20202222020220520220
20
52225220225020020050
20
00202002000000200255
20
00222020005202220202
20
05002002200200200022
20
20202000502202025022
20
22025520020052022220
20
22002220020022252022
20
50022002222502502220
20
00202222202222200200
20
22222022222020022000
20
05252005052522552255
20
25002020222520002520
20
20052000200202225000
20
20222200025502022005
20
02000222002202205020
20
02005022220002202220
20
22000225205222052002
20
22220222502020222220
20
00022020022052500002
20
22502050222052022200
20
02020202220202220525
20
02222200552022020522
20
25202022222222225220
20
00522222225202222202
20
02025220022005020020
20
22220002000220000222
20
00025222222250022000
20
02220225200525050002
20
00205222202222020222
20
52025202202500225025
20
20005200252020222000
20
20200020200022200002
20
22000022002205020202
20
25002220022500205222
20
20200202220502052020
20
22220005020222520200
20
22022002222025202222
20
22200052022052000200
20
20002002022222520002
20
20222022522225052000
20
55220002520520020000
20
05020222020220202202
20
25205002050222022052
20
22020522222522220202
20
02000022002022020025
20
00200052022020200002
20
20205000202000022002
20
22202220200055222020
20
22202220025522022202
20
20002022222220202022
20
52000002052025002052
20
02055025000222500000
20
20000022022520002200
20
55022500220502225000
20
05220222520200022222
20
22222002020250050000
20
00020552252202202222
20
25220202025202250202
20
55202222000220022002
20
22020222220022252222
20
22222500025500250205
20
02250200200200220220
20
50022222220222020252
20
02022222052222002002
20
02220022200220220025
20
25502520222222522022
20
22220200020205050202
20
02002222202220022200
20
52025202222000000205
20
25000222025002000020
20
52222225000220020050
20
02220000202005000222
20
20005220002002200202
20
22500022022202202025
20
50002250522500225225
20
22020000522202220005
20
20025200222252222002
20
02202500020200022022
20
20022025220222200522
20
20020200222202202002
20
02002222220205002022
20
20022205222055005020
20
20002022502002002002
20
25002202202002022222
20
00022000002220222022
20
00500205202025002225
20
20202222202000052205
20
22200252222020020200
20
22000022202250202252
20
52220022222202022005
20
52255550022222000520
20
20020552252205220520
20
25002222200505222000
20
00200020250502252202
20
25205022202000002250
20
02202000052200020252
20
20552522020022550522
20
22222025022250500020
20
02200522202202222202
20
52520005202250205202
20
00005002202252022220
20
00202050202020020022
20
25200252000202250002
20
20000250220222020022
20
22200522222002250000
20
02202022000552202202
20
25022202505002220202
20
00502225200220222205
20
02202002000022022000
20
50200225222220022500
20
22222050202202022222
20
22502222022052225520
20
22222222200222020520
20
52202005200000052205
20
50022202205200022200
20
22000552225022020022
20
00222225005022202252
20
02520020002002002222
20
02502050222220005022
20
00222222200502025220
20
05222500502250200225
20
02522225002002022200
20
02200005222202500202
20
22202222550050022250
20
52022220025002002000
20
22200222000222202020
20
02220022200502202255
20
02005220022022202020
20
02252000222220520200
20
20025000052025002202
20
22002220020002205020
20
00252200220005020050
20
20222252020222222052
20
20250020255002050522
20
22020022502000222020
20
22002202225005200222
20
00020052222500522022
20
52205000205000022000
20
22202020552002220220
20
22202220000202220022
20
55220022252200500202
20
00202002550200220202
20
00020202250002505022
20
00252200202220022020
20
02200222205222225022
20
22202222020202000002
20
02252020020020550022
20
20022200020522220000
20
00022020500225200020
20
00050225002222002220
20
22020220022202202020
20
02520222002520220005
20
20222200222202002000
20
22052222022222000205
20
02222220020002255220
20
02220022220220220000
20
52550202205200020020
20
20005022200002205202
20
00225000252000220020
20
02020220522225222022
20
20220200520505205020
20
02502022022220022552
20
25005220222205202222
20
02220202050222002000
20
02000002025020200522
20
25222200022200022005
20
00252522025220202022
20
22222502225022200220
20
02205205022002020020
20
55002220002520222200
20
22222052020205050222
20
22020222025020022502
20
00022220020520222002
20
20055022220022222050
20
00000022222500205205
20
20522250002252022020
20
02200002200220220002
20
00222252022220505222
20
22220502202002022202
20
00002202222022222220
20
00500002002220002002
20
22222202252020202200
20
00522522022220202000
20
22225222052222522002
20
00222200220220020202
20
00225002002202220020
20
25500502000222000222
20
02252552202050220202
20
22000002050002020020
20
02002200205020202202
20
20222052202220225222
20
02222020025220205022
20
22202002022202222002
20
02222002522020022500
20
02002225202052020000
20
22002520220202200522
20
00220202022050005050
20
20222022020220022520
20
02200220020225020005
20
22202002222200200020
20
00520005220202520022
20
20222002200200020220
20
02222002000250250002
20
00200002250000022225
20
20202020220022505022
20
05022522052220200002
20
02222252205220202220
20
20220022025250202200
20
05205200222022202500
20
02200202222020200200
20
20202020222220002052
20
20002200005202222220
20
25202255022200202020
20
22500505202200222200
20
02002022220202000002
20
52222020222200220025
20
20222000020025000250
20
22522202202002020225
20
52250500220200220222
20
02022022222220222022
20
02002222500020000220
20
22522002205200200222
20
02202002002020052502
20
00252005522020022000
20
20500522052200520205
20
02222220220002222522
20
20202050022020020225
20
22022052020002022202
20
22252000220200200020
20
52220202225222002252
20
02205020020000202022
20
22200252025005220002
20
05202222520002002022
20
50202000002202022000
20
22000552020020502200
20
00020022222252220220
20
00222220200020220222
20
55202002220000205005
20
25220022550002005505
20
02002220002002225222
20
00022252205222222220
20
02250020502052050502
20
22222522220000220022
20
50020222222250220522
20
05000220052220025220
20
22502020022222022002
20
22200000522000220000
20
00002225250225502022
20
22222502220222222022
20
22220202022022050000
20
55000200222222020000
20
20022200220022020220
20
20202550222022025022
20
22202252022025522220
20
20250222222200202222
20
00020200050220520022
20
20222022022252000020
20
20020050500200220220
20
22022202005200022250
20
00250050222502500002
20
00050202000202202002
20
20002200005252200222
20
02200222220002220050
20
02250220222220002252
20
50005022202200000225
20
22220222205222000202
20
00020005220220005202
20
00202002555222000220
20
20022022500252020002
20
20202022220250225222
20
22202222202005250255
20
00220020222250252250
20
02200505052202005050
20
52200225022220022250
20
00022205222205200002
20
02222205222500522220
20
22020552020022255000
20
22502002205220200220
20
22220502252220022020
20
00255005205200520022
20
00220200522020250052
20
22202000222002200000
20
25022202022000522220
20
02200202002022002022
20
50022002252220222200
20
22020500202022050220
20
20025202020055202055
20
20225020220002250500
20
22500022020220000220
20
02222050250222205220
20
05222002252002020222
20
22225002220000022200
20
22252502020020252200
20
22022020020022250222
20
02052525202222022202
20
22220200222200200205
20
20200202205220022220
20
22000000200002005500
20
00220220020202025222
20
20552020252552202502
20
02022200520222002200
20
22522205252222050222
20
22000022002022020202
20
00022222202222022005
20
20022225052220220250
20
05250222020000020202
20
02000002205022020020
20
52022020522220002002
20
22002202000000220502
20
02020252222202250022
20
00200000502520222222
20
20002222222220022205
20
02202220505222022020
20
20520020502500020202
20
02222520200020022200
20
20000022025222252500
20
02222220225002222222
20
20022022050050020220
20
02005250220020200222
20
02222022205252000200
20
00500250020025002000
20
02205555252220522202
20
22505022220022202020
20
20200200200220500002
20
22002522222020002205
20
25202202222200202202
20
52020220500022020020
20
20002050022202002202
20
22202002002225220005
20
02202005000052020002
20
00500202502000022200
20
22200022222000202220
20
00500200500200020020
20
52500025020222025202
20
00022222252225220002
20
02222200200220220225
20
00250022500502500022
20
22022025202000025522
20
02055220220200222020
20
22202222202220225020
20
22200220525022220202
20
00000202022220052222
20
22225022200020202222
20
22200222222022222225
20
02200220202000220220
20
02202002200202022020
20
00225220505552022555
20
02502020002202050202
20
20222205022000220002
20
02225002020220222002
20
00002020000550022050
20
25022220222205220020
20
52220222022020020220
20
22220220022020250520
20
05220002222020220000
20
02205020020225222222
20
50000220222220022202
20
02002000222002222522
20
20050002000520202002
20
22002222222000222200
20
25025002250222222202
20
20000052000220020222
20
22520522222000020052
20
20200000020050200200
20
22202002202500220005
20
00052225005500502000
20
25020200002220220002
20
22200252522252200052
20
02222200220222020522
20
20025202220200205500
20
22002252220220020000
20
02220000220252000022
20
22202020220020202022
20
25050250250202022202
20
25222022020002220020
20
52220222222022252205
20
22222000202002202202
20
55252000200200022200
20
22220220022220252205
20
22000002002002552222
20
22002000025002250222
20
05220220222500002222
20
02220220202200020222
20
00022002202202002225
20
20000050020205502000
20
00022222022225000020
20
22000202525220025002
20
22000220020220022252
20
22502222222220022222
20
22502002002225220252
20
52202202252022005002
20
02250222220222222000
20
22005002025200505000
20
02002025225250222222
20
20502220022002222002
20
02202222222200200222
20
20222000022522222252
20
00202252222022002202
20
25020002525220222222
20
20002020202022200520
20
22022220200002222520
20
00222002002002000202
20
00252222222022205222
20
00002202000252202002
20
02502202222220222250
20
22022200222005005520
20
20222005220022020222
20
50225020000220202250
20
20505020005200000220
20
25002000222520200222
20
22225220020252220502
20
22050205020020222002
20
50000202220202020200
20
20022000000222200202
20
20000222022002500220
20
55202002002025250020
20
50222502225222222200
20
20202525502250202202
20
00220222000002022200
20
00252220220025200522
20
00202205020222222202
20
20202022222020022000
20
25222020050202202052
20
22222202052502020222
20
22205222002002200252
20
22202002220222052020
20
02205552252220202005
20
00222202002500220022
20
22002025225220220002
20
20220502202225200220
20
20220002022200222220
20
00200055020200220220
20
22220225202002220002
20
20220025252052220022
20
00225000025220200000
20
22222022022222050250
20
55202202022020205220
20
25222220020522020002
20
02002202020220220220
20
02022522020002050220
20
22222522500002022502
20
20222222502002220202
20
25220202220520020522
20
50055225020220225225
20
50222002020200225000
20
00200020202022000550
20
02202020200502222522
20
02000222002000222520
20
02002022000022020002
20
02502520202222202202
20
22205002020002220022
20
22020222220222050222
20
20222052520020222022
20
22220220200005022200
20
25200220220220020020
20
22200202025252002222
20
22020050250200022200
20
22005025022002220222
20
02222020250220000020
20
22520220222220200205
20
05200525250022222522
20
00002202050502202000
20
20020022220002052000
20
22520200520002202252
20
20202200020000055200
20
20022000020222025205
20
05022220250002020220
20
22502022220000220022
20
00022222002022202222
20
00250550522002052520
20
22020520000052220200
20
22000522022052202220
20
52022020222055202222
20
00202250022022052000
20
22200200222222200522
20
22200022200222220050
20
02200000000000225020
20
50200022020020222000
20
02200520222020022502
20
20220202520520220222
20
22202220250000250020
20
22522022002000202000
20
00202020000020502525
20
22520002520250220502
20
25202250050020222255
20
02002252052252250522
20
02002220022002500022
20
22250022055020220000
20
22220002502000022000
20
00002220022022550005
20
22000022200022000020
20
22000222000222000002
20
02020202222200520202
20
05522222200020250200
20
00020222002202252220
20
02550222020220522250
20
02222022220252002525
20
00220225022202220220
20
02020225522220020222
20
25020225002520220200
20
02052002022222022220
20
02222022220222002022
20
22255000222222002020
20
20052502002200022200
20
50025005220000022005
20
02225022200022255025
20
02202222020522202200
20
00205005522020222252
20
22502200002002200525
20
00050002002020020022
20
02000220002222005022
20
20005220022500220055
20
20005000000220250020
20
00050022252002220202
20
22220200002250020220
20
02222020000220025002
20
25055205020020020002
20
02202022002520250220
20
25200520502250220200
20
20252050220022000222
20
25200002220222200000
20
20052202220022200225
20
25522220022200200000
20
20222002022220520220
20
20202022222025052222
20
02020220200002522022
20
02022022005220002200
20
22202252505020002220
20
20002000200205202225
20
20202202050022002000
20
02000002222520050222
20
02005522220222200220
20
00002250222200005502
20
22220520220202220020
20
02020025520000225200
20
02052200002022502220
20
02222020202222020202
20
22202002222222202255
20
20255002002202220222
20
22202200550222000502
20
02252000020222250020
20
00022020022525200000
20
55002220002202022202
20
02202020222200225000
20
22252200022005020252
20
05000000220222200022
20
00050502020200222022
20
20222022020202222202
20
20022002050200220220
20
20220205200220202220
20
02052222220020252050
20
05002020202220050050
20
22220222222520200025
20
20202200000502222022
20
52202222002222020202
20
02202222200020020500
20
00520202050000000000
20
20050022220002225202
20
25502220022225052052
20
25025222222505520202
20
22200202222552052500
20
22052052022020222222
20
00222220520252222252
20
22222222020222502222
20
20202200222222220205
20
22250200252020022002
20
02020222222225020222
20
22000222255000202252
20
05225002202200002505
20
22222255020220022522
20
20022000222052000225
20
22022052502222202202
20
20250225052022520002
20
22220225020200550022
20
20050202002005520252
20
00202022202022220202
20
00220022002220200002
20
22022202220220050252
20
52022200222222220200
20
55220522220250202250
20
00220222020022222220
20
22552000200050050005
20
22022022202520522220
20
20202220500020020020
20
00020252522200000220
20
20505002200022020025
20
22200522222200022520
20
22502222555202022502
20
02022025000022022200
20
02052220222200020202
20
22022025200222222252
20
00522220252222252205
20
00022020222020020000
20
00020022202022502252
20
02225002220200520022
20
22002520202200022000
20
02220200200020025222
20
25220202020200000202
20
22002222205050202005
20
02225022020052252200
20
22202020222222052520
20
22522525022020000250
20
02220022222202202222
20
00002202020022052002
20
22020020222500050000
20
20000522002520225022
20
00020222002022202222
20
22222522020502222200
20
20222052022020255200
20
22222222022205222202
20
22220002252202002025
20
22222220200202220222
20
50522252022552502222
20
20022252225000002020
20
02025220222502020220
20
20002050222225220025
20
05200000020200252002
20
22522202202500222002
20
02220252252022052250
20
22022002020025220002
20
20202250055020002050
20
20202020250502002220
20
02200222050022002250
20
20502000022020252020
20
00225222505202522202
20
20202222022522225202
20
20202250202000500200
20
20220022222020022022
20
20200002202022202202
20
52222005020222002505
20
20020202220522050222
20
02222220052052205200
20
22220022020220220500
20
22220002000000220220
20
20520200000552225052
20
20000200200025020222
20
00020200200022022220
20
20000200220020522200
20
20200222022200022022
20
22000002222022222202
20
05055022222255522022
20
00250220222020000005
20
22202252200050055200
20
20200022002002250222
20
00022220550050220200
20
02002202250022022220
20
02205202020052502500
20
22002502050052252522
20
22050000220200022550
20
00002020200222000205
20
22000522000200220522
20
22520220220202002222
20
20220222222552220020
20
20222522002222022020
20
02222002020220200222
20
22222000202222052022
20
22022222020000222022
20
22205202252200200022
20
20020000520020022520
20
02202222222002205022
20
22000020002022022220
20
02000222222020205022
20
22202202025202052025
20
00202020220222502022
20
25022202000202205000
20
02020020502222220052
20
02020252025002222200
20
00202025250225522002
20
00200202005005005202
20
02222002000022222020
20
05022020022222200202
20
22220205022202222022
20
20522200520022220020
20
20000220225552220000
20
22002222220052202222
20
02002200220202200050
20
22202252020520022222
20
25202022222220222250
20
20000502052250220220
20
20202000202020200222
20
25200200520002522220
20
02200022002255000200
20
22202202020020000022
20
20050202022220222522
20
02020200250222020002
20
02220250002500552220
20
20205220202202000225
20
22200200200022022220
20
22522222502000020222
20
02222022255020020025
20
02022202002002220202
20
22202222522522220202
20
02002200200252250020
20
20022020002020220022
20
20520200220525502520
20
25525200220520220220
20
20002025220500202500
20
20000202222005222022
20
00002025225022020022
20
20222202202020502222
20
02220200220050002225
20
05000500202220022025
20
02205200200022220020
20
20020500202200222020
20
02222252552222025220
20
02202222252202200220
20
20500202020222222020
20
20022225000020222222
20
22020200022202025252
20
22202002002225022220
20
22002202202205220022
20
22200000220250002000
20
00005220220222002202
20
25502025002220522022
20
02522500000222202022
20
22220205202020002220
20
20222050025005202222
20
02522522220000220500
20
22202202200500020502
20
20220052222020522002
20
20500222200000220220
20
00220052002220052200
20
02202022202002022000
20
02000002220220220022
20
25502020020522200220
20
20000222202020520052
20
22220025222005005002
20
02222000000500022222
20
22000220202002022020
20
05225202202200200022
20
05020050025225022022
20
00202022005222220500
20
05220222200022202200
20
00200002000202222220
20
20020022220020022500
20
00000505220200022022
20
20000022005220502220
20
22550020220022200222
20
20252022222200000002
20
22020222202522202202
20
00202220225200005020
20
00202220202000200552
20
05250220022222222020
20
22022200220202002220
20
20222202022202222022
20
25202002222022000222
20
20520022022502020220
20
02050200202222002000
20
22252002020002205020
20
20200202502000020055
20
22020020200000222200
20
02222022252220500502
20
02002020222220000502
20
02202020222222252022
20
25002222220222222220
20
25222202500222220220
20
05200555225020000222
20
20520202500002222222
20
02000200220002520552
20
20202202222000202222
20
00020250200222220252
20
20020020022000222522
20
22022000005252022222
20
02202202220200022202
20
25250220002052500025
20
22250222222022022200
20
22500200002000225025
20
25002000222250252022
20
20020252202025022525
20
02252022022200202200
20
52022002220002025005
20
52050000002022022022
20
50020222522000020202
20
20200250020200220200
20
02220022020222000025
20
25020052205000220220
20
22220050000222000522
20
02202202000000222000
20
00025225202200002005
20
22000022252222022250
20
50022020022520200020
20
25002250502220000220
20
20020000225022520252
20
22255002222202022222
20
22002222202250022022
20
22202200220002002500
20
52202020520520222520
20
02202020220022552202
20
22022000202020052202
20
22522220220502055250
20
20202225202002502200
20
22520025250025020202
20
20202502222222205502
20
22000202022220002002
20
22220502002250005020
20
00225202222022200000
20
02520202525220022222
20
00022200022002050520
20
00020022050225522220
20
02522002200222002050
20
00222052220202220000
20
50220522200202220225
20
02005022200005220202
20
02202050222220002055
20
22200002200202220020
20
00022520222220522022
20
20222022000222502252
20
20000250200020500225
20
50025522252522220022
20
22002002200525222020
20
50502222022002020222
20
20020000202020000220
20
02205205220002220022
20
20202002220022220002
20
20052222522222220220
20
52202500522500500020
20
22222022022520002002
20
20205020522022020050
20
20002520205052200220
20
02222005200522200002
20
02005255252222200022
20
02202050222202020220
20
20222002202250202202
20
02222222022222200002
20
20222520052502502022
20
22502220250202222225
20
00502020220252222220
20
20005200000222022222
20
22202202220522225202
20
20000000220222200202
20
22022225550222020222
20
22220022022500020000
20
00020220200000202522
20
20200222005220220050
20
22220202202200002220
20
50000222002225522000
20
00022025222050200500
20
00225022200022202002
20
20205022205020000500
20
05000022200002222205
20
20502202020502222220
20
22022000022200022002
20
20222202522020002022
20
02222000002002000022
20
02025002020000022005
20
22000000002022202222
20
20250225000500222000
20
25222202222202002252
20
20000022222022020022
20
20222220222500220220
20
00020222222522220000
20
20200202020052202222
20
02002200222005202222
20
00220220252202205200
20
22000052255500252000
20
02222020222000222222
20
20025022022522502502
20
25205202202202522502
20
52020000020222202200
20
02220022505252520222
20
22225220222200020202
20
00002002052020020222
20
00525222022250222202
20
02222020022222025200
20
22025052525520205002
20
02002202002222050000
20
20220202220222220222
20
22502225205022220222
20
22222202202020002250
20
20050000005522020222
20
00222220020052222205
20
20525222020222222522
20
02002002202222002520
20
25022002200222202220
20
20002202022202220220
20
20200200020222020000
20
02225220022220022200
20
00220022020020222202
20
22002025202050255220
20
00022020520000020202
20
22200500202052022022
20
00002200020022202500
20
02220205022200220000
20
22025050022522202022
20
20500222202202520202
20
02050005002220250200
20
52022502000022055222
20
00002000222222205220
20
00225000252000020225
20
20222202022222020025
20
52022222022022020252
20
22202222020000005020
20
02002502052000252222
20
00022552222220052020
20
52202222222002022252
20
02520000220202202022
20
02002000200220200000
20
02522002225252200202
20
02200052002022520025
20
22020022002220002222
20
22202502222200220220
20
20252200205502020220
20
00000005220020022252
20
20202002520202522022
20
02002200200000022202
20
02202220222220220222
20
50200000022020220022
20
22002252220002220002
20
02500020002520522022
20
00020205202000220052
20
20200222520205220022
20
50255002022200200222
20
05000222205200522202
20
20220020002020220202
20
05520025000505220022
20
00005022020052222000
20
22025225022200020220
20
52002202052200000220
20
22020020202505002022
20
20052205000550220520
20
02000020022200000222
20
20525222050022225200
20
20502200020200220200
20
55200000200002200020
20
00000002220520002222
20
05052220022220052202
20
25252052022200202002
20
52255202020252222002
20
02205202022000002022
20
20050022050000522502
20
20200250502220200202
20
20000002020502250020
20
00200002502022205500
20
22222202000252002020
20
52220002202502002020
20
02520022020020202000
20
25252205022002002022
20
02200220220025522202
20
20502022250200205000
20
25025522500022000202
20
20222202002002220022
20
02220020025225022020
20
02250020522002220020
20
20002022020022205020
20
52200050205505520500
20
00002202520220002250
20
02220222020550002252
20
50222222200220020202
20
20220222550225220222
20
02522222222222052022
20
22022250222002520525
20
20202022022505552222
20
02022222520222500020
20
05002002020002002222
20
22002202202020002222
20
20002002025222220222
20
52005252222220200050
20
50202202222500202222
20
22222550202220222222
20
02020525200202220020
20
20220000050000020222
20
00200052222500222205
20
02220525222022025520
20
22222222200250005002
20
22502225220220052500
20
00002220200050005200
20
22005022220002002222
20
00022202222200020005
20
22020020022205022022
20
22202525222202002520
20
02222252022020050002
20
00522000202002020250
20
20202020002022022225
20
02202000200005500220
20
00000002220222020220
20
22000222025002222222
20
02222220020502022500
20
22050000052022220500
20
20200022200222000020
20
00200022222002222025
20
20222502222020202222
20
00025005002202520000
20
22500500520000202220
20
22252050222200222020
20
02000500202200022200
20
02500200002550020202
20
02222205005202500220
20
02022200000000522002
20
05222222020022020002
20
22522200200000052022
20
52250022220250252000
20
22202222202005205205
20
02202220052200202200
20
22520202020202205002
20
05002050222202225202
20
00202050522200220220
20
02202202205020002052
20
02022220022520222222
20
02200222002022522252
20
02000205225202052225
20
02252252220202550000
20
02202202002000202202
20
02050225022220222200
20
52005252222205205020
20
20020002000502000050
20
22220502222005202020
20
52020220200220252222
20
02020000502025000202
20
02202202220205002222
20
02220522502250200220
20
22020020000200022225
20
20022222000220020055
20
02000005055220200522
20
20520202002225022200
20
00202020020205022200
20
02022020202055222022
20
22222225220200222025
20
00250220502002552202
20
50050020202022022200
20
22252220200022200022
20
02220202200222222252
20
22002222025022200002
20
02220022002020052022
20
05022205202002222205
20
02220220202022025222
20
02052202020020220522
20
22252220202222020025
20
00020002502220220022
20
05220005005220202202
20
02552502500205222000
20
22520222220200222220
20
22022222022022022522
20
25222222022020020000
20
00020000520020522002
20
22222502000225222000
20
25202220522022220202
20
00205202025022050220
20
00200202222525252022
20
00222002200220022220
20
20022250202020002020
20
20250202002502502200
20
00225225000502202250
20
22055020202202002220
20
02022020000522002205
20
02220022200000522200
20
00022220025220052020
20
02220222050220225220
20
22200200222222002220
20
02052202222202000005
20
20202200252220225020
20
22522200020020002200
20
00202022220000022252
20
25022025002250222022
20
05520000050220202020
20
02002022022252225522
20
22252222020005020052
20
55202522202200202022
20
00020002500200220222
20
05202222200020200222
20
00005222000202025022
20
22222002500220225202
20
20055222202522000002
20
02250502022220222200
20
20205222255050222200
20
20220222222020222200
20
20020020250020020020
20
25522005500225000225
20
00220022222202200022
20
22002222000222202222
20
20222202202522022025
20
20220220220200202000
20
20500020002252520220
20
22200220500205220002
20
22202022200022222020
20
22225522202202222200
20
20022022002055220522
20
22022000520222202220
20
22222550550522220000
20
05020020200202220022
20
00500252020050222520
20
25525220550222020505
20
22222222002220220002
20
02022250222222022000
20
20022200225205250000
20
25200222222002052002
20
00002202522225000202
20
20020002052220202220
20
00022520502222000222
20
22020202000205022250
20
00252002552222020005
20
22202200022220222200
20
02202222002000002222
20
20225222222220225202
20
20052202222022222022
20
20205000220050202222
20
02020200222020002202
20
02200000020220022222
20
22000250222200222550
20
50020000000052000202
20
20020052222002200220
20
22200002502222002222
20
00222220000002200222
20
02520025020055000222
20
52000200222225200002
20
20002222550002255022
20
22020222222022022000
20
22222222222200000220
20
50202225202252252202
20
00200500252220222025
20
02202220000252020222
20
22225225002202222050
20
02202002220250000050
20
52002020200202205002
20
50002020202250022200
20
02025502002220200202
20
20202255002022555022
20
20202002202000002225
20
22005022022220022022
20
50200205220222550025
20
00025200220022220222
20
22220000202002050200
20
20502552020020202502
20
00222220520002025002
20
22022220222522020225
20
02220002025200200050
20
22252002255500220225
20
22022200252220205022
20
00200000200220220222
20
22002222225022000202
20
22020220022520020000
20
22200220220005222002
20
22220502022022222502
20
20220202200500202222
20
00250202202202002220
20
02200255002222020252
20
52025020202200222002
20
02222020002025055250
20
52202005002500020002
20
02220222002020202025
20
02022202000000000525
20
20522052500025200222
20
00220025200020520002
20
20222022000202002500
20
02222020020222202222
20
00222202520020000222
20
02202222220222220200
20
05022200202500000025
20
20025200222002225022
20
00220220000020222020
20
22222055222020225022
20
52202200025220222022
20
02020200222220222025
20
20020020520200502202
20
52050255005200220020
20
22000202200020222555
20
22520500220052200022
20
02000022022502222002
20
20220000022200500020
20
02220202222222022202
20
50022222022522205200
20
02022020520250050020
20
22020002202222200220
20
00222200005020202022
20
22502202220520020222
20
52022002022200222222
20
00520200220000002022
20
20020000202020202202
20
22205220222502525222
20
00222220252200002002
20
20500022500200200202
20
20052520502200220202
20
20022222022220502200
20
02252002202022220200
20
25050502020020252205
20
00202000005222522002
20
22220220222505022000
20
20000002525020222022
20
20202220505020202022
20
02002005220552500552
20
22020050502000222020
20
22200022502525222002
20
00000022222220222205
20
50200250222000000000
20
25220220052050222020
20
22200020200200020200
20
22202225020222022220
