"filename", "language", "C++", "C", "PHP", "Markdown", "JSON", "comment", "blank", "total"
"/home/everlasting/acm_training/.VSCodeCounter/2025-12-03_10-24-02/details.md", "Markdown", 0, 0, 0, 981, 0, 0, 6, 987
"/home/everlasting/acm_training/.VSCodeCounter/2025-12-03_10-24-02/diff-details.md", "Markdown", 0, 0, 0, 9, 0, 0, 6, 15
"/home/everlasting/acm_training/.VSCodeCounter/2025-12-03_10-24-02/diff.md", "Markdown", 0, 0, 0, 12, 0, 0, 7, 19
"/home/everlasting/acm_training/.VSCodeCounter/2025-12-03_10-24-02/results.json", "JSON", 0, 0, 0, 0, 1, 0, 0, 1
"/home/everlasting/acm_training/.VSCodeCounter/2025-12-03_10-24-02/results.md", "Markdown", 0, 0, 0, 149, 0, 0, 7, 156
"/home/everlasting/acm_training/.VSCodeCounter/2026-01-07_11-17-02/details.md", "Markdown", 0, 0, 0, 1205, 0, 0, 6, 1211
"/home/everlasting/acm_training/.VSCodeCounter/2026-01-07_11-17-02/diff-details.md", "Markdown", 0, 0, 0, 2177, 0, 0, 6, 2183
"/home/everlasting/acm_training/.VSCodeCounter/2026-01-07_11-17-02/diff.md", "Markdown", 0, 0, 0, 349, 0, 0, 7, 356
"/home/everlasting/acm_training/.VSCodeCounter/2026-01-07_11-17-02/results.json", "JSON", 0, 0, 0, 0, 1, 0, 0, 1
"/home/everlasting/acm_training/.VSCodeCounter/2026-01-07_11-17-02/results.md", "Markdown", 0, 0, 0, 211, 0, 0, 7, 218
"/home/everlasting/acm_training/2024题单/双指针/P1102 A-B 数对.cpp", "C++", 33, 0, 0, 0, 0, 1, 9, 43
"/home/everlasting/acm_training/2024题单/双指针/P1147 连续自然数和.cpp", "C++", 39, 0, 0, 0, 0, 2, 8, 49
"/home/everlasting/acm_training/2024题单/双指针/P1638 逛画展.cpp", "C++", 50, 0, 0, 0, 0, 1, 11, 62
"/home/everlasting/acm_training/2024题单/双指针/P5745 区间最大和.cpp", "C++", 40, 0, 0, 0, 0, 1, 11, 52
"/home/everlasting/acm_training/2024题单/双指针/P7714 「EZEC-10」排列排序.cpp", "C++", 42, 0, 0, 0, 0, 0, 9, 51
"/home/everlasting/acm_training/2024题单/双指针/P9950 [USACO20FEB] Mad Scientist B.cpp", "C++", 34, 0, 0, 0, 0, 1, 9, 44
"/home/everlasting/acm_training/CF/1000/B. Circle Game.cpp", "C++", 47, 0, 0, 0, 0, 0, 8, 55
"/home/everlasting/acm_training/CF/1000/B. Deck of Cards.cpp", "C++", 66, 0, 0, 0, 0, 0, 15, 81
"/home/everlasting/acm_training/CF/1000/B. Discounts.cpp", "C++", 49, 0, 0, 0, 0, 0, 8, 57
"/home/everlasting/acm_training/CF/1000/B. Maximum Cost Permutation.cpp", "C++", 61, 0, 0, 0, 0, 2, 11, 74
"/home/everlasting/acm_training/CF/1000/C. Need More Arrays.cpp", "C++", 38, 0, 0, 0, 0, 0, 6, 44
"/home/everlasting/acm_training/CF/1000/D. Destruction of the Dandelion Fields.cpp", "C++", 67, 0, 0, 0, 0, 0, 13, 80
"/home/everlasting/acm_training/CF/1100/B. Abraham's Great Escape.cpp", "C++", 74, 0, 0, 0, 0, 1, 12, 87
"/home/everlasting/acm_training/CF/1100/C. I Will Definitely Make It.cpp", "C++", 55, 0, 0, 0, 0, 5, 11, 71
"/home/everlasting/acm_training/CF/1100/D. Tung Tung Sahur.cpp", "C++", 57, 0, 0, 0, 0, 0, 8, 65
"/home/everlasting/acm_training/CF/1100/Substrings Sort.cpp", "C++", 42, 0, 0, 0, 0, 1, 8, 51
"/home/everlasting/acm_training/CF/1200/C. K-th Not Divisible by n.cpp", "C++", 29, 0, 0, 0, 0, 0, 6, 35
"/home/everlasting/acm_training/CF/1200/C. Poisoned Dagger.cpp", "C++", 53, 0, 0, 0, 0, 0, 13, 66
"/home/everlasting/acm_training/CF/1200/C. Those Who Are With Us.cpp", "C++", 50, 0, 0, 0, 0, 0, 8, 58
"/home/everlasting/acm_training/CF/1200/D. A and B.cpp", "C++", 41, 0, 0, 0, 0, 0, 7, 48
"/home/everlasting/acm_training/CF/1200/E. Split.cpp", "C++", 54, 0, 0, 0, 0, 0, 9, 63
"/home/everlasting/acm_training/CF/1300/B. Catching the Krug.cpp", "C++", 38, 0, 0, 0, 0, 0, 6, 44
"/home/everlasting/acm_training/CF/1300/B. Incremental Path.cpp", "C++", 32, 0, 0, 0, 0, 0, 5, 37
"/home/everlasting/acm_training/CF/1300/C. Cinema.cpp", "C++", 51, 0, 0, 0, 0, 1, 10, 62
"/home/everlasting/acm_training/CF/1400/B. Obsession with Robots.cpp", "C++", 45, 0, 0, 0, 0, 1, 5, 51
"/home/everlasting/acm_training/CF/1500/A. Boredom.cpp", "C++", 45, 0, 0, 0, 0, 1, 6, 52
"/home/everlasting/acm_training/CF/1500/B. Burning Midnight Oil.cpp", "C++", 57, 0, 0, 0, 0, 2, 12, 71
"/home/everlasting/acm_training/CF/1500/C. Two TVs.cpp", "C++", 51, 0, 0, 0, 0, 1, 11, 63
"/home/everlasting/acm_training/CF/800/A. Add or XOR.cpp", "C++", 51, 0, 0, 0, 0, 0, 8, 59
"/home/everlasting/acm_training/CF/800/A. All Lengths Subtraction.cpp", "C++", 36, 0, 0, 0, 0, 0, 5, 41
"/home/everlasting/acm_training/CF/800/A. Be Positive.cpp", "C++", 25, 0, 0, 0, 0, 0, 3, 28
"/home/everlasting/acm_training/CF/800/A. Blackboard Game.cpp", "C++", 31, 0, 0, 0, 0, 0, 7, 38
"/home/everlasting/acm_training/CF/800/A. Candies for Nephews.cpp", "C++", 15, 0, 0, 0, 0, 0, 3, 18
"/home/everlasting/acm_training/CF/800/A. Collatz Conjecture.cpp", "C++", 25, 0, 0, 0, 0, 0, 5, 30
"/home/everlasting/acm_training/CF/800/A. Cut the Array.cpp", "C++", 48, 0, 0, 0, 0, 0, 7, 55
"/home/everlasting/acm_training/CF/800/A. Deranged Deletions.cpp", "C++", 39, 0, 0, 0, 0, 0, 10, 49
"/home/everlasting/acm_training/CF/800/A. Difficult Contest.cpp", "C++", 45, 0, 0, 0, 0, 1, 11, 57
"/home/everlasting/acm_training/CF/800/A. El fucho.cpp", "C++", 13, 0, 0, 0, 0, 0, 2, 15
"/home/everlasting/acm_training/CF/800/A. Equal Occurrences.cpp", "C++", 50, 0, 0, 0, 0, 0, 7, 57
"/home/everlasting/acm_training/CF/800/A. Equal Subsequences.cpp", "C++", 31, 0, 0, 0, 0, 0, 8, 39
"/home/everlasting/acm_training/CF/800/A. False Alarm.cpp", "C++", 40, 0, 0, 0, 0, 1, 11, 52
"/home/everlasting/acm_training/CF/800/A. Furniture Store.cpp", "C++", 35, 0, 0, 0, 0, 0, 9, 44
"/home/everlasting/acm_training/CF/800/A. Gellyfish and Tricolor Pansy.cpp", "C++", 31, 0, 0, 0, 0, 0, 7, 38
"/home/everlasting/acm_training/CF/800/A. Homework.cpp", "C++", 28, 0, 0, 0, 0, 0, 4, 32
"/home/everlasting/acm_training/CF/800/A. In the Dream.cpp", "C++", 34, 0, 0, 0, 0, 0, 2, 36
"/home/everlasting/acm_training/CF/800/A. Increase or Smash.cpp", "C++", 29, 0, 0, 0, 0, 0, 1, 30
"/home/everlasting/acm_training/CF/800/A. Incremental Subarray.cpp", "C++", 32, 0, 0, 0, 0, 0, 3, 35
"/home/everlasting/acm_training/CF/800/A. Letter Home.cpp", "C++", 40, 0, 0, 0, 0, 0, 8, 48
"/home/everlasting/acm_training/CF/800/A. Lever.cpp", "C++", 37, 0, 0, 0, 0, 0, 8, 45
"/home/everlasting/acm_training/CF/800/A. Maple and Multiplication.cpp", "C++", 26, 0, 0, 0, 0, 0, 3, 29
"/home/everlasting/acm_training/CF/800/A. Mix Mex Max.cpp", "C++", 35, 0, 0, 0, 0, 0, 8, 43
"/home/everlasting/acm_training/CF/800/A. Only One Digit.cpp", "C++", 32, 0, 0, 0, 0, 0, 8, 40
"/home/everlasting/acm_training/CF/800/A. Painting With Two Colors.cpp", "C++", 33, 0, 0, 0, 0, 0, 4, 37
"/home/everlasting/acm_training/CF/800/A. Race.cpp", "C++", 31, 0, 0, 0, 0, 0, 6, 37
"/home/everlasting/acm_training/CF/800/A. Recycling Center.cpp", "C++", 56, 0, 0, 0, 0, 1, 10, 67
"/home/everlasting/acm_training/CF/800/A. Redstone.cpp", "C++", 31, 0, 0, 0, 0, 0, 7, 38
"/home/everlasting/acm_training/CF/800/A. Round Trip.cpp", "C++", 36, 0, 0, 0, 0, 1, 5, 42
"/home/everlasting/acm_training/CF/800/A. Shashliks.cpp", "C++", 40, 0, 0, 0, 0, 0, 8, 48
"/home/everlasting/acm_training/CF/800/A. Shift Sort.cpp", "C++", 28, 0, 0, 0, 0, 0, 6, 34
"/home/everlasting/acm_training/CF/800/A. Shortest Increasing Path.cpp", "C++", 22, 0, 0, 0, 0, 0, 3, 25
"/home/everlasting/acm_training/CF/800/A. Square Year.cpp", "C++", 51, 0, 0, 0, 0, 0, 5, 56
"/home/everlasting/acm_training/CF/800/A. Square of Rectangles.cpp", "C++", 25, 0, 0, 0, 0, 0, 5, 30
"/home/everlasting/acm_training/CF/800/A. Sublime Sequence.cpp", "C++", 17, 0, 0, 0, 0, 0, 3, 20
"/home/everlasting/acm_training/CF/800/A. Submission is All You Need.cpp", "C++", 34, 0, 0, 0, 0, 0, 9, 43
"/home/everlasting/acm_training/CF/800/A. Tom Riddle's Diary.cpp", "C++", 34, 0, 0, 0, 0, 1, 5, 40
"/home/everlasting/acm_training/CF/800/A. Trippi Troppi.cpp", "C++", 25, 0, 0, 0, 0, 0, 3, 28
"/home/everlasting/acm_training/CF/800/B. Above the Clouds.cpp", "C++", 43, 0, 0, 0, 0, 0, 8, 51
"/home/everlasting/acm_training/CF/800/B. Alternating Series.cpp", "C++", 40, 0, 0, 0, 0, 0, 6, 46
"/home/everlasting/acm_training/CF/800/B. Bobritto Bandito.cpp", "C++", 38, 0, 0, 0, 0, 0, 6, 44
"/home/everlasting/acm_training/CF/800/B. Cake Collection.cpp", "C++", 33, 0, 0, 0, 0, 0, 6, 39
"/home/everlasting/acm_training/CF/800/B. Lasers.cpp", "C++", 21, 0, 0, 0, 0, 0, 3, 24
"/home/everlasting/acm_training/CF/800/B. No Casino in the Mountains.cpp", "C++", 42, 0, 0, 0, 0, 0, 7, 49
"/home/everlasting/acm_training/CF/800/B. Shrink.cpp", "C++", 48, 0, 0, 0, 0, 0, 11, 59
"/home/everlasting/acm_training/CF/800/B. Tournament.cpp", "C++", 41, 0, 0, 0, 0, 0, 10, 51
"/home/everlasting/acm_training/CF/800/B. Unconventional Pairs.cpp", "C++", 29, 0, 0, 0, 0, 0, 4, 33
"/home/everlasting/acm_training/CF/800/B. Villagers.cpp", "C++", 32, 0, 0, 0, 0, 0, 7, 39
"/home/everlasting/acm_training/CF/900/A. Indian Summer.cpp", "C++", 30, 0, 0, 0, 0, 1, 6, 37
"/home/everlasting/acm_training/CF/900/B. Not Quite a Palindromic String.cpp", "C++", 46, 0, 0, 0, 0, 0, 7, 53
"/home/everlasting/acm_training/CF/900/C. Brr Brrr Patapim.cpp", "C++", 44, 0, 0, 0, 0, 0, 7, 51
"/home/everlasting/acm_training/CF/900/C. MEX rose.cpp", "C++", 35, 0, 0, 0, 0, 35, 20, 90
"/home/everlasting/acm_training/CF/900/C. Pacer.cpp", "C++", 37, 0, 0, 0, 0, 0, 8, 45
"/home/everlasting/acm_training/CF/Educational Codeforces Round 177/A.cpp", "C++", 26, 0, 0, 0, 0, 0, 4, 30
"/home/everlasting/acm_training/CF/Educational Codeforces Round 177/B.cpp", "C++", 63, 0, 0, 0, 0, 1, 5, 69
"/home/everlasting/acm_training/CF/Educational Codeforces Round 177/C.cpp", "C++", 48, 0, 0, 0, 0, 0, 7, 55
"/home/everlasting/acm_training/CF/Educational Codeforces Round 178/A.cpp", "C++", 33, 0, 0, 0, 0, 0, 5, 38
"/home/everlasting/acm_training/CF/Educational Codeforces Round 178/B.cpp", "C++", 46, 0, 0, 0, 0, 0, 9, 55
"/home/everlasting/acm_training/CF/Educational Codeforces Round 178/C.cpp", "C++", 48, 0, 0, 0, 0, 0, 6, 54
"/home/everlasting/acm_training/CF/Educational Codeforces Round 178/D.cpp", "C++", 60, 0, 0, 0, 0, 0, 8, 68
"/home/everlasting/acm_training/CF/Educational Codeforces Round 182/B.cpp", "C++", 83, 0, 0, 0, 0, 0, 6, 89
"/home/everlasting/acm_training/CF/Educational Codeforces Round 182/C.cpp", "C++", 37, 0, 0, 0, 0, 0, 6, 43
"/home/everlasting/acm_training/CF/Educational Codeforces Round 182/D.cpp", "C++", 30, 0, 0, 0, 0, 0, 6, 36
"/home/everlasting/acm_training/CF/Educational Codeforces Round 183/C.cpp", "C++", 59, 0, 0, 0, 0, 0, 10, 69
"/home/everlasting/acm_training/CF/Educational Codeforces Round 184/A.cpp", "C++", 49, 0, 0, 0, 0, 1, 9, 59
"/home/everlasting/acm_training/CF/Educational Codeforces Round 184/B.cpp", "C++", 103, 0, 0, 0, 0, 3, 13, 119
"/home/everlasting/acm_training/CF/Educational Codeforces Round 184/C.cpp", "C++", 42, 0, 0, 0, 0, 0, 7, 49
"/home/everlasting/acm_training/CF/Educational Codeforces Round 185/A.cpp", "C++", 39, 0, 0, 0, 0, 0, 6, 45
"/home/everlasting/acm_training/CF/Educational Codeforces Round 185/B.cpp", "C++", 48, 0, 0, 0, 0, 3, 10, 61
"/home/everlasting/acm_training/CF/Educational Codeforces Round 185/C.cpp", "C++", 59, 0, 0, 0, 0, 0, 9, 68
"/home/everlasting/acm_training/CF/Educational Codeforces Round 186/A.cpp", "C++", 39, 0, 0, 0, 0, 0, 4, 43
"/home/everlasting/acm_training/CF/Educational Codeforces Round 186/B.cpp", "C++", 47, 0, 0, 0, 0, 0, 6, 53
"/home/everlasting/acm_training/CF/Educational Codeforces Round 186/C.cpp", "C++", 45, 0, 0, 0, 0, 0, 8, 53
"/home/everlasting/acm_training/CF/Educational Codeforces Round 186/D.cpp", "C++", 76, 0, 0, 0, 0, 3, 14, 93
"/home/everlasting/acm_training/CF/Global Round 29/B.cpp", "C++", 34, 0, 0, 0, 0, 0, 6, 40
"/home/everlasting/acm_training/CF/Global Round 29/C.cpp", "C++", 40, 0, 0, 0, 0, 0, 6, 46
"/home/everlasting/acm_training/CF/Global Round 29/D.cpp", "C++", 52, 0, 0, 0, 0, 0, 6, 58
"/home/everlasting/acm_training/CF/Global Round 30/A.cpp", "C++", 39, 0, 0, 0, 0, 0, 4, 43
"/home/everlasting/acm_training/CF/Global Round 30/B.cpp", "C++", 71, 0, 0, 0, 0, 0, 10, 81
"/home/everlasting/acm_training/CF/Global Round 30/C.cpp", "C++", 63, 0, 0, 0, 0, 0, 11, 74
"/home/everlasting/acm_training/CF/Global Round 31/A.cpp", "C++", 38, 0, 0, 0, 0, 0, 4, 42
"/home/everlasting/acm_training/CF/Global Round 31/B.cpp", "C++", 47, 0, 0, 0, 0, 0, 7, 54
"/home/everlasting/acm_training/CF/Global Round 31/C.cpp", "C++", 60, 0, 0, 0, 0, 0, 9, 69
"/home/everlasting/acm_training/CF/Global Round 31/D.cpp", "C++", 50, 0, 0, 0, 0, 1, 7, 58
"/home/everlasting/acm_training/CF/Good Bye 2025/A.cpp", "C++", 36, 0, 0, 0, 0, 0, 4, 40
"/home/everlasting/acm_training/CF/Good Bye 2025/B.cpp", "C++", 59, 0, 0, 0, 0, 1, 5, 65
"/home/everlasting/acm_training/CF/Good Bye 2025/C.cpp", "C++", 49, 0, 0, 0, 0, 0, 5, 54
"/home/everlasting/acm_training/CF/Hello 2026/A.cpp", "C++", 36, 0, 0, 0, 0, 0, 6, 42
"/home/everlasting/acm_training/CF/Hello 2026/B.cpp", "C++", 50, 0, 0, 0, 0, 0, 8, 58
"/home/everlasting/acm_training/CF/Hello 2026/C.cpp", "C++", 37, 0, 0, 0, 0, 0, 8, 45
"/home/everlasting/acm_training/CF/Hello 2026/D.cpp", "C++", 54, 0, 0, 0, 0, 0, 11, 65
"/home/everlasting/acm_training/CF/Round 1016/A.cpp", "C++", 26, 0, 0, 0, 0, 0, 4, 30
"/home/everlasting/acm_training/CF/Round 1016/B.cpp", "C++", 35, 0, 0, 0, 0, 0, 4, 39
"/home/everlasting/acm_training/CF/Round 1016/C.cpp", "C++", 44, 0, 0, 0, 0, 0, 5, 49
"/home/everlasting/acm_training/CF/Round 1018/A.cpp", "C++", 42, 0, 0, 0, 0, 0, 6, 48
"/home/everlasting/acm_training/CF/Round 1018/B.cpp", "C++", 43, 0, 0, 0, 0, 0, 9, 52
"/home/everlasting/acm_training/CF/Round 1019/A.cpp", "C++", 36, 0, 0, 0, 0, 0, 5, 41
"/home/everlasting/acm_training/CF/Round 1019/B.cpp", "C++", 52, 0, 0, 0, 0, 0, 5, 57
"/home/everlasting/acm_training/CF/Round 1020/A.cpp", "C++", 34, 0, 0, 0, 0, 0, 4, 38
"/home/everlasting/acm_training/CF/Round 1020/B.cpp", "C++", 31, 0, 0, 0, 0, 0, 4, 35
"/home/everlasting/acm_training/CF/Round 1020/C.cpp", "C++", 65, 0, 0, 0, 0, 0, 11, 76
"/home/everlasting/acm_training/CF/Round 1021/A.cpp", "C++", 42, 0, 0, 0, 0, 0, 5, 47
"/home/everlasting/acm_training/CF/Round 1022/A.cpp", "C++", 30, 0, 0, 0, 0, 0, 6, 36
"/home/everlasting/acm_training/CF/Round 1022/B.cpp", "C++", 60, 0, 0, 0, 0, 0, 9, 69
"/home/everlasting/acm_training/CF/Round 1022/C.cpp", "C++", 43, 0, 0, 0, 0, 0, 11, 54
"/home/everlasting/acm_training/CF/Round 1023/A.cpp", "C++", 50, 0, 0, 0, 0, 0, 6, 56
"/home/everlasting/acm_training/CF/Round 1023/B.cpp", "C++", 48, 0, 0, 0, 0, 0, 8, 56
"/home/everlasting/acm_training/CF/Round 1023/C.cpp", "C++", 72, 0, 0, 0, 0, 0, 8, 80
"/home/everlasting/acm_training/CF/Round 1024/A.cpp", "C++", 33, 0, 0, 0, 0, 0, 6, 39
"/home/everlasting/acm_training/CF/Round 1024/B.cpp", "C++", 41, 0, 0, 0, 0, 0, 7, 48
"/home/everlasting/acm_training/CF/Round 1024/C.cpp", "C++", 48, 0, 0, 0, 0, 0, 6, 54
"/home/everlasting/acm_training/CF/Round 1025/A.cpp", "C++", 43, 0, 0, 0, 0, 0, 7, 50
"/home/everlasting/acm_training/CF/Round 1025/B.cpp", "C++", 49, 0, 0, 0, 0, 1, 8, 58
"/home/everlasting/acm_training/CF/Round 1026/A.cpp", "C++", 61, 0, 0, 0, 0, 0, 8, 69
"/home/everlasting/acm_training/CF/Round 1026/B.cpp", "C++", 40, 0, 0, 0, 0, 0, 6, 46
"/home/everlasting/acm_training/CF/Round 1039/B.cpp", "C++", 23, 0, 0, 0, 0, 0, 4, 27
"/home/everlasting/acm_training/CF/Round 1040/B.cpp", "C++", 43, 0, 0, 0, 0, 0, 3, 46
"/home/everlasting/acm_training/CF/Round 1040/C.cpp", "C++", 46, 0, 0, 0, 0, 0, 6, 52
"/home/everlasting/acm_training/CF/Round 1042/C.cpp", "C++", 36, 0, 0, 0, 0, 0, 4, 40
"/home/everlasting/acm_training/CF/Round 1042/D.cpp", "C++", 45, 0, 0, 0, 0, 0, 5, 50
"/home/everlasting/acm_training/CF/Round 1042/E.cpp", "C++", 40, 0, 0, 0, 0, 0, 4, 44
"/home/everlasting/acm_training/CF/Round 1043/B.cpp", "C++", 40, 0, 0, 0, 0, 0, 4, 44
"/home/everlasting/acm_training/CF/Round 1043/C1.cpp", "C++", 48, 0, 0, 0, 0, 0, 7, 55
"/home/everlasting/acm_training/CF/Round 1045/B.cpp", "C++", 27, 0, 0, 0, 0, 0, 3, 30
"/home/everlasting/acm_training/CF/Round 1045/C.cpp", "C++", 40, 0, 0, 0, 0, 0, 5, 45
"/home/everlasting/acm_training/CF/Round 1046/B.cpp", "C++", 54, 0, 0, 0, 0, 0, 7, 61
"/home/everlasting/acm_training/CF/Round 1046/C.cpp", "C++", 38, 0, 0, 0, 0, 0, 5, 43
"/home/everlasting/acm_training/CF/Round 1047/B.cpp", "C++", 38, 0, 0, 0, 0, 0, 5, 43
"/home/everlasting/acm_training/CF/Round 1047/C.cpp", "C++", 39, 0, 0, 0, 0, 0, 5, 44
"/home/everlasting/acm_training/CF/Round 1047/D.cpp", "C++", 59, 0, 0, 0, 0, 0, 9, 68
"/home/everlasting/acm_training/CF/Round 1047/E.cpp", "C++", 53, 0, 0, 0, 0, 0, 6, 59
"/home/everlasting/acm_training/CF/Round 1048/B.cpp", "C++", 36, 0, 0, 0, 0, 0, 5, 41
"/home/everlasting/acm_training/CF/Round 1048/C.cpp", "C++", 43, 0, 0, 0, 0, 0, 5, 48
"/home/everlasting/acm_training/CF/Round 1049/B.cpp", "C++", 27, 0, 0, 0, 0, 0, 5, 32
"/home/everlasting/acm_training/CF/Round 1049/C.cpp", "C++", 54, 0, 0, 0, 0, 0, 8, 62
"/home/everlasting/acm_training/CF/Round 1051/C.cpp", "C++", 53, 0, 0, 0, 0, 0, 8, 61
"/home/everlasting/acm_training/CF/Round 1052/B.cpp", "C++", 62, 0, 0, 0, 0, 1, 9, 72
"/home/everlasting/acm_training/CF/Round 1052/C.cpp", "C++", 89, 0, 0, 0, 0, 0, 13, 102
"/home/everlasting/acm_training/CF/Round 1053/B.cpp", "C++", 54, 0, 0, 0, 0, 0, 7, 61
"/home/everlasting/acm_training/CF/Round 1053/C.cpp", "C++", 48, 0, 0, 0, 0, 0, 7, 55
"/home/everlasting/acm_training/CF/Round 1055/C.cpp", "C++", 58, 0, 0, 0, 0, 0, 7, 65
"/home/everlasting/acm_training/CF/Round 1056/C.cpp", "C++", 75, 0, 0, 0, 0, 0, 14, 89
"/home/everlasting/acm_training/CF/Round 1057/A.cpp", "C++", 40, 0, 0, 0, 0, 0, 5, 45
"/home/everlasting/acm_training/CF/Round 1057/B.cpp", "C++", 36, 0, 0, 0, 0, 0, 6, 42
"/home/everlasting/acm_training/CF/Round 1057/C.cpp", "C++", 86, 0, 0, 0, 0, 6, 11, 103
"/home/everlasting/acm_training/CF/Round 1058/A. MEX Partition.cpp", "C++", 38, 0, 0, 0, 0, 0, 6, 44
"/home/everlasting/acm_training/CF/Round 1058/B. Distinct Elements.cpp", "C++", 42, 0, 0, 0, 0, 0, 6, 48
"/home/everlasting/acm_training/CF/Round 1058/C.cpp", "C++", 56, 0, 0, 0, 0, 0, 9, 65
"/home/everlasting/acm_training/CF/Round 1059/A.cpp", "C++", 34, 0, 0, 0, 0, 0, 8, 42
"/home/everlasting/acm_training/CF/Round 1059/B.cpp", "C++", 47, 0, 0, 0, 0, 0, 11, 58
"/home/everlasting/acm_training/CF/Round 1059/C.cpp", "C++", 39, 0, 0, 0, 0, 0, 7, 46
"/home/everlasting/acm_training/CF/Round 1060/A.cpp", "C++", 44, 0, 0, 0, 0, 2, 9, 55
"/home/everlasting/acm_training/CF/Round 1060/B.cpp", "C++", 64, 0, 0, 0, 0, 4, 8, 76
"/home/everlasting/acm_training/CF/Round 1060/C1.cpp", "C++", 85, 0, 0, 0, 0, 0, 15, 100
"/home/everlasting/acm_training/CF/Round 1061/A.cpp", "C++", 32, 0, 0, 0, 0, 0, 8, 40
"/home/everlasting/acm_training/CF/Round 1061/B.cpp", "C++", 37, 0, 0, 0, 0, 0, 5, 42
"/home/everlasting/acm_training/CF/Round 1062/A.cpp", "C++", 29, 0, 0, 0, 0, 0, 4, 33
"/home/everlasting/acm_training/CF/Round 1062/B.cpp", "C++", 40, 0, 0, 0, 0, 0, 8, 48
"/home/everlasting/acm_training/CF/Round 1062/C.cpp", "C++", 53, 0, 0, 0, 0, 0, 7, 60
"/home/everlasting/acm_training/CF/Round 1062/D.cpp", "C++", 43, 0, 0, 0, 0, 0, 6, 49
"/home/everlasting/acm_training/CF/Round 1062/E.cpp", "C++", 73, 0, 0, 0, 0, 0, 16, 89
"/home/everlasting/acm_training/CF/Round 1063/A.cpp", "C++", 37, 0, 0, 0, 0, 0, 10, 47
"/home/everlasting/acm_training/CF/Round 1063/B.cpp", "C++", 50, 0, 0, 0, 0, 0, 8, 58
"/home/everlasting/acm_training/CF/Round 1064/A.cpp", "C++", 36, 0, 0, 0, 0, 0, 5, 41
"/home/everlasting/acm_training/CF/Round 1064/B.cpp", "C++", 34, 0, 0, 0, 0, 0, 6, 40
"/home/everlasting/acm_training/CF/Round 1064/C.cpp", "C++", 41, 0, 0, 0, 0, 0, 9, 50
"/home/everlasting/acm_training/CF/Round 1065/A.cpp", "C++", 37, 0, 0, 0, 0, 0, 5, 42
"/home/everlasting/acm_training/CF/Round 1065/B.cpp", "C++", 60, 0, 0, 0, 0, 0, 11, 71
"/home/everlasting/acm_training/CF/Round 1065/C1.cpp", "C++", 48, 0, 0, 0, 0, 0, 9, 57
"/home/everlasting/acm_training/CF/Round 1065/C2.cpp", "C++", 54, 0, 0, 0, 0, 0, 9, 63
"/home/everlasting/acm_training/CF/Round 1065/D.cpp", "C++", 49, 0, 0, 0, 0, 0, 10, 59
"/home/everlasting/acm_training/CF/Round 1066/A.cpp", "C++", 43, 0, 0, 0, 0, 0, 5, 48
"/home/everlasting/acm_training/CF/Round 1066/B.cpp", "C++", 46, 0, 0, 0, 0, 0, 8, 54
"/home/everlasting/acm_training/CF/Round 1066/C.cpp", "C++", 52, 0, 0, 0, 0, 0, 10, 62
"/home/everlasting/acm_training/CF/Round 1066/D.cpp", "C++", 71, 0, 0, 0, 0, 1, 14, 86
"/home/everlasting/acm_training/CF/Round 1067/A.cpp", "C++", 27, 0, 0, 0, 0, 0, 5, 32
"/home/everlasting/acm_training/CF/Round 1067/B.cpp", "C++", 49, 0, 0, 0, 0, 0, 8, 57
"/home/everlasting/acm_training/CF/Round 1067/C.cpp", "C++", 53, 0, 0, 0, 0, 0, 8, 61
"/home/everlasting/acm_training/CF/Round 1068/A.cpp", "C++", 44, 0, 0, 0, 0, 0, 5, 49
"/home/everlasting/acm_training/CF/Round 1068/B.cpp", "C++", 42, 0, 0, 0, 0, 0, 6, 48
"/home/everlasting/acm_training/CF/Round 1068/C.cpp", "C++", 60, 0, 0, 0, 0, 1, 9, 70
"/home/everlasting/acm_training/CF/Round 1068/D.cpp", "C++", 79, 0, 0, 0, 0, 0, 9, 88
"/home/everlasting/acm_training/CF/Round 1069/A.cpp", "C++", 45, 0, 0, 0, 0, 0, 10, 55
"/home/everlasting/acm_training/CF/Round 1069/B.cpp", "C++", 35, 0, 0, 0, 0, 0, 9, 44
"/home/everlasting/acm_training/CF/Round 1069/C.cpp", "C++", 53, 0, 0, 0, 0, 0, 7, 60
"/home/everlasting/acm_training/CF/Round 1070/A.cpp", "C++", 42, 0, 0, 0, 0, 0, 7, 49
"/home/everlasting/acm_training/CF/Round 1070/B.cpp", "C++", 39, 0, 0, 0, 0, 0, 7, 46
"/home/everlasting/acm_training/CF/Round 1070/C.cpp", "C++", 73, 0, 0, 0, 0, 0, 11, 84
"/home/everlasting/acm_training/CF/Round 1070/D.cpp", "C++", 25, 0, 0, 0, 0, 0, 6, 31
"/home/everlasting/acm_training/CF/Round 1071/A.cpp", "C++", 26, 0, 0, 0, 0, 0, 4, 30
"/home/everlasting/acm_training/CF/Round 1071/B.cpp", "C++", 51, 0, 0, 0, 0, 5, 5, 61
"/home/everlasting/acm_training/CF/Round 1071/C.cpp", "C++", 32, 0, 0, 0, 0, 0, 4, 36
"/home/everlasting/acm_training/CF/Round 1071/D.cpp", "C++", 36, 0, 0, 0, 0, 0, 4, 40
"/home/everlasting/acm_training/CF/Round 1071/E.cpp", "C++", 62, 0, 0, 0, 0, 0, 11, 73
"/home/everlasting/acm_training/CF/Round 1072/A.cpp", "C++", 36, 0, 0, 0, 0, 0, 4, 40
"/home/everlasting/acm_training/CF/Round 1072/B.cpp", "C++", 43, 0, 0, 0, 0, 0, 3, 46
"/home/everlasting/acm_training/CF/Round 1072/C.cpp", "C++", 73, 0, 0, 0, 0, 0, 8, 81
"/home/everlasting/acm_training/CF/Round 1072/D.cpp", "C++", 42, 0, 0, 0, 0, 0, 6, 48
"/home/everlasting/acm_training/CF/Round 1072/E.cpp", "C++", 53, 0, 0, 0, 0, 0, 8, 61
"/home/everlasting/acm_training/CF/Round 1073/A.cpp", "C++", 61, 0, 0, 0, 0, 0, 4, 65
"/home/everlasting/acm_training/CF/Round 1073/B.cpp", "C++", 31, 0, 0, 0, 0, 0, 4, 35
"/home/everlasting/acm_training/CF/Round 1073/C.cpp", "C++", 50, 0, 0, 0, 0, 0, 4, 54
"/home/everlasting/acm_training/CF/Round 1073/D.cpp", "C++", 33, 0, 0, 0, 0, 0, 3, 36
"/home/everlasting/acm_training/CF/Round 1074/A.cpp", "C++", 22, 0, 0, 0, 0, 0, 2, 24
"/home/everlasting/acm_training/CF/Round 1074/B.cpp", "C++", 37, 0, 0, 0, 0, 1, 7, 45
"/home/everlasting/acm_training/CF/Round 1074/C.cpp", "C++", 44, 0, 0, 0, 0, 0, 5, 49
"/home/everlasting/acm_training/CF/Round 1074/D.cpp", "C++", 44, 0, 0, 0, 0, 0, 5, 49
"/home/everlasting/acm_training/CF/Round 1074/E.cpp", "C++", 77, 0, 0, 0, 0, 0, 7, 84
"/home/everlasting/acm_training/CF/Round 1074/F.cpp", "C++", 42, 0, 0, 0, 0, 0, 5, 47
"/home/everlasting/acm_training/CF/Round 1074/G.cpp", "C++", 66, 0, 0, 0, 0, 0, 5, 71
"/home/everlasting/acm_training/algorithm/二分/三分/Binary Search.cpp", "C++", 64, 0, 0, 0, 0, 1, 11, 76
"/home/everlasting/acm_training/algorithm/二分/三分/Tripartite Search.cpp", "C++", 26, 0, 0, 0, 0, 1, 6, 33
"/home/everlasting/acm_training/algorithm/筛质因数或素数/埃氏筛质因数+线性筛素数.cpp", "C++", 85, 0, 0, 0, 0, 0, 15, 100
"/home/everlasting/acm_training/algorithm/高精度/Subtraction.cpp", "C++", 55, 0, 0, 0, 0, 1, 15, 71
"/home/everlasting/acm_training/algorithm/高精度/addition.cpp", "C++", 31, 0, 0, 0, 0, 1, 9, 41
"/home/everlasting/acm_training/algorithm/高精度/multiplication.cpp", "C++", 33, 0, 0, 0, 0, 1, 9, 43
"/home/everlasting/acm_training/atcoder/ABC 365/A.cpp", "C++", 37, 0, 0, 0, 0, 1, 4, 42
"/home/everlasting/acm_training/atcoder/ABC 365/B.cpp", "C++", 38, 0, 0, 0, 0, 1, 4, 43
"/home/everlasting/acm_training/atcoder/ABC 365/C.cpp", "C++", 51, 0, 0, 0, 0, 1, 8, 60
"/home/everlasting/acm_training/atcoder/ABC 416/A.cpp", "C++", 35, 0, 0, 0, 0, 1, 4, 40
"/home/everlasting/acm_training/atcoder/ABC 417/A.cpp", "C++", 25, 0, 0, 0, 0, 1, 4, 30
"/home/everlasting/acm_training/atcoder/ABC 417/B.cpp", "C++", 37, 0, 0, 0, 0, 1, 4, 42
"/home/everlasting/acm_training/atcoder/ABC 417/C.cpp", "C++", 49, 0, 0, 0, 0, 1, 10, 60
"/home/everlasting/acm_training/atcoder/ABC 417/D.cpp", "C++", 62, 0, 0, 0, 0, 1, 7, 70
"/home/everlasting/acm_training/atcoder/ABC 418/A.cpp", "C++", 14, 0, 0, 0, 0, 0, 1, 15
"/home/everlasting/acm_training/atcoder/ABC 418/B.cpp", "C++", 17, 0, 0, 0, 0, 0, 1, 18
"/home/everlasting/acm_training/atcoder/ABC 418/C.cpp", "C++", 47, 0, 0, 0, 0, 1, 5, 53
"/home/everlasting/acm_training/atcoder/ABC 418/D.cpp", "C++", 52, 0, 0, 0, 0, 1, 5, 58
"/home/everlasting/acm_training/atcoder/ABC 419/A.cpp", "C++", 34, 0, 0, 0, 0, 1, 5, 40
"/home/everlasting/acm_training/atcoder/ABC 419/B.cpp", "C++", 37, 0, 0, 0, 0, 1, 6, 44
"/home/everlasting/acm_training/atcoder/ABC 420/A.cpp", "C++", 26, 0, 0, 0, 0, 1, 5, 32
"/home/everlasting/acm_training/atcoder/ABC 420/B.cpp", "C++", 67, 0, 0, 0, 0, 1, 9, 77
"/home/everlasting/acm_training/atcoder/ABC 420/C.cpp", "C++", 68, 0, 0, 0, 0, 1, 7, 76
"/home/everlasting/acm_training/atcoder/ABC 420/D.cpp", "C++", 24, 0, 0, 0, 0, 1, 6, 31
"/home/everlasting/acm_training/atcoder/ABC 421/A.cpp", "C++", 38, 0, 0, 0, 0, 1, 5, 44
"/home/everlasting/acm_training/atcoder/ABC 421/B.cpp", "C++", 34, 0, 0, 0, 0, 1, 8, 43
"/home/everlasting/acm_training/atcoder/ABC 421/C.cpp", "C++", 93, 0, 0, 0, 0, 3, 11, 107
"/home/everlasting/acm_training/atcoder/ABC 422/A.cpp", "C++", 32, 0, 0, 0, 0, 1, 5, 38
"/home/everlasting/acm_training/atcoder/ABC 422/B.cpp", "C++", 50, 0, 0, 0, 0, 1, 6, 57
"/home/everlasting/acm_training/atcoder/ABC 422/C.cpp", "C++", 28, 0, 0, 0, 0, 0, 5, 33
"/home/everlasting/acm_training/atcoder/ABC 422/D.cpp", "C++", 39, 0, 0, 0, 0, 1, 8, 48
"/home/everlasting/acm_training/atcoder/ABC 422/E.cpp", "C++", 53, 0, 0, 0, 0, 1, 7, 61
"/home/everlasting/acm_training/atcoder/ABC 423/A.cpp", "C++", 27, 0, 0, 0, 0, 1, 5, 33
"/home/everlasting/acm_training/atcoder/ABC 423/B.cpp", "C++", 48, 0, 0, 0, 0, 1, 5, 54
"/home/everlasting/acm_training/atcoder/ABC 423/C.cpp", "C++", 45, 0, 0, 0, 0, 1, 10, 56
"/home/everlasting/acm_training/atcoder/ABC 423/D.cpp", "C++", 51, 0, 0, 0, 0, 1, 9, 61
"/home/everlasting/acm_training/atcoder/ABC 423/E.cpp", "C++", 44, 0, 0, 0, 0, 1, 7, 52
"/home/everlasting/acm_training/atcoder/ABC 424/A.cpp", "C++", 30, 0, 0, 0, 0, 1, 5, 36
"/home/everlasting/acm_training/atcoder/ABC 424/B.cpp", "C++", 38, 0, 0, 0, 0, 1, 7, 46
"/home/everlasting/acm_training/atcoder/ABC 424/C.cpp", "C++", 50, 0, 0, 0, 0, 1, 10, 61
"/home/everlasting/acm_training/atcoder/ABC 425/A.cpp", "C++", 34, 0, 0, 0, 0, 1, 5, 40
"/home/everlasting/acm_training/atcoder/ABC 425/B.cpp", "C++", 55, 0, 0, 0, 0, 1, 9, 65
"/home/everlasting/acm_training/atcoder/ABC 425/C.cpp", "C++", 50, 0, 0, 0, 0, 3, 9, 62
"/home/everlasting/acm_training/atcoder/ABC 426/A.cpp", "C++", 41, 0, 0, 0, 0, 1, 7, 49
"/home/everlasting/acm_training/atcoder/ABC 426/B.cpp", "C++", 40, 0, 0, 0, 0, 1, 7, 48
"/home/everlasting/acm_training/atcoder/ABC 426/C.cpp", "C++", 38, 0, 0, 0, 0, 1, 8, 47
"/home/everlasting/acm_training/atcoder/ABC 426/D.cpp", "C++", 53, 0, 0, 0, 0, 1, 12, 66
"/home/everlasting/acm_training/atcoder/ABC 427/A.cpp", "C++", 36, 0, 0, 0, 0, 1, 7, 44
"/home/everlasting/acm_training/atcoder/ABC 427/B.cpp", "C++", 38, 0, 0, 0, 0, 1, 5, 44
"/home/everlasting/acm_training/atcoder/ABC 427/C.cpp", "C++", 73, 0, 0, 0, 0, 1, 9, 83
"/home/everlasting/acm_training/atcoder/ABC 428/A.cpp", "C++", 35, 0, 0, 0, 0, 1, 6, 42
"/home/everlasting/acm_training/atcoder/ABC 428/B.cpp", "C++", 47, 0, 0, 0, 0, 1, 10, 58
"/home/everlasting/acm_training/atcoder/ABC 428/C.cpp", "C++", 51, 0, 0, 0, 0, 1, 9, 61
"/home/everlasting/acm_training/atcoder/ABC 428/D.cpp", "C++", 47, 0, 0, 0, 0, 0, 8, 55
"/home/everlasting/acm_training/atcoder/ABC 429/A.cpp", "C++", 35, 0, 0, 0, 0, 1, 4, 40
"/home/everlasting/acm_training/atcoder/ABC 429/B.cpp", "C++", 37, 0, 0, 0, 0, 1, 4, 42
"/home/everlasting/acm_training/atcoder/ABC 429/C.cpp", "C++", 41, 0, 0, 0, 0, 1, 7, 49
"/home/everlasting/acm_training/atcoder/ABC 429/D.cpp", "C++", 49, 0, 0, 0, 0, 1, 8, 58
"/home/everlasting/acm_training/atcoder/ABC 430/A.cpp", "C++", 32, 0, 0, 0, 0, 1, 4, 37
"/home/everlasting/acm_training/atcoder/ABC 430/B.cpp", "C++", 36, 0, 0, 0, 0, 1, 8, 45
"/home/everlasting/acm_training/atcoder/ABC 430/C.cpp", "C++", 41, 0, 0, 0, 0, 1, 9, 51
"/home/everlasting/acm_training/atcoder/ABC 431/A.cpp", "C++", 28, 0, 0, 0, 0, 1, 3, 32
"/home/everlasting/acm_training/atcoder/ABC 431/B.cpp", "C++", 40, 0, 0, 0, 0, 1, 6, 47
"/home/everlasting/acm_training/atcoder/ABC 431/C.cpp", "C++", 52, 0, 0, 0, 0, 1, 8, 61
"/home/everlasting/acm_training/atcoder/ABC 432/A.cpp", "C++", 28, 0, 0, 0, 0, 1, 6, 35
"/home/everlasting/acm_training/atcoder/ABC 432/B.cpp", "C++", 44, 0, 0, 0, 0, 1, 8, 53
"/home/everlasting/acm_training/atcoder/ABC 433/A.cpp", "C++", 31, 0, 0, 0, 0, 1, 5, 37
"/home/everlasting/acm_training/atcoder/ABC 433/B.cpp", "C++", 48, 0, 0, 0, 0, 1, 7, 56
"/home/everlasting/acm_training/atcoder/ABC 433/C.cpp", "C++", 45, 0, 0, 0, 0, 4, 7, 56
"/home/everlasting/acm_training/atcoder/ABC 433/D.cpp", "C++", 49, 0, 0, 0, 0, 1, 11, 61
"/home/everlasting/acm_training/atcoder/ABC 434/A.cpp", "C++", 27, 0, 0, 0, 0, 1, 5, 33
"/home/everlasting/acm_training/atcoder/ABC 434/B.cpp", "C++", 35, 0, 0, 0, 0, 1, 5, 41
"/home/everlasting/acm_training/atcoder/ABC 434/C.cpp", "C++", 45, 0, 0, 0, 0, 0, 11, 56
"/home/everlasting/acm_training/atcoder/ABC 434/D.cpp", "C++", 56, 0, 0, 0, 0, 1, 9, 66
"/home/everlasting/acm_training/atcoder/ABC 435/A.cpp", "C++", 29, 0, 0, 0, 0, 1, 4, 34
"/home/everlasting/acm_training/atcoder/ABC 435/B.cpp", "C++", 44, 0, 0, 0, 0, 1, 6, 51
"/home/everlasting/acm_training/atcoder/ABC 435/C.cpp", "C++", 38, 0, 0, 0, 0, 1, 6, 45
"/home/everlasting/acm_training/atcoder/ABC 435/D.cpp", "C++", 46, 0, 0, 0, 0, 1, 6, 53
"/home/everlasting/acm_training/atcoder/ABC 436/A.cpp", "C++", 29, 0, 0, 0, 0, 1, 4, 34
"/home/everlasting/acm_training/atcoder/ABC 436/B.cpp", "C++", 46, 0, 0, 0, 0, 1, 6, 53
"/home/everlasting/acm_training/atcoder/ABC 436/C.cpp", "C++", 40, 0, 0, 0, 0, 1, 6, 47
"/home/everlasting/acm_training/atcoder/ABC 437/A.cpp", "C++", 25, 0, 0, 0, 0, 1, 4, 30
"/home/everlasting/acm_training/atcoder/ABC 437/B.cpp", "C++", 44, 0, 0, 0, 0, 1, 7, 52
"/home/everlasting/acm_training/atcoder/ABC 437/C.cpp", "C++", 43, 0, 0, 0, 0, 0, 7, 50
"/home/everlasting/acm_training/atcoder/ABC 438/A.cpp", "C++", 29, 0, 0, 0, 0, 1, 4, 34
"/home/everlasting/acm_training/atcoder/ABC 438/B.cpp", "C++", 37, 0, 0, 0, 0, 2, 5, 44
"/home/everlasting/acm_training/atcoder/ABC 438/C.cpp", "C++", 38, 0, 0, 0, 0, 1, 6, 45
"/home/everlasting/acm_training/atcoder/ABC 438/D.cpp", "C++", 36, 0, 0, 0, 0, 1, 7, 44
"/home/everlasting/acm_training/atcoder/ABC 438/E.cpp", "C++", 46, 0, 0, 0, 0, 1, 6, 53
"/home/everlasting/acm_training/atcoder/ABC 439/A.cpp", "C++", 25, 0, 0, 0, 0, 1, 4, 30
"/home/everlasting/acm_training/atcoder/ABC 439/B.cpp", "C++", 44, 0, 0, 0, 0, 1, 5, 50
"/home/everlasting/acm_training/atcoder/ABC 439/C.cpp", "C++", 40, 0, 0, 0, 0, 1, 7, 48
"/home/everlasting/acm_training/atcoder/ABC 439/D.cpp", "C++", 26, 0, 0, 0, 0, 1, 4, 31
"/home/everlasting/acm_training/atcoder/ABC 440/A.cpp", "C++", 31, 0, 0, 0, 0, 1, 5, 37
"/home/everlasting/acm_training/atcoder/ABC 440/B.cpp", "C++", 57, 0, 0, 0, 0, 1, 10, 68
"/home/everlasting/acm_training/atcoder/ABC 440/C.cpp", "C++", 45, 0, 0, 0, 0, 0, 10, 55
"/home/everlasting/acm_training/atcoder/ABC 440/D.cpp", "C++", 45, 0, 0, 0, 0, 1, 6, 52
"/home/everlasting/acm_training/atcoder/ABC 441/A.cpp", "C++", 25, 0, 0, 0, 0, 1, 2, 28
"/home/everlasting/acm_training/atcoder/ABC 441/B.cpp", "C++", 47, 0, 0, 0, 0, 1, 4, 52
"/home/everlasting/acm_training/atcoder/ABC 441/C.cpp", "C++", 36, 0, 0, 0, 0, 1, 5, 42
"/home/everlasting/acm_training/atcoder/ABC 441/D.cpp", "C++", 40, 0, 0, 0, 0, 1, 6, 47
"/home/everlasting/acm_training/atcoder/ABC 441/E.cpp", "C++", 78, 0, 0, 0, 0, 1, 16, 95
"/home/everlasting/acm_training/atcoder/Educational DP Contest/A.cpp", "C++", 31, 0, 0, 0, 0, 1, 5, 37
"/home/everlasting/acm_training/atcoder/Educational DP Contest/B.cpp", "C++", 32, 0, 0, 0, 0, 1, 4, 37
"/home/everlasting/acm_training/atcoder/Educational DP Contest/C.cpp", "C++", 32, 0, 0, 0, 0, 1, 3, 36
"/home/everlasting/acm_training/atcoder/Educational DP Contest/D.cpp", "C++", 31, 0, 0, 0, 0, 1, 4, 36
"/home/everlasting/acm_training/atcoder/Educational DP Contest/E.cpp", "C++", 38, 0, 0, 0, 0, 1, 5, 44
"/home/everlasting/acm_training/atcoder/Educational DP Contest/F.cpp", "C++", 46, 0, 0, 0, 0, 1, 4, 51
"/home/everlasting/acm_training/atcoder/Educational DP Contest/H.cpp", "C++", 47, 0, 0, 0, 0, 1, 7, 55
"/home/everlasting/acm_training/atcoder/Educational DP Contest/I.cpp", "C++", 0, 0, 0, 0, 0, 0, 1, 1
"/home/everlasting/acm_training/atcoder/practice/A.cpp", "C++", 25, 0, 0, 0, 0, 1, 3, 29
"/home/everlasting/acm_training/atcoder/practice/beginner 430/A.cpp", "C++", 32, 0, 0, 0, 0, 1, 4, 37
"/home/everlasting/acm_training/atcoder/practice/beginner 430/B.cpp", "C++", 21, 0, 0, 0, 0, 1, 5, 27
"/home/everlasting/acm_training/atcoder/practice/beginner 430/C.cpp", "C++", 50, 0, 0, 0, 0, 1, 7, 58
"/home/everlasting/acm_training/atcoder/practice/beginner 430/D.cpp", "C++", 21, 0, 0, 0, 0, 1, 5, 27
"/home/everlasting/acm_training/atcoder/practice/beginner 430/E.cpp", "C++", 21, 0, 0, 0, 0, 1, 5, 27
"/home/everlasting/acm_training/atcoder/practice/beginner 430/F.cpp", "C++", 21, 0, 0, 0, 0, 1, 5, 27
"/home/everlasting/acm_training/c/c1/Hello World.c", "C", 0, 6, 0, 0, 0, 0, 3, 9
"/home/everlasting/acm_training/c/c1/Programing is fun..c", "C", 0, 6, 0, 0, 0, 0, 3, 9
"/home/everlasting/acm_training/c/c1/This is a C program.c", "C", 0, 6, 0, 0, 0, 0, 3, 9
"/home/everlasting/acm_training/c/c1/求2个整数的和.c", "C", 0, 9, 0, 0, 0, 0, 6, 15
"/home/everlasting/acm_training/c/c1/求2个整数的最大值.c", "C", 0, 10, 0, 0, 0, 0, 6, 16
"/home/everlasting/acm_training/c/c1/求圆的面积和周长.c", "C", 0, 12, 0, 0, 0, 0, 6, 18
"/home/everlasting/acm_training/c/c2/两小时学完C语言.c", "C", 0, 9, 0, 0, 0, 0, 6, 15
"/home/everlasting/acm_training/c/c2/中英长度单位换算.c", "C", 0, 12, 0, 0, 0, 0, 9, 21
"/home/everlasting/acm_training/c/c2/分糖果.c", "C", 0, 20, 0, 0, 0, 0, 7, 27
"/home/everlasting/acm_training/c/c2/后天.c", "C", 0, 10, 0, 0, 0, 0, 7, 17
"/home/everlasting/acm_training/c/c2/打妖怪.c", "C", 0, 13, 0, 0, 0, 0, 8, 21
"/home/everlasting/acm_training/c/c2/折扣.c", "C", 0, 9, 0, 0, 0, 0, 6, 15
"/home/everlasting/acm_training/c/c2/整数四则运算.c", "C", 0, 11, 0, 0, 0, 0, 5, 16
"/home/everlasting/acm_training/c/c2/标准体重和身高的对应关系.c", "C", 0, 9, 0, 0, 0, 0, 6, 15
"/home/everlasting/acm_training/c/c2/求整数均值.c", "C", 0, 10, 0, 0, 0, 0, 6, 16
"/home/everlasting/acm_training/c/c2/猫是液体.c", "C", 0, 9, 0, 0, 0, 0, 5, 14
"/home/everlasting/acm_training/c/c2/自由落体.c", "C", 0, 13, 0, 0, 0, 0, 5, 18
"/home/everlasting/acm_training/c/c2/计算图形面积.c", "C", 0, 9, 0, 0, 0, 0, 6, 15
"/home/everlasting/acm_training/c/c2/计算终止时间.c", "C", 0, 32, 0, 0, 0, 0, 11, 43
"/home/everlasting/acm_training/c/c2/输出四位整数的各位数字(简洁版）.c", "C", 0, 12, 0, 0, 0, 0, 6, 18
"/home/everlasting/acm_training/c/c2/输出四位整数的各位数字.c", "C", 0, 12, 0, 0, 0, 0, 6, 18
"/home/everlasting/acm_training/c/c3/字母对应的ASCII 码.c", "C", 0, 8, 0, 0, 0, 0, 5, 13
"/home/everlasting/acm_training/c/c3/定期存款.c", "C", 0, 10, 0, 0, 0, 0, 7, 17
"/home/everlasting/acm_training/c/c3/年增长率.c", "C", 0, 11, 0, 0, 0, 0, 7, 18
"/home/everlasting/acm_training/c/c3/快速求和.c", "C", 0, 13, 0, 0, 0, 0, 7, 20
"/home/everlasting/acm_training/c/c3/整数逆序.c", "C", 0, 15, 0, 0, 0, 0, 6, 21
"/home/everlasting/acm_training/c/c3/日期格式变化.c", "C", 0, 8, 0, 0, 0, 0, 5, 13
"/home/everlasting/acm_training/c/c3/水果店收款.c", "C", 0, 9, 0, 0, 0, 0, 6, 15
"/home/everlasting/acm_training/c/c3/求三角形面积.c", "C", 0, 11, 0, 0, 0, 0, 7, 18
"/home/everlasting/acm_training/c/c3/混合类型数据格式化输入.c", "C", 0, 10, 0, 0, 0, 0, 5, 15
"/home/everlasting/acm_training/c/c3/温度转换.c", "C", 0, 9, 0, 0, 0, 0, 6, 15
"/home/everlasting/acm_training/c/c3/计算圆的周长.c", "C", 0, 10, 0, 0, 0, 0, 6, 16
"/home/everlasting/acm_training/c/c3/计算房间面积.c", "C", 0, 9, 0, 0, 0, 0, 6, 15
"/home/everlasting/acm_training/c/c3/计算浮点数相除的余数.c", "C", 0, 16, 0, 0, 0, 0, 8, 24
"/home/everlasting/acm_training/c/c4/24小时时间记法转12小时时间记法.c", "C", 0, 12, 0, 0, 0, 0, 5, 17
"/home/everlasting/acm_training/c/c4/三个整数排序.c", "C", 0, 32, 0, 0, 0, 0, 7, 39
"/home/everlasting/acm_training/c/c4/三天打鱼两天晒网.c", "C", 0, 17, 0, 0, 0, 0, 7, 24
"/home/everlasting/acm_training/c/c4/判断水仙花数.c", "C", 0, 28, 0, 0, 0, 0, 14, 42
"/home/everlasting/acm_training/c/c4/学生成绩评定.c", "C", 0, 14, 0, 0, 0, 0, 5, 19
"/home/everlasting/acm_training/c/c4/找出3个整数居中的整数.c", "C", 0, 24, 0, 0, 0, 0, 6, 30
"/home/everlasting/acm_training/c/c4/按公式计算y和z的值.c", "C", 0, 26, 0, 0, 0, 0, 6, 32
"/home/everlasting/acm_training/c/c4/求月份对应的英文名称及天数.c", "C", 0, 45, 0, 0, 0, 0, 17, 62
"/home/everlasting/acm_training/c/c4/百分制分数转换为等级.c", "C", 0, 27, 0, 0, 0, 0, 9, 36
"/home/everlasting/acm_training/c/c4/能否构成三角形.c", "C", 0, 12, 0, 0, 0, 0, 4, 16
"/home/everlasting/acm_training/c/c4/计算奖金.c", "C", 0, 22, 0, 0, 0, 0, 12, 34
"/home/everlasting/acm_training/c/c4/闰年.c", "C", 0, 25, 0, 0, 0, 0, 8, 33
"/home/everlasting/acm_training/c/c5/A类数统计.c", "C", 0, 27, 0, 0, 0, 0, 11, 38
"/home/everlasting/acm_training/c/c5/n！.c", "C", 0, 14, 0, 0, 0, 0, 6, 20
"/home/everlasting/acm_training/c/c5/wust素数.c", "C", 0, 26, 0, 0, 0, 0, 7, 33
"/home/everlasting/acm_training/c/c5/“韩信点兵”数.c", "C", 0, 27, 0, 0, 0, 0, 7, 34
"/home/everlasting/acm_training/c/c5/不变初心数.c", "C", 0, 50, 0, 0, 0, 0, 11, 61
"/home/everlasting/acm_training/c/c5/亲和数判断.c", "C", 0, 24, 0, 0, 0, 0, 7, 31
"/home/everlasting/acm_training/c/c5/古角猜想.c", "C", 0, 30, 0, 0, 0, 0, 5, 35
"/home/everlasting/acm_training/c/c5/含数字5且是3的倍数1.c", "C", 0, 35, 0, 0, 0, 0, 13, 48
"/home/everlasting/acm_training/c/c5/大笨钟.c", "C", 0, 16, 0, 0, 0, 0, 6, 22
"/home/everlasting/acm_training/c/c5/守形数1.c", "C", 0, 33, 0, 0, 0, 0, 6, 39
"/home/everlasting/acm_training/c/c5/寻找250.c", "C", 0, 16, 0, 0, 0, 0, 6, 22
"/home/everlasting/acm_training/c/c5/小于m的最大的10个素数.c", "C", 0, 31, 0, 0, 0, 0, 6, 37
"/home/everlasting/acm_training/c/c5/小球自由落体.c", "C", 0, 21, 0, 0, 0, 0, 8, 29
"/home/everlasting/acm_training/c/c5/就不告诉你.c", "C", 0, 21, 0, 0, 0, 0, 8, 29
"/home/everlasting/acm_training/c/c5/念数字.c", "C", 0, 58, 0, 0, 0, 0, 14, 72
"/home/everlasting/acm_training/c/c5/打印九九口诀表.c", "C", 0, 19, 0, 0, 0, 0, 6, 25
"/home/everlasting/acm_training/c/c5/打印沙漏.c", "C", 0, 58, 0, 0, 0, 0, 20, 78
"/home/everlasting/acm_training/c/c5/找完数.c", "C", 0, 66, 0, 0, 0, 0, 10, 76
"/home/everlasting/acm_training/c/c5/换硬币.c", "C", 0, 23, 0, 0, 0, 0, 6, 29
"/home/everlasting/acm_training/c/c5/掉入陷阱的数字.c", "C", 0, 44, 0, 0, 0, 0, 12, 56
"/home/everlasting/acm_training/c/c5/整数的分类处理.c", "C", 0, 52, 0, 0, 0, 0, 6, 58
"/home/everlasting/acm_training/c/c5/整除光棍.c", "C", 0, 22, 0, 0, 0, 0, 6, 28
"/home/everlasting/acm_training/c/c5/整除光棍自设版.c", "C", 0, 25, 0, 0, 0, 0, 9, 34
"/home/everlasting/acm_training/c/c5/最佳情侣身高差.c", "C", 0, 21, 0, 0, 0, 0, 6, 27
"/home/everlasting/acm_training/c/c5/最小值和最大值.c", "C", 0, 30, 0, 0, 0, 0, 7, 37
"/home/everlasting/acm_training/c/c5/梅森数.c", "C", 0, 34, 0, 0, 0, 0, 11, 45
"/home/everlasting/acm_training/c/c5/水仙花数.c", "C", 0, 33, 0, 0, 0, 0, 12, 45
"/home/everlasting/acm_training/c/c5/求e的近似值.c", "C", 0, 17, 0, 0, 0, 0, 6, 23
"/home/everlasting/acm_training/c/c5/求奇数和.c", "C", 0, 18, 0, 0, 0, 0, 6, 24
"/home/everlasting/acm_training/c/c5/求幂级数展开的部分和.c", "C", 0, 17, 0, 0, 0, 0, 6, 23
"/home/everlasting/acm_training/c/c5/求平方与倒数序列的部分和.c", "C", 0, 12, 0, 0, 0, 0, 6, 18
"/home/everlasting/acm_training/c/c5/求最大公约数（枚举法）.c", "C", 0, 15, 0, 0, 0, 0, 8, 23
"/home/everlasting/acm_training/c/c5/求最大公约数（辗转相除法）.c", "C", 0, 14, 0, 0, 0, 0, 6, 20
"/home/everlasting/acm_training/c/c5/求满足条件的数（数字和）.c", "C", 0, 42, 0, 0, 0, 0, 14, 56
"/home/everlasting/acm_training/c/c5/求符合给定条件的整数集.c", "C", 0, 55, 0, 0, 0, 0, 12, 67
"/home/everlasting/acm_training/c/c5/求简单交错序列前N项和.c", "C", 0, 16, 0, 0, 0, 0, 6, 22
"/home/everlasting/acm_training/c/c5/求组合数.c", "C", 0, 21, 0, 0, 0, 0, 11, 32
"/home/everlasting/acm_training/c/c5/求若干整数的最大值.c", "C", 0, 18, 0, 0, 0, 0, 7, 25
"/home/everlasting/acm_training/c/c5/爬动的蠕虫.c", "C", 0, 19, 0, 0, 0, 0, 6, 25
"/home/everlasting/acm_training/c/c5/特殊a串数列求和.c", "C", 0, 14, 0, 0, 0, 0, 7, 21
"/home/everlasting/acm_training/c/c5/猴子吃桃问题.c", "C", 0, 12, 0, 0, 0, 0, 6, 18
"/home/everlasting/acm_training/c/c5/画方块（四舍五入取整）.c", "C", 0, 24, 0, 0, 0, 0, 5, 29
"/home/everlasting/acm_training/c/c5/祖孙年龄.c", "C", 0, 13, 0, 0, 0, 0, 5, 18
"/home/everlasting/acm_training/c/c5/神奇的数学之回文数.c", "C", 0, 39, 0, 0, 0, 0, 13, 52
"/home/everlasting/acm_training/c/c5/约分最简分式.c", "C", 0, 25, 0, 0, 0, 0, 7, 32
"/home/everlasting/acm_training/c/c5/统计成绩.c", "C", 0, 22, 0, 0, 0, 0, 6, 28
"/home/everlasting/acm_training/c/c5/统计素数并求和.c", "C", 0, 27, 0, 0, 0, 0, 7, 34
"/home/everlasting/acm_training/c/c5/编程打印空心菱形.c", "C", 0, 80, 0, 0, 0, 0, 29, 109
"/home/everlasting/acm_training/c/c5/英文字母替换加密.c", "C", 0, 21, 0, 0, 0, 0, 5, 26
"/home/everlasting/acm_training/c/c5/菱形图案（史山）.c", "C", 0, 50, 0, 0, 0, 0, 14, 64
"/home/everlasting/acm_training/c/c5/计算π的近似值.c", "C", 0, 17, 0, 0, 0, 0, 6, 23
"/home/everlasting/acm_training/c/c5/计算某分数序列的前n项之和（会了）.c", "C", 0, 19, 0, 0, 0, 0, 6, 25
"/home/everlasting/acm_training/c/c5/计算阶乘和.c", "C", 0, 20, 0, 0, 0, 0, 6, 26
"/home/everlasting/acm_training/c/c5/调和平均.c", "C", 0, 16, 0, 0, 0, 0, 7, 23
"/home/everlasting/acm_training/c/c5/质因子分解.c", "C", 0, 20, 0, 0, 0, 0, 5, 25
"/home/everlasting/acm_training/c/c5/输出Fibonacci数列的前n项.c", "C", 0, 22, 0, 0, 0, 0, 5, 27
"/home/everlasting/acm_training/c/c5/输出三角形字符阵列.c", "C", 0, 31, 0, 0, 0, 0, 12, 43
"/home/everlasting/acm_training/c/c5/输出闰年.c", "C", 0, 39, 0, 0, 0, 0, 14, 53
"/home/everlasting/acm_training/c/c5/验证“哥德巴赫猜想”1.c", "C", 0, 35, 0, 0, 0, 0, 12, 47
"/home/everlasting/acm_training/c/c5/鸡兔同笼.c", "C", 0, 22, 0, 0, 0, 0, 7, 29
"/home/everlasting/acm_training/c/c5/黑洞数.c", "C", 0, 49, 0, 0, 0, 0, 9, 58
"/home/everlasting/acm_training/c/c5/龟兔赛跑.c", "C", 0, 33, 0, 0, 0, 0, 8, 41
"/home/everlasting/acm_training/c/c6/1234方阵.c", "C", 0, 87, 0, 0, 0, 0, 17, 104
"/home/everlasting/acm_training/c/c6/6翻了.c", "C", 0, 47, 0, 0, 0, 0, 12, 59
"/home/everlasting/acm_training/c/c6/IP地址转换.c", "C", 0, 15, 0, 0, 0, 0, 6, 21
"/home/everlasting/acm_training/c/c6/n个数字都不相同的年份（真屎山，真的）.c", "C", 0, 79, 0, 0, 0, 0, 14, 93
"/home/everlasting/acm_training/c/c6/个位数统计.c", "C", 0, 18, 0, 0, 0, 0, 5, 23
"/home/everlasting/acm_training/c/c6/串复制.c", "C", 0, 12, 0, 0, 0, 1, 2, 15
"/home/everlasting/acm_training/c/c6/串比较.c", "C", 0, 14, 0, 0, 0, 0, 7, 21
"/home/everlasting/acm_training/c/c6/乘法口诀数列.c", "C", 0, 50, 0, 0, 0, 0, 11, 61
"/home/everlasting/acm_training/c/c6/二分查找.c", "C", 0, 31, 0, 0, 0, 0, 13, 44
"/home/everlasting/acm_training/c/c6/兔子和狐狸.c", "C", 0, 45, 0, 0, 0, 0, 12, 57
"/home/everlasting/acm_training/c/c6/冒泡排序.c", "C", 0, 26, 0, 0, 0, 0, 8, 34
"/home/everlasting/acm_training/c/c6/删除字符串中指定字符.c", "C", 0, 18, 0, 0, 0, 0, 7, 25
"/home/everlasting/acm_training/c/c6/判断回文字符串.c", "C", 0, 23, 0, 0, 0, 0, 7, 30
"/home/everlasting/acm_training/c/c6/判断题的评判.c", "C", 0, 22, 0, 0, 0, 0, 11, 33
"/home/everlasting/acm_training/c/c6/刮彩票.c", "C", 0, 84, 0, 0, 0, 0, 16, 100
"/home/everlasting/acm_training/c/c6/到底有多二.c", "C", 0, 27, 0, 0, 0, 0, 7, 34
"/home/everlasting/acm_training/c/c6/古风排版.c", "C", 0, 41, 0, 0, 0, 0, 14, 55
"/home/everlasting/acm_training/c/c6/在有序数组中插入一个数.c", "C", 0, 32, 0, 0, 0, 0, 11, 43
"/home/everlasting/acm_training/c/c6/大写改小写.c", "C", 0, 12, 0, 0, 0, 0, 4, 16
"/home/everlasting/acm_training/c/c6/大炮打蚊子.c", "C", 0, 54, 0, 0, 0, 0, 16, 70
"/home/everlasting/acm_training/c/c6/奇偶数分开排序.c", "C", 0, 55, 0, 0, 0, 0, 14, 69
"/home/everlasting/acm_training/c/c6/奇数阶幻方问题.c", "C", 0, 40, 0, 0, 0, 0, 10, 50
"/home/everlasting/acm_training/c/c6/字符串A-B.c", "C", 0, 31, 0, 0, 0, 0, 7, 38
"/home/everlasting/acm_training/c/c6/字符串中下标为偶数的元素排序.c", "C", 0, 36, 0, 0, 0, 0, 12, 48
"/home/everlasting/acm_training/c/c6/字符串逆序.c", "C", 0, 19, 0, 0, 0, 0, 9, 28
"/home/everlasting/acm_training/c/c6/字符串首尾相连.c", "C", 0, 24, 0, 0, 0, 1, 5, 30
"/home/everlasting/acm_training/c/c6/对方阵做统计处理（顺时针旋转90度）.c", "C", 0, 62, 0, 0, 0, 0, 21, 83
"/home/everlasting/acm_training/c/c6/小明养猪的故事.c", "C", 0, 20, 0, 0, 0, 0, 8, 28
"/home/everlasting/acm_training/c/c6/开灯问题.c", "C", 0, 29, 0, 0, 0, 0, 8, 37
"/home/everlasting/acm_training/c/c6/循环数组连续4个数的和的最大值.c", "C", 0, 28, 0, 0, 0, 0, 8, 36
"/home/everlasting/acm_training/c/c6/心情查询.c", "C", 0, 45, 0, 0, 0, 0, 14, 59
"/home/everlasting/acm_training/c/c6/打台球.c", "C", 0, 0, 0, 0, 0, 0, 1, 1
"/home/everlasting/acm_training/c/c6/找出不是两个数组共有的元素.c", "C", 0, 68, 0, 0, 0, 0, 20, 88
"/home/everlasting/acm_training/c/c6/找出二维数组中的最小元素.c", "C", 0, 47, 0, 0, 0, 0, 14, 61
"/home/everlasting/acm_training/c/c6/找鞍点.c", "C", 0, 39, 0, 0, 0, 0, 17, 56
"/home/everlasting/acm_training/c/c6/拉丁方阵.c", "C", 0, 51, 0, 0, 0, 0, 12, 63
"/home/everlasting/acm_training/c/c6/数列求和-加强版.c", "C", 0, 14, 0, 0, 0, 0, 7, 21
"/home/everlasting/acm_training/c/c6/数组元素循环右移问题（反转法！）.c", "C", 0, 26, 0, 0, 0, 0, 8, 34
"/home/everlasting/acm_training/c/c6/最长对称子串.c", "C", 0, 32, 0, 0, 0, 0, 16, 48
"/home/everlasting/acm_training/c/c6/查找整数.c", "C", 0, 23, 0, 0, 0, 0, 8, 31
"/home/everlasting/acm_training/c/c6/查验身份证.c", "C", 0, 29, 0, 0, 0, 0, 11, 40
"/home/everlasting/acm_training/c/c6/检查密码.c", "C", 0, 48, 0, 0, 0, 0, 8, 56
"/home/everlasting/acm_training/c/c6/求n以内最大的k个素数以及它们的和（求素数的函数）.c", "C", 0, 38, 0, 0, 0, 0, 10, 48
"/home/everlasting/acm_training/c/c6/求最大字符串.c", "C", 0, 21, 0, 0, 0, 0, 9, 30
"/home/everlasting/acm_training/c/c6/求集合数据的均方差.c", "C", 0, 22, 0, 0, 0, 0, 11, 33
"/home/everlasting/acm_training/c/c6/洗牌问题.c", "C", 0, 28, 0, 0, 0, 0, 14, 42
"/home/everlasting/acm_training/c/c6/点赞.c", "C", 0, 24, 0, 0, 0, 0, 10, 34
"/home/everlasting/acm_training/c/c6/矩阵转置.c", "C", 0, 35, 0, 0, 0, 0, 9, 44
"/home/everlasting/acm_training/c/c6/福到了.c", "C", 0, 54, 0, 0, 0, 0, 14, 68
"/home/everlasting/acm_training/c/c6/筛法求素数.c", "C", 0, 29, 0, 0, 0, 0, 9, 38
"/home/everlasting/acm_training/c/c6/简易连连看.c", "C", 0, 57, 0, 0, 0, 0, 14, 71
"/home/everlasting/acm_training/c/c6/约瑟夫问题.c", "C", 0, 37, 0, 0, 0, 0, 11, 48
"/home/everlasting/acm_training/c/c6/组个最小数.c", "C", 0, 39, 0, 0, 0, 0, 9, 48
"/home/everlasting/acm_training/c/c6/组合数的和.c", "C", 0, 28, 0, 0, 0, 0, 8, 36
"/home/everlasting/acm_training/c/c6/统计各大写字母的个数.c", "C", 0, 19, 0, 0, 0, 0, 7, 26
"/home/everlasting/acm_training/c/c6/统计各数字出现的次数.c", "C", 0, 20, 0, 0, 0, 0, 6, 26
"/home/everlasting/acm_training/c/c6/统计学生成绩的最高最低分以及超过平均分的人数.c", "C", 0, 33, 0, 0, 0, 0, 14, 47
"/home/everlasting/acm_training/c/c6/统计学生的总分以及各课程的平均分.c", "C", 0, 42, 0, 0, 0, 0, 14, 56
"/home/everlasting/acm_training/c/c6/输出斐波那契数列的前n项.c", "C", 0, 29, 0, 0, 0, 0, 8, 37
"/home/everlasting/acm_training/c/c6/进制转换（多看）.c", "C", 0, 25, 0, 0, 0, 0, 8, 33
"/home/everlasting/acm_training/c/c6/逆向输出字符串.c", "C", 0, 17, 0, 0, 0, 1, 4, 22
"/home/everlasting/acm_training/c/c6/逆序输出输入的整数.c", "C", 0, 20, 0, 0, 0, 0, 8, 28
"/home/everlasting/acm_training/c/c6/选择排序.c", "C", 0, 25, 0, 0, 0, 0, 8, 33
"/home/everlasting/acm_training/c/c6/选择排序之过程.c", "C", 0, 34, 0, 0, 0, 0, 8, 42
"/home/everlasting/acm_training/else/1角，2角和5角凑出10元.c", "C", 0, 17, 0, 0, 0, 0, 4, 21
"/home/everlasting/acm_training/else/Calculate the average.c", "C", 0, 9, 0, 0, 0, 0, 6, 15
"/home/everlasting/acm_training/else/Calculate the time difference.c", "C", 0, 14, 0, 0, 0, 0, 8, 22
"/home/everlasting/acm_training/else/N个有理数求和.c", "C", 0, 17, 0, 0, 0, 0, 5, 22
"/home/everlasting/acm_training/else/change calculator.c", "C", 0, 14, 0, 0, 0, 0, 11, 25
"/home/everlasting/acm_training/else/exchange.c", "C", 0, 12, 0, 0, 0, 0, 3, 15
"/home/everlasting/acm_training/else/n分之1的求和.c", "C", 0, 13, 0, 0, 0, 0, 7, 20
"/home/everlasting/acm_training/else/origin.c", "C", 0, 12, 0, 0, 0, 0, 5, 17
"/home/everlasting/acm_training/else/任意整数的分解.c", "C", 0, 22, 0, 0, 0, 0, 12, 34
"/home/everlasting/acm_training/else/单词长度.c", "C", 0, 22, 0, 0, 0, 0, 7, 29
"/home/everlasting/acm_training/else/杨辉三角.c", "C", 0, 25, 0, 0, 0, 0, 9, 34
"/home/everlasting/acm_training/else/求三个数的最大数.c", "C", 0, 21, 0, 0, 0, 0, 9, 30
"/home/everlasting/acm_training/else/求平均数.c", "C", 0, 17, 0, 0, 0, 0, 11, 28
"/home/everlasting/acm_training/else/求整数的位数及各位数字之和.c", "C", 0, 19, 0, 0, 0, 0, 6, 25
"/home/everlasting/acm_training/else/求特殊方程的正整数解.c", "C", 0, 23, 0, 0, 0, 0, 6, 29
"/home/everlasting/acm_training/else/猜数游戏.c", "C", 0, 22, 0, 0, 0, 0, 10, 32
"/home/everlasting/acm_training/else/素数.c", "C", 0, 20, 0, 0, 0, 0, 7, 27
"/home/everlasting/acm_training/else/装睡的人.c", "C", 0, 23, 0, 0, 0, 0, 8, 31
"/home/everlasting/acm_training/else/连续因子.c", "C", 0, 21, 0, 0, 0, 0, 6, 27
"/home/everlasting/acm_training/niuke/1024程序员/2025/A.cpp", "C++", 6, 0, 0, 0, 0, 27, 0, 33
"/home/everlasting/acm_training/niuke/1024程序员/2025/B.cpp", "C++", 23, 0, 0, 0, 0, 1, 6, 30
"/home/everlasting/acm_training/niuke/1024程序员/2025/C.cpp", "C++", 23, 0, 0, 0, 0, 1, 6, 30
"/home/everlasting/acm_training/niuke/1024程序员/2025/D.cpp", "C++", 23, 0, 0, 0, 0, 1, 6, 30
"/home/everlasting/acm_training/niuke/1024程序员/2025/E.cpp", "C++", 23, 0, 0, 0, 0, 1, 6, 30
"/home/everlasting/acm_training/niuke/1024程序员/2025/F.cpp", "C++", 24, 0, 0, 0, 0, 0, 6, 30
"/home/everlasting/acm_training/niuke/1024程序员/2025/G.cpp", "C++", 23, 0, 0, 0, 0, 1, 6, 30
"/home/everlasting/acm_training/niuke/2025跨年场/A.php", "PHP", 0, 0, 1, 0, 0, 0, 0, 1
"/home/everlasting/acm_training/niuke/2025跨年场/C.cpp", "C++", 35, 0, 0, 0, 0, 1, 4, 40
"/home/everlasting/acm_training/niuke/2025跨年场/D.cpp", "C++", 30, 0, 0, 0, 0, 1, 4, 35
"/home/everlasting/acm_training/niuke/2025跨年场/E.cpp", "C++", 24, 0, 0, 0, 0, 1, 4, 29
"/home/everlasting/acm_training/niuke/2025跨年场/F.cpp", "C++", 22, 0, 0, 0, 0, 3, 3, 28
"/home/everlasting/acm_training/niuke/2025跨年场/H.cpp", "C++", 15, 0, 0, 0, 0, 3, 3, 21
"/home/everlasting/acm_training/niuke/小白月赛/122/A.cpp", "C++", 40, 0, 0, 0, 0, 0, 9, 49
"/home/everlasting/acm_training/niuke/小白月赛/122/B.cpp", "C++", 44, 0, 0, 0, 0, 0, 9, 53
"/home/everlasting/acm_training/niuke/小白月赛/122/C.cpp", "C++", 45, 0, 0, 0, 0, 0, 9, 54
"/home/everlasting/acm_training/niuke/小白月赛/122/D.cpp", "C++", 34, 0, 0, 0, 0, 0, 6, 40
"/home/everlasting/acm_training/niuke/小白月赛/123/A.cpp", "C++", 33, 0, 0, 0, 0, 1, 5, 39
"/home/everlasting/acm_training/niuke/小白月赛/123/B.cpp", "C++", 37, 0, 0, 0, 0, 0, 8, 45
"/home/everlasting/acm_training/niuke/小白月赛/123/C.cpp", "C++", 72, 0, 0, 0, 0, 0, 11, 83
"/home/everlasting/acm_training/niuke/小白月赛/124/A.cpp", "C++", 35, 0, 0, 0, 0, 0, 5, 40
"/home/everlasting/acm_training/niuke/小白月赛/124/B.cpp", "C++", 35, 0, 0, 0, 0, 0, 5, 40
"/home/everlasting/acm_training/niuke/小白月赛/124/C.cpp", "C++", 49, 0, 0, 0, 0, 0, 8, 57
"/home/everlasting/acm_training/niuke/小白月赛/124/D.cpp", "C++", 37, 0, 0, 0, 0, 0, 5, 42
"/home/everlasting/acm_training/niuke/小白月赛/125/A.cpp", "C++", 26, 0, 0, 0, 0, 1, 5, 32
"/home/everlasting/acm_training/niuke/小白月赛/125/B.cpp", "C++", 40, 0, 0, 0, 0, 1, 6, 47
"/home/everlasting/acm_training/niuke/小白月赛/125/C.cpp", "C++", 35, 0, 0, 0, 0, 1, 8, 44
"/home/everlasting/acm_training/niuke/小白月赛/125/D.cpp", "C++", 122, 0, 0, 0, 0, 0, 13, 135
"/home/everlasting/acm_training/niuke/小白月赛/125/F.cpp", "C++", 54, 0, 0, 0, 0, 0, 5, 59
"/home/everlasting/acm_training/niuke/小白月赛/126/A.cpp", "C++", 57, 0, 0, 0, 0, 0, 4, 61
"/home/everlasting/acm_training/niuke/小白月赛/126/B.cpp", "C++", 37, 0, 0, 0, 0, 0, 7, 44
"/home/everlasting/acm_training/niuke/小白月赛/126/C.cpp", "C++", 45, 0, 0, 0, 0, 0, 7, 52
"/home/everlasting/acm_training/niuke/小白月赛/126/D.cpp", "C++", 38, 0, 0, 0, 0, 0, 3, 41
"/home/everlasting/acm_training/niuke/小白月赛/127/A.cpp", "C++", 31, 0, 0, 0, 0, 1, 3, 35
"/home/everlasting/acm_training/niuke/小白月赛/127/B.cpp", "C++", 33, 0, 0, 0, 0, 1, 4, 38
"/home/everlasting/acm_training/niuke/小白月赛/127/C.cpp", "C++", 36, 0, 0, 0, 0, 0, 4, 40
"/home/everlasting/acm_training/niuke/小白月赛/127/D.cpp", "C++", 55, 0, 0, 0, 0, 0, 8, 63
"/home/everlasting/acm_training/niuke/小白月赛/127/E.cpp", "C++", 47, 0, 0, 0, 0, 0, 7, 54
"/home/everlasting/acm_training/niuke/技能树/第三章/ 二分搜索/【模板】整数域二分.cpp", "C++", 27, 0, 0, 0, 0, 1, 3, 31
"/home/everlasting/acm_training/niuke/技能树/第三章/ 二分搜索/不想做二分题.cpp", "C++", 32, 0, 0, 0, 0, 1, 8, 41
"/home/everlasting/acm_training/niuke/技能树/第三章/动态规划进阶/01背包前置题.cpp", "C++", 22, 0, 0, 0, 0, 1, 4, 27
"/home/everlasting/acm_training/niuke/技能树/第三章/搜索入门/A+B Problem.cpp", "C++", 0, 0, 0, 0, 0, 0, 1, 1
"/home/everlasting/acm_training/niuke/技能树/第三章/搜索入门/kotori和素因子.cpp", "C++", 84, 0, 0, 0, 0, 1, 13, 98
"/home/everlasting/acm_training/niuke/技能树/第三章/搜索入门/岛屿数量.cpp", "C++", 49, 0, 0, 0, 0, 1, 8, 58
"/home/everlasting/acm_training/niuke/技能树/第二章/dp入门综练/nico和niconiconi.cpp", "C++", 35, 0, 0, 0, 0, 1, 5, 41
"/home/everlasting/acm_training/niuke/技能树/第二章/dp入门综练/小红蹦跳蹦跳.cpp", "C++", 29, 0, 0, 0, 0, 7, 7, 43
"/home/everlasting/acm_training/niuke/技能树/第二章/dp入门综练/最长不下降子序列.cpp", "C++", 33, 0, 0, 0, 0, 1, 4, 38
"/home/everlasting/acm_training/niuke/技能树/第二章/前缀和与差分/abb.cpp", "C++", 34, 0, 0, 0, 0, 1, 4, 39
"/home/everlasting/acm_training/niuke/技能树/第二章/前缀和与差分/小红的双排列删除得分.cpp", "C++", 44, 0, 0, 0, 0, 1, 7, 52
"/home/everlasting/acm_training/niuke/技能树/第二章/动态规划入门/线性dp/子数组绝对值的最大值.cpp", "C++", 23, 0, 0, 0, 0, 1, 2, 26
"/home/everlasting/acm_training/niuke/技能树/第二章/动态规划入门/线性dp/宵暗的妖怪.cpp", "C++", 29, 0, 0, 0, 0, 1, 5, 35
"/home/everlasting/acm_training/niuke/技能树/第二章/动态规划入门/线性dp/小苯的最大和.cpp", "C++", 30, 0, 0, 0, 0, 0, 5, 35
"/home/everlasting/acm_training/niuke/技能树/第二章/最大公约数和最小公倍数/一道GCD问题.cpp", "C++", 39, 0, 0, 0, 0, 1, 7, 47
"/home/everlasting/acm_training/niuke/技能树/第二章/最大公约数和最小公倍数/冰冻青蛙.cpp", "C++", 56, 0, 0, 0, 0, 1, 8, 65
"/home/everlasting/acm_training/niuke/技能树/第二章/最大公约数和最小公倍数/小红与gcd三角形.cpp", "C++", 34, 0, 0, 0, 0, 0, 5, 39
"/home/everlasting/acm_training/niuke/技能树/第二章/最大公约数和最小公倍数/小红的数字分裂.cpp", "C++", 39, 0, 0, 0, 0, 1, 7, 47
"/home/everlasting/acm_training/niuke/技能树/第二章/简单数学/小红和小紫的取素因子游戏.cpp", "C++", 27, 0, 0, 0, 0, 0, 7, 34
"/home/everlasting/acm_training/niuke/技能树/第二章/质数和约数/小红和小紫的取素因子游戏.cpp", "C++", 33, 0, 0, 0, 0, 0, 3, 36
"/home/everlasting/acm_training/niuke/技能树/第二章间章/几何/【模板】点线位置关系.cpp", "C++", 33, 0, 0, 0, 0, 0, 2, 35
"/home/everlasting/acm_training/niuke/技能树/第二章间章/构造进阶/76构造.cpp", "C++", 24, 0, 0, 0, 0, 1, 4, 29
"/home/everlasting/acm_training/niuke/技能树/第二章间章/贪心和优先队列/AOE还是单体？.cpp", "C++", 27, 0, 0, 0, 0, 1, 5, 33
"/home/everlasting/acm_training/niuke/技能树/第二章间章/贪心和优先队列/【模板】整数优先队列.cpp", "C++", 36, 0, 0, 0, 0, 1, 2, 39
"/home/everlasting/acm_training/niuke/技能树/第二章间章/贪心和优先队列/小红的口罩.cpp", "C++", 36, 0, 0, 0, 0, 1, 5, 42
"/home/everlasting/acm_training/niuke/每日一题/many sum.cpp", "C++", 35, 0, 0, 0, 0, 1, 6, 42
"/home/everlasting/acm_training/niuke/每日一题/【模板】拓扑排序.cpp", "C++", 48, 0, 0, 0, 0, 1, 7, 56
"/home/everlasting/acm_training/niuke/每日一题/【模板】静态区间和（前缀和）.cpp", "C++", 18, 0, 0, 0, 0, 0, 4, 22
"/home/everlasting/acm_training/niuke/每日一题/乐团派对.cpp", "C++", 36, 0, 0, 0, 0, 2, 7, 45
"/home/everlasting/acm_training/niuke/每日一题/切题之路.cpp", "C++", 49, 0, 0, 0, 0, 1, 6, 56
"/home/everlasting/acm_training/niuke/每日一题/子数列求积.cpp", "C++", 40, 0, 0, 0, 0, 1, 5, 46
"/home/everlasting/acm_training/niuke/每日一题/小A取石子.cpp", "C++", 28, 0, 0, 0, 0, 1, 3, 32
"/home/everlasting/acm_training/niuke/每日一题/小红删数字.cpp", "C++", 38, 0, 0, 0, 0, 1, 7, 46
"/home/everlasting/acm_training/niuke/每日一题/小红的平滑值插值.cpp", "C++", 37, 0, 0, 0, 0, 1, 8, 46
"/home/everlasting/acm_training/niuke/每日一题/护花使者.cpp", "C++", 34, 0, 0, 0, 0, 1, 5, 40
"/home/everlasting/acm_training/niuke/每日一题/有趣的区间.cpp", "C++", 33, 0, 0, 0, 0, 1, 2, 36
"/home/everlasting/acm_training/niuke/每日一题/阅读理解.cpp", "C++", 34, 0, 0, 0, 0, 1, 4, 39
"/home/everlasting/acm_training/niuke/牛客2025秋季算法编程训练联赛1-基础组/1/A.cpp", "C++", 50, 0, 0, 0, 0, 1, 8, 59
"/home/everlasting/acm_training/niuke/牛客2025秋季算法编程训练联赛1-基础组/1/B.cpp", "C++", 30, 0, 0, 0, 0, 1, 10, 41
"/home/everlasting/acm_training/niuke/牛客2025秋季算法编程训练联赛1-基础组/1/C（找因数模板）.cpp", "C++", 40, 0, 0, 0, 0, 1, 7, 48
"/home/everlasting/acm_training/niuke/牛客2025秋季算法编程训练联赛1-基础组/1/D.cpp", "C++", 38, 0, 0, 0, 0, 1, 10, 49
"/home/everlasting/acm_training/niuke/牛客2025秋季算法编程训练联赛1-基础组/1/F.cpp", "C++", 37, 0, 0, 0, 0, 1, 6, 44
"/home/everlasting/acm_training/niuke/牛客2025秋季算法编程训练联赛1-基础组/2/A.cpp", "C++", 28, 0, 0, 0, 0, 1, 9, 38
"/home/everlasting/acm_training/niuke/牛客2025秋季算法编程训练联赛1-基础组/2/B.cpp", "C++", 43, 0, 0, 0, 0, 1, 8, 52
"/home/everlasting/acm_training/niuke/牛客2025秋季算法编程训练联赛1-基础组/2/C.cpp", "C++", 22, 0, 0, 0, 0, 0, 6, 28
"/home/everlasting/acm_training/niuke/牛客2025秋季算法编程训练联赛1-基础组/2/D.cpp", "C++", 54, 0, 0, 0, 0, 1, 13, 68
"/home/everlasting/acm_training/niuke/牛客2025秋季算法编程训练联赛1-基础组/2/E.cpp", "C++", 36, 0, 0, 0, 0, 1, 8, 45
"/home/everlasting/acm_training/niuke/牛客2025秋季算法编程训练联赛1-基础组/2/F.cpp", "C++", 49, 0, 0, 0, 0, 1, 15, 65
"/home/everlasting/acm_training/niuke/牛客2025秋季算法编程训练联赛1-基础组/3/A.cpp", "C++", 63, 0, 0, 0, 0, 7, 12, 82
"/home/everlasting/acm_training/niuke/牛客2025秋季算法编程训练联赛1-基础组/3/B.cpp", "C++", 23, 0, 0, 0, 0, 1, 3, 27
"/home/everlasting/acm_training/niuke/牛客2025秋季算法编程训练联赛1-基础组/3/C.cpp", "C++", 21, 0, 0, 0, 0, 1, 5, 27
"/home/everlasting/acm_training/niuke/牛客2025秋季算法编程训练联赛1-基础组/3/D.cpp", "C++", 21, 0, 0, 0, 0, 1, 5, 27
"/home/everlasting/acm_training/niuke/牛客2025秋季算法编程训练联赛1-基础组/4/A.cpp", "C++", 41, 0, 0, 0, 0, 1, 6, 48
"/home/everlasting/acm_training/niuke/牛客2025秋季算法编程训练联赛1-基础组/4/B.cpp", "C++", 67, 0, 0, 0, 0, 1, 5, 73
"/home/everlasting/acm_training/niuke/牛客2025秋季算法编程训练联赛1-基础组/4/C.cpp", "C++", 59, 0, 0, 0, 0, 1, 8, 68
"/home/everlasting/acm_training/niuke/牛客2025秋季算法编程训练联赛1-基础组/4/D.cpp", "C++", 33, 0, 0, 0, 0, 1, 5, 39
"/home/everlasting/acm_training/niuke/牛客2025秋季算法编程训练联赛1-基础组/5/A.cpp", "C++", 34, 0, 0, 0, 0, 1, 8, 43
"/home/everlasting/acm_training/niuke/牛客2025秋季算法编程训练联赛1-基础组/5/B.cpp", "C++", 57, 0, 0, 0, 0, 1, 11, 69
"/home/everlasting/acm_training/niuke/牛客2025秋季算法编程训练联赛1-基础组/5/C.cpp", "C++", 28, 0, 0, 0, 0, 1, 9, 38
"/home/everlasting/acm_training/niuke/牛客2025秋季算法编程训练联赛1-基础组/5/D.cpp", "C++", 31, 0, 0, 0, 0, 1, 5, 37
"/home/everlasting/acm_training/niuke/牛客2025秋季算法编程训练联赛1-基础组/6/A.cpp", "C++", 40, 0, 0, 0, 0, 1, 8, 49
"/home/everlasting/acm_training/niuke/牛客2025秋季算法编程训练联赛1-基础组/6/B.cpp", "C++", 40, 0, 0, 0, 0, 0, 4, 44
"/home/everlasting/acm_training/niuke/牛客2025秋季算法编程训练联赛1-基础组/6/C.cpp", "C++", 52, 0, 0, 0, 0, 7, 10, 69
"/home/everlasting/acm_training/niuke/牛客2025秋季算法编程训练联赛1-基础组/6/D.cpp", "C++", 42, 0, 0, 0, 0, 1, 7, 50
"/home/everlasting/acm_training/niuke/牛客2025秋季算法编程训练联赛1-基础组/6/E.cpp", "C++", 48, 0, 0, 0, 0, 1, 8, 57
"/home/everlasting/acm_training/niuke/牛客周赛/106/A.cpp", "C++", 13, 0, 0, 0, 0, 0, 4, 17
"/home/everlasting/acm_training/niuke/牛客周赛/106/B.cpp", "C++", 43, 0, 0, 0, 0, 0, 7, 50
"/home/everlasting/acm_training/niuke/牛客周赛/111/A.cpp", "C++", 13, 0, 0, 0, 0, 0, 4, 17
"/home/everlasting/acm_training/niuke/牛客周赛/111/B.cpp", "C++", 32, 0, 0, 0, 0, 0, 8, 40
"/home/everlasting/acm_training/niuke/牛客周赛/111/C.cpp", "C++", 24, 0, 0, 0, 0, 0, 8, 32
"/home/everlasting/acm_training/niuke/牛客周赛/111/D.cpp", "C++", 28, 0, 0, 0, 0, 0, 6, 34
"/home/everlasting/acm_training/niuke/牛客周赛/113/1.cpp", "C++", 26, 0, 0, 0, 0, 0, 6, 32
"/home/everlasting/acm_training/niuke/牛客周赛/113/A.cpp", "C++", 14, 0, 0, 0, 0, 0, 5, 19
"/home/everlasting/acm_training/niuke/牛客周赛/113/B.cpp", "C++", 20, 0, 0, 0, 0, 0, 4, 24
"/home/everlasting/acm_training/niuke/牛客周赛/113/C.cpp", "C++", 29, 0, 0, 0, 0, 0, 5, 34
"/home/everlasting/acm_training/niuke/牛客周赛/113/D.cpp", "C++", 20, 0, 0, 0, 0, 0, 5, 25
"/home/everlasting/acm_training/niuke/牛客周赛/114/A.cpp", "C++", 37, 0, 0, 0, 0, 1, 7, 45
"/home/everlasting/acm_training/niuke/牛客周赛/114/B.cpp", "C++", 39, 0, 0, 0, 0, 1, 8, 48
"/home/everlasting/acm_training/niuke/牛客周赛/114/C.cpp", "C++", 54, 0, 0, 0, 0, 1, 11, 66
"/home/everlasting/acm_training/niuke/牛客周赛/114/D.cpp", "C++", 39, 0, 0, 0, 0, 1, 12, 52
"/home/everlasting/acm_training/niuke/牛客周赛/115/A.cpp", "C++", 32, 0, 0, 0, 0, 1, 6, 39
"/home/everlasting/acm_training/niuke/牛客周赛/115/B.cpp", "C++", 37, 0, 0, 0, 0, 0, 8, 45
"/home/everlasting/acm_training/niuke/牛客周赛/115/C.cpp", "C++", 49, 0, 0, 0, 0, 0, 10, 59
"/home/everlasting/acm_training/niuke/牛客周赛/115/D.cpp", "C++", 50, 0, 0, 0, 0, 0, 14, 64
"/home/everlasting/acm_training/niuke/牛客周赛/116/A.cpp", "C++", 28, 0, 0, 0, 0, 1, 3, 32
"/home/everlasting/acm_training/niuke/牛客周赛/116/B.cpp", "C++", 31, 0, 0, 0, 0, 0, 4, 35
"/home/everlasting/acm_training/niuke/牛客周赛/116/C.cpp", "C++", 44, 0, 0, 0, 0, 1, 11, 56
"/home/everlasting/acm_training/niuke/牛客周赛/116/D.cpp", "C++", 53, 0, 0, 0, 0, 0, 12, 65
"/home/everlasting/acm_training/niuke/牛客周赛/116/E.cpp", "C++", 76, 0, 0, 0, 0, 1, 12, 89
"/home/everlasting/acm_training/niuke/牛客周赛/117/A.cpp", "C++", 33, 0, 0, 0, 0, 1, 4, 38
"/home/everlasting/acm_training/niuke/牛客周赛/117/B.cpp", "C++", 38, 0, 0, 0, 0, 1, 4, 43
"/home/everlasting/acm_training/niuke/牛客周赛/117/C.cpp", "C++", 25, 0, 0, 0, 0, 1, 5, 31
"/home/everlasting/acm_training/niuke/牛客周赛/117/D.cpp", "C++", 46, 0, 0, 0, 0, 1, 6, 53
"/home/everlasting/acm_training/niuke/牛客周赛/118/A.cpp", "C++", 29, 0, 0, 0, 0, 1, 5, 35
"/home/everlasting/acm_training/niuke/牛客周赛/118/B.cpp", "C++", 40, 0, 0, 0, 0, 1, 8, 49
"/home/everlasting/acm_training/niuke/牛客周赛/118/C.cpp", "C++", 42, 0, 0, 0, 0, 1, 7, 50
"/home/everlasting/acm_training/niuke/牛客周赛/118/D.cpp", "C++", 51, 0, 0, 0, 0, 1, 9, 61
"/home/everlasting/acm_training/niuke/牛客周赛/118/E.cpp", "C++", 24, 0, 0, 0, 0, 0, 6, 30
"/home/everlasting/acm_training/niuke/牛客周赛/118/F.cpp", "C++", 39, 0, 0, 0, 0, 0, 8, 47
"/home/everlasting/acm_training/niuke/牛客周赛/119/A.cpp", "C++", 40, 0, 0, 0, 0, 1, 5, 46
"/home/everlasting/acm_training/niuke/牛客周赛/119/B.cpp", "C++", 31, 0, 0, 0, 0, 0, 6, 37
"/home/everlasting/acm_training/niuke/牛客周赛/119/C.cpp", "C++", 39, 0, 0, 0, 0, 0, 5, 44
"/home/everlasting/acm_training/niuke/牛客周赛/119/D.cpp", "C++", 66, 0, 0, 0, 0, 0, 11, 77
"/home/everlasting/acm_training/niuke/牛客周赛/119/E.cpp", "C++", 57, 0, 0, 0, 0, 0, 9, 66
"/home/everlasting/acm_training/niuke/牛客周赛/119/F.cpp", "C++", 40, 0, 0, 0, 0, 0, 8, 48
"/home/everlasting/acm_training/niuke/牛客周赛/120/A.cpp", "C++", 36, 0, 0, 0, 0, 1, 5, 42
"/home/everlasting/acm_training/niuke/牛客周赛/120/B.cpp", "C++", 56, 0, 0, 0, 0, 1, 5, 62
"/home/everlasting/acm_training/niuke/牛客周赛/120/C.cpp", "C++", 42, 0, 0, 0, 0, 1, 5, 48
"/home/everlasting/acm_training/niuke/牛客周赛/120/D.cpp", "C++", 83, 0, 0, 0, 0, 1, 12, 96
"/home/everlasting/acm_training/niuke/牛客周赛/121/A.cpp", "C++", 29, 0, 0, 0, 0, 1, 6, 36
"/home/everlasting/acm_training/niuke/牛客周赛/121/B.cpp", "C++", 38, 0, 0, 0, 0, 0, 8, 46
"/home/everlasting/acm_training/niuke/牛客周赛/121/C.cpp", "C++", 49, 0, 0, 0, 0, 1, 9, 59
"/home/everlasting/acm_training/niuke/牛客周赛/121/D.cpp", "C++", 44, 0, 0, 0, 0, 6, 8, 58
"/home/everlasting/acm_training/niuke/牛客周赛/122/A.cpp", "C++", 30, 0, 0, 0, 0, 1, 6, 37
"/home/everlasting/acm_training/niuke/牛客周赛/122/B.cpp", "C++", 33, 0, 0, 0, 0, 0, 5, 38
"/home/everlasting/acm_training/niuke/牛客周赛/122/C.cpp", "C++", 35, 0, 0, 0, 0, 0, 5, 40
"/home/everlasting/acm_training/niuke/牛客周赛/122/D.cpp", "C++", 42, 0, 0, 0, 0, 0, 5, 47
"/home/everlasting/acm_training/niuke/牛客周赛/123/A.cpp", "C++", 29, 0, 0, 0, 0, 1, 4, 34
"/home/everlasting/acm_training/niuke/牛客周赛/123/B.cpp", "C++", 31, 0, 0, 0, 0, 1, 5, 37
"/home/everlasting/acm_training/niuke/牛客周赛/123/C.cpp", "C++", 47, 0, 0, 0, 0, 1, 6, 54
"/home/everlasting/acm_training/niuke/牛客周赛/123/D.cpp", "C++", 63, 0, 0, 0, 0, 1, 13, 77
"/home/everlasting/acm_training/niuke/牛客周赛/123/E.cpp", "C++", 37, 0, 0, 0, 0, 1, 4, 42
"/home/everlasting/acm_training/niuke/牛客周赛/123/F.cpp", "C++", 37, 0, 0, 0, 0, 1, 4, 42
"/home/everlasting/acm_training/niuke/牛客周赛/124/A.cpp", "C++", 31, 0, 0, 0, 0, 1, 4, 36
"/home/everlasting/acm_training/niuke/牛客周赛/124/B.cpp", "C++", 33, 0, 0, 0, 0, 1, 4, 38
"/home/everlasting/acm_training/niuke/牛客周赛/124/C.cpp", "C++", 54, 0, 0, 0, 0, 0, 8, 62
"/home/everlasting/acm_training/niuke/牛客周赛/124/D.cpp", "C++", 37, 0, 0, 0, 0, 1, 6, 44
"/home/everlasting/acm_training/niuke/牛客周赛/124/E.cpp", "C++", 35, 0, 0, 0, 0, 1, 5, 41
"/home/everlasting/acm_training/niuke/牛客周赛/125/A.cpp", "C++", 46, 0, 0, 0, 0, 1, 4, 51
"/home/everlasting/acm_training/niuke/牛客周赛/125/B.cpp", "C++", 34, 0, 0, 0, 0, 0, 6, 40
"/home/everlasting/acm_training/niuke/牛客周赛/125/C.cpp", "C++", 43, 0, 0, 0, 0, 0, 7, 50
"/home/everlasting/acm_training/niuke/牛客周赛/125/D.cpp", "C++", 49, 0, 0, 0, 0, 0, 7, 56
"/home/everlasting/acm_training/niuke/牛客周赛/126/A.cpp", "C++", 26, 0, 0, 0, 0, 1, 3, 30
"/home/everlasting/acm_training/niuke/牛客周赛/126/B.cpp", "C++", 36, 0, 0, 0, 0, 1, 6, 43
"/home/everlasting/acm_training/niuke/牛客周赛/126/C.cpp", "C++", 55, 0, 0, 0, 0, 8, 7, 70
"/home/everlasting/acm_training/niuke/牛客周赛/126/D.cpp", "C++", 44, 0, 0, 0, 0, 1, 7, 52
"/home/everlasting/acm_training/niuke/牛客周赛/126/E.cpp", "C++", 28, 0, 0, 0, 0, 0, 3, 31
"/home/everlasting/acm_training/niuke/牛客周赛/127/A.cpp", "C++", 25, 0, 0, 0, 0, 1, 2, 28
"/home/everlasting/acm_training/niuke/牛客周赛/127/B.cpp", "C++", 99, 0, 0, 0, 0, 0, 9, 108
"/home/everlasting/acm_training/niuke/牛客周赛/127/C.cpp", "C++", 58, 0, 0, 0, 0, 0, 9, 67
"/home/everlasting/acm_training/niuke/牛客周赛/127/D.cpp", "C++", 52, 0, 0, 0, 0, 0, 8, 60
"/home/everlasting/acm_training/niuke/牛客周赛/127/E.cpp", "C++", 48, 0, 0, 0, 0, 0, 8, 56
"/home/everlasting/acm_training/niuke/牛客周赛/127/F.cpp", "C++", 103, 0, 0, 0, 0, 0, 10, 113
"/home/everlasting/acm_training/niuke/牛客挑战赛/A.cpp", "C++", 48, 0, 0, 0, 0, 1, 6, 55
"/home/everlasting/acm_training/niuke/牛客挑战赛/B.cpp", "C++", 44, 0, 0, 0, 0, 1, 6, 51
"/home/everlasting/acm_training/niuke/练习赛/145/A.cpp", "C++", 52, 0, 0, 0, 0, 2, 5, 59
"/home/everlasting/acm_training/niuke/练习赛/145/B.cpp", "C++", 34, 0, 0, 0, 0, 1, 8, 43
"/home/everlasting/acm_training/niuke/练习赛/146/A.cpp", "C++", 49, 0, 0, 0, 0, 2, 7, 58
"/home/everlasting/acm_training/niuke/练习赛/146/B.cpp", "C++", 78, 0, 0, 0, 0, 6, 10, 94
"/home/everlasting/acm_training/niuke/练习赛/147/A.cpp", "C++", 30, 0, 0, 0, 0, 1, 4, 35
"/home/everlasting/acm_training/niuke/练习赛/147/B.cpp", "C++", 40, 0, 0, 0, 0, 1, 7, 48
"/home/everlasting/acm_training/niuke/练习赛/147/C.cpp", "C++", 48, 0, 0, 0, 0, 2, 9, 59
"/home/everlasting/acm_training/test2.cpp", "C++", 78, 0, 0, 0, 0, 0, 0, 78
"/home/everlasting/acm_training/vjudge/WUST/BFS/P1162 填涂颜色.cpp", "C++", 63, 0, 0, 0, 0, 1, 10, 74
"/home/everlasting/acm_training/vjudge/WUST/BFS/P1443 马的遍历.cpp", "C++", 51, 0, 0, 0, 0, 1, 11, 63
"/home/everlasting/acm_training/vjudge/WUST/BFS/P1506 拯救oibh总部.cpp", "C++", 85, 0, 0, 0, 0, 1, 12, 98
"/home/everlasting/acm_training/vjudge/WUST/BFS/P1649 [USACO07OCT] Obstacle Course S.cpp", "C++", 0, 0, 0, 0, 0, 0, 1, 1
"/home/everlasting/acm_training/vjudge/WUST/Character type/与圆相关的计算.cpp", "C++", 12, 0, 0, 0, 0, 0, 6, 18
"/home/everlasting/acm_training/vjudge/WUST/Character type/分糖果.cpp", "C++", 32, 0, 0, 0, 0, 0, 8, 40
"/home/everlasting/acm_training/vjudge/WUST/Character type/反向输出一个三位数.cpp", "C++", 10, 0, 0, 0, 0, 0, 2, 12
"/home/everlasting/acm_training/vjudge/WUST/Character type/均值.cpp", "C++", 16, 0, 0, 0, 0, 0, 2, 18
"/home/everlasting/acm_training/vjudge/WUST/Character type/大象喝水.cpp", "C++", 11, 0, 0, 0, 0, 0, 2, 13
"/home/everlasting/acm_training/vjudge/WUST/Character type/带余除法.cpp", "C++", 11, 0, 0, 0, 0, 0, 5, 16
"/home/everlasting/acm_training/vjudge/WUST/Character type/打印 ASCII 码.cpp", "C++", 9, 0, 0, 0, 0, 0, 2, 11
"/home/everlasting/acm_training/vjudge/WUST/Character type/打印字符.cpp", "C++", 9, 0, 0, 0, 0, 0, 2, 11
"/home/everlasting/acm_training/vjudge/WUST/Character type/整型与布尔型的转换.cpp", "C++", 10, 0, 0, 0, 0, 0, 2, 12
"/home/everlasting/acm_training/vjudge/WUST/Character type/求一元二次方程.cpp", "C++", 23, 0, 0, 0, 0, 0, 3, 26
"/home/everlasting/acm_training/vjudge/WUST/Character type/求平均年龄.cpp", "C++", 16, 0, 0, 0, 0, 0, 6, 22
"/home/everlasting/acm_training/vjudge/WUST/Character type/求整数的和与均值.cpp", "C++", 16, 0, 0, 0, 0, 0, 3, 19
"/home/everlasting/acm_training/vjudge/WUST/Character type/浮点数向零舍入.cpp", "C++", 9, 0, 0, 0, 0, 0, 2, 11
"/home/everlasting/acm_training/vjudge/WUST/Character type/温度表达转化.cpp", "C++", 10, 0, 0, 0, 0, 0, 2, 12
"/home/everlasting/acm_training/vjudge/WUST/Character type/甲流疫情死亡率.cpp", "C++", 10, 0, 0, 0, 0, 0, 5, 15
"/home/everlasting/acm_training/vjudge/WUST/Character type/空格分隔输出.cpp", "C++", 12, 0, 0, 0, 0, 0, 2, 14
"/home/everlasting/acm_training/vjudge/WUST/Character type/计算三角形面积.cpp", "C++", 15, 0, 0, 0, 0, 0, 2, 17
"/home/everlasting/acm_training/vjudge/WUST/Character type/计算分数的浮点数值.cpp", "C++", 10, 0, 0, 0, 0, 0, 3, 13
"/home/everlasting/acm_training/vjudge/WUST/Character type/计算并联电阻的阻值.cpp", "C++", 10, 0, 0, 0, 0, 0, 2, 12
"/home/everlasting/acm_training/vjudge/WUST/Character type/计算浮点数相除的余.cpp", "C++", 16, 0, 0, 0, 0, 0, 5, 21
"/home/everlasting/acm_training/vjudge/WUST/Character type/计算球的体积.cpp", "C++", 10, 0, 0, 0, 0, 0, 5, 15
"/home/everlasting/acm_training/vjudge/WUST/Character type/输出保留 12 位小数的浮点数.cpp", "C++", 9, 0, 0, 0, 0, 0, 2, 11
"/home/everlasting/acm_training/vjudge/WUST/Character type/输出保留 3 位小数的浮点数.cpp", "C++", 9, 0, 0, 0, 0, 0, 2, 11
"/home/everlasting/acm_training/vjudge/WUST/Character type/输出浮点数.cpp", "C++", 9, 0, 0, 0, 0, 0, 5, 14
"/home/everlasting/acm_training/vjudge/WUST/DFS/B3623 枚举排列（递归实现排列型枚举）.cpp", "C++", 45, 0, 0, 0, 0, 1, 7, 53
"/home/everlasting/acm_training/vjudge/WUST/DFS/B3625 迷宫寻路.cpp", "C++", 51, 0, 0, 0, 0, 1, 10, 62
"/home/everlasting/acm_training/vjudge/WUST/DFS/Lake Counting S.cpp", "C++", 56, 0, 0, 0, 0, 1, 9, 66
"/home/everlasting/acm_training/vjudge/WUST/DFS/P1019 [NOIP 2000 提高组] 单词接龙（疑似错题）.cpp", "C++", 34, 0, 0, 0, 0, 1, 6, 41
"/home/everlasting/acm_training/vjudge/WUST/DFS/P1036 [NOIP 2002 普及组] 选数.cpp", "C++", 56, 0, 0, 0, 0, 1, 12, 69
"/home/everlasting/acm_training/vjudge/WUST/DFS/P1101 单词方阵.cpp", "C++", 76, 0, 0, 0, 0, 1, 9, 86
"/home/everlasting/acm_training/vjudge/WUST/DFS/P1219 [USACO1.5] 八皇后 Checker Challenge.cpp", "C++", 61, 0, 0, 0, 0, 1, 8, 70
"/home/everlasting/acm_training/vjudge/WUST/DFS/P1605 迷宫.cpp", "C++", 53, 0, 0, 0, 0, 1, 7, 61
"/home/everlasting/acm_training/vjudge/WUST/DFS/P1706 全排列问题.cpp", "C++", 48, 0, 0, 0, 0, 1, 6, 55
"/home/everlasting/acm_training/vjudge/WUST/DFS/P2404 自然数的拆分问题.cpp", "C++", 56, 0, 0, 0, 0, 1, 8, 65
"/home/everlasting/acm_training/vjudge/WUST/DFS/P7012 [CERC2013] Draughts.cpp", "C++", 63, 0, 0, 0, 0, 0, 10, 73
"/home/everlasting/acm_training/vjudge/WUST/DFS/P9872 [EC Final 2021] DFS Order.cpp", "C++", 51, 0, 0, 0, 0, 0, 9, 60
"/home/everlasting/acm_training/vjudge/WUST/DFS/奇怪的电梯.cpp", "C++", 56, 0, 0, 0, 0, 1, 10, 67
"/home/everlasting/acm_training/vjudge/WUST/DFS/排列2.cpp", "C++", 66, 0, 0, 0, 0, 1, 8, 75
"/home/everlasting/acm_training/vjudge/WUST/DFS/数的划分.cpp", "C++", 39, 0, 0, 0, 0, 1, 7, 47
"/home/everlasting/acm_training/vjudge/WUST/DFS/猫粮规划.cpp", "C++", 44, 0, 0, 0, 0, 1, 7, 52
"/home/everlasting/acm_training/vjudge/WUST/Functions and Structures/P5461 赦免战俘.cpp", "C++", 53, 0, 0, 0, 0, 1, 9, 63
"/home/everlasting/acm_training/vjudge/WUST/Functions and Structures/判决素数个数.c", "C", 0, 40, 0, 0, 0, 0, 8, 48
"/home/everlasting/acm_training/vjudge/WUST/Functions and Structures/区间内的真素数.c", "C", 0, 62, 0, 0, 0, 0, 11, 73
"/home/everlasting/acm_training/vjudge/WUST/Functions and Structures/单词替换.c", "C", 0, 41, 0, 0, 0, 0, 12, 53
"/home/everlasting/acm_training/vjudge/WUST/Functions and Structures/哥德巴赫猜想.c", "C", 0, 34, 0, 0, 0, 0, 9, 43
"/home/everlasting/acm_training/vjudge/WUST/Functions and Structures/回文质数 Prime Palindromes.cpp", "C++", 46, 0, 0, 0, 0, 0, 10, 56
"/home/everlasting/acm_training/vjudge/WUST/Functions and Structures/培训.c", "C", 0, 34, 0, 0, 0, 0, 10, 44
"/home/everlasting/acm_training/vjudge/WUST/Functions and Structures/我家的门牌号 .c", "C", 0, 25, 0, 0, 0, 0, 7, 32
"/home/everlasting/acm_training/vjudge/WUST/Functions and Structures/旗鼓相当的对手 - 加强版 .c", "C", 0, 29, 0, 0, 0, 0, 8, 37
"/home/everlasting/acm_training/vjudge/WUST/Functions and Structures/最厉害的学生.c", "C", 0, 29, 0, 0, 0, 0, 9, 38
"/home/everlasting/acm_training/vjudge/WUST/Functions and Structures/最大质因子序列.c", "C", 0, 35, 0, 0, 0, 0, 6, 41
"/home/everlasting/acm_training/vjudge/WUST/Functions and Structures/歌唱比赛 .c", "C", 0, 54, 0, 0, 0, 0, 14, 68
"/home/everlasting/acm_training/vjudge/WUST/Functions and Structures/甲流病人初筛.c", "C", 0, 25, 0, 0, 0, 0, 7, 32
"/home/everlasting/acm_training/vjudge/WUST/Functions and Structures/简单算术表达式求值.c", "C", 0, 19, 0, 0, 0, 0, 6, 25
"/home/everlasting/acm_training/vjudge/WUST/Functions and Structures/素数回文数的个数.c", "C", 0, 59, 0, 0, 0, 0, 12, 71
"/home/everlasting/acm_training/vjudge/WUST/Functions and Structures/素数对.c", "C", 0, 34, 0, 0, 0, 0, 9, 43
"/home/everlasting/acm_training/vjudge/WUST/Functions and Structures/计算阶乘.c", "C", 0, 16, 0, 0, 0, 0, 4, 20
"/home/everlasting/acm_training/vjudge/WUST/Functions and Structures/评等级.c", "C", 0, 32, 0, 0, 0, 0, 8, 40
"/home/everlasting/acm_training/vjudge/WUST/Functions and Structures/质因数分解.c", "C", 0, 13, 0, 0, 0, 0, 5, 18
"/home/everlasting/acm_training/vjudge/WUST/Functions and Structures/质数的和与积.c", "C", 0, 42, 0, 0, 0, 0, 10, 52
"/home/everlasting/acm_training/vjudge/WUST/Functions and Structures/质数筛.c", "C", 0, 46, 0, 0, 0, 0, 12, 58
"/home/everlasting/acm_training/vjudge/WUST/Functions and Structures/赦免战俘.c", "C", 0, 0, 0, 0, 0, 0, 1, 1
"/home/everlasting/acm_training/vjudge/WUST/Functions and Structures/距离函数.c", "C", 0, 19, 0, 0, 0, 0, 8, 27
"/home/everlasting/acm_training/vjudge/WUST/Functions and Structures/闰年展示.c", "C", 0, 36, 0, 0, 0, 0, 14, 50
"/home/everlasting/acm_training/vjudge/WUST/Functions and Structures/集合求和.c", "C", 0, 26, 0, 0, 0, 0, 7, 33
"/home/everlasting/acm_training/vjudge/WUST/STL/B3614 【模板】栈.cpp", "C++", 48, 0, 0, 0, 0, 0, 4, 52
"/home/everlasting/acm_training/vjudge/WUST/STL/B3616 【模板】队列.cpp", "C++", 47, 0, 0, 0, 0, 1, 4, 52
"/home/everlasting/acm_training/vjudge/WUST/STL/B3807 [语言月赛 202307] 塔台超频.cpp", "C++", 33, 0, 0, 0, 0, 1, 5, 39
"/home/everlasting/acm_training/vjudge/WUST/STL/C. Registration system.cpp", "C++", 35, 0, 0, 0, 0, 1, 5, 41
"/home/everlasting/acm_training/vjudge/WUST/STL/Maps-STL.cpp", "C++", 37, 0, 0, 0, 0, 1, 5, 43
"/home/everlasting/acm_training/vjudge/WUST/STL/P1044 [NOIP 2003 普及组] 栈(dp).cpp", "C++", 48, 0, 0, 0, 0, 2, 9, 59
"/home/everlasting/acm_training/vjudge/WUST/STL/P1059 [NOIP 2006 普及组] 明明的随机数.cpp", "C++", 37, 0, 0, 0, 0, 1, 8, 46
"/home/everlasting/acm_training/vjudge/WUST/STL/P1093 [NOIP 2007 普及组] 奖学金.cpp", "C++", 51, 0, 0, 0, 0, 1, 9, 61
"/home/everlasting/acm_training/vjudge/WUST/STL/P1102 A-B 数对.cpp", "C++", 35, 0, 0, 0, 0, 1, 9, 45
"/home/everlasting/acm_training/vjudge/WUST/STL/P1449 后缀表达式.cpp", "C++", 52, 0, 0, 0, 0, 1, 5, 58
"/home/everlasting/acm_training/vjudge/WUST/STL/P1496 火烧赤壁.cpp", "C++", 54, 0, 0, 0, 0, 1, 9, 64
"/home/everlasting/acm_training/vjudge/WUST/STL/P1540 [NOIP 2010 提高组] 机器翻译.cpp", "C++", 45, 0, 0, 0, 0, 1, 5, 51
"/home/everlasting/acm_training/vjudge/WUST/STL/P1781 宇宙总统.cpp", "C++", 40, 0, 0, 0, 0, 1, 9, 50
"/home/everlasting/acm_training/vjudge/WUST/STL/P1901 发射站.cpp", "C++", 42, 0, 0, 0, 0, 1, 10, 53
"/home/everlasting/acm_training/vjudge/WUST/STL/P1996 约瑟夫问题.cpp", "C++", 41, 0, 0, 0, 0, 1, 6, 48
"/home/everlasting/acm_training/vjudge/WUST/STL/P3613 【深基15.例2】寄包柜.cpp", "C++", 36, 0, 0, 0, 0, 1, 5, 42
"/home/everlasting/acm_training/vjudge/WUST/STL/P3853 [TJOI2007] 路标设置.cpp", "C++", 57, 0, 0, 0, 0, 1, 12, 70
"/home/everlasting/acm_training/vjudge/WUST/STL/P4305 [JLOI2011] 不重复数字.cpp", "C++", 38, 0, 0, 0, 0, 0, 5, 43
"/home/everlasting/acm_training/vjudge/WUST/STL/Sets-STL.cpp", "C++", 48, 0, 0, 0, 0, 1, 3, 52
"/home/everlasting/acm_training/vjudge/WUST/STL/Shaolin.cpp", "C++", 50, 0, 0, 0, 0, 1, 6, 57
"/home/everlasting/acm_training/vjudge/WUST/STL/Stars.cpp", "C++", 47, 0, 0, 0, 0, 1, 7, 55
"/home/everlasting/acm_training/vjudge/WUST/STL/人见人爱A-B.cpp", "C++", 54, 0, 0, 0, 0, 1, 6, 61
"/home/everlasting/acm_training/vjudge/WUST/STL/最少拦截系统.cpp", "C++", 44, 0, 0, 0, 0, 1, 5, 50
"/home/everlasting/acm_training/vjudge/WUST/STL专项/FIGUREFUL.cpp", "C++", 41, 0, 0, 0, 0, 1, 8, 50
"/home/everlasting/acm_training/vjudge/WUST/STL专项/Fence Repair.cpp", "C++", 31, 0, 0, 0, 0, 8, 10, 49
"/home/everlasting/acm_training/vjudge/WUST/STL专项/{A} + {B}.cpp", "C++", 38, 0, 0, 0, 0, 1, 5, 44
"/home/everlasting/acm_training/vjudge/WUST/array/Bovine Bones G.cpp", "C++", 31, 0, 0, 0, 0, 0, 7, 38
"/home/everlasting/acm_training/vjudge/WUST/array/不与最大数相同的数字之和.cpp", "C++", 21, 0, 0, 0, 0, 0, 7, 28
"/home/everlasting/acm_training/vjudge/WUST/array/冰雹猜想.cpp", "C++", 23, 0, 0, 0, 0, 0, 7, 30
"/home/everlasting/acm_training/vjudge/WUST/array/压缩技术.cpp", "C++", 31, 0, 0, 0, 0, 0, 7, 38
"/home/everlasting/acm_training/vjudge/WUST/array/压缩技术（续集版）.cpp", "C++", 31, 0, 0, 0, 0, 0, 7, 38
"/home/everlasting/acm_training/vjudge/WUST/array/同行列对角线的格.cpp", "C++", 34, 0, 0, 0, 0, 0, 8, 42
"/home/everlasting/acm_training/vjudge/WUST/array/向量点积计算.cpp", "C++", 20, 0, 0, 0, 0, 0, 6, 26
"/home/everlasting/acm_training/vjudge/WUST/array/图像旋转.cpp", "C++", 26, 0, 0, 0, 0, 0, 6, 32
"/home/everlasting/acm_training/vjudge/WUST/array/图像模糊处理.cpp", "C++", 30, 0, 0, 0, 0, 0, 6, 36
"/home/everlasting/acm_training/vjudge/WUST/array/图像相似度.cpp", "C++", 24, 0, 0, 0, 0, 0, 7, 31
"/home/everlasting/acm_training/vjudge/WUST/array/小鱼比可爱.cpp", "C++", 25, 0, 0, 0, 0, 0, 6, 31
"/home/everlasting/acm_training/vjudge/WUST/array/小鱼的数字游戏.cpp", "C++", 18, 0, 0, 0, 0, 0, 6, 24
"/home/everlasting/acm_training/vjudge/WUST/array/工艺品制作.cpp", "C++", 31, 0, 0, 0, 0, 0, 6, 37
"/home/everlasting/acm_training/vjudge/WUST/array/年龄与疾病.cpp", "C++", 25, 0, 0, 0, 0, 0, 6, 31
"/home/everlasting/acm_training/vjudge/WUST/array/开关灯.cpp", "C++", 19, 0, 0, 0, 0, 0, 6, 25
"/home/everlasting/acm_training/vjudge/WUST/array/开灯.cpp", "C++", 24, 0, 0, 0, 0, 0, 5, 29
"/home/everlasting/acm_training/vjudge/WUST/array/彩票摇奖.cpp", "C++", 30, 0, 0, 0, 0, 0, 6, 36
"/home/everlasting/acm_training/vjudge/WUST/array/插火把.cpp", "C++", 49, 0, 0, 0, 0, 0, 9, 58
"/home/everlasting/acm_training/vjudge/WUST/array/数组逆序重存放.cpp", "C++", 15, 0, 0, 0, 0, 0, 5, 20
"/home/everlasting/acm_training/vjudge/WUST/array/整数去重.cpp", "C++", 30, 0, 0, 0, 0, 0, 6, 36
"/home/everlasting/acm_training/vjudge/WUST/array/方块转换 Transformations.cpp", "C++", 111, 0, 0, 0, 0, 0, 19, 130
"/home/everlasting/acm_training/vjudge/WUST/array/旗鼓相当的对手.cpp", "C++", 23, 0, 0, 0, 0, 0, 6, 29
"/home/everlasting/acm_training/vjudge/WUST/array/显示屏.cpp", "C++", 25, 0, 0, 0, 0, 0, 3, 28
"/home/everlasting/acm_training/vjudge/WUST/array/最长平台.cpp", "C++", 34, 0, 0, 0, 0, 0, 6, 40
"/home/everlasting/acm_training/vjudge/WUST/array/查找特定的值.cpp", "C++", 21, 0, 0, 0, 0, 0, 7, 28
"/home/everlasting/acm_training/vjudge/WUST/array/校门外的树.cpp", "C++", 22, 0, 0, 0, 0, 0, 5, 27
"/home/everlasting/acm_training/vjudge/WUST/array/梦中的统计.cpp", "C++", 18, 0, 0, 0, 0, 0, 5, 23
"/home/everlasting/acm_training/vjudge/WUST/array/爱与愁的心痛.cpp", "C++", 28, 0, 0, 0, 0, 0, 7, 35
"/home/everlasting/acm_training/vjudge/WUST/array/珠心算测验.cpp", "C++", 25, 0, 0, 0, 0, 0, 6, 31
"/home/everlasting/acm_training/vjudge/WUST/array/白细胞计数.cpp", "C++", 36, 0, 0, 0, 0, 0, 10, 46
"/home/everlasting/acm_training/vjudge/WUST/array/直方图.cpp", "C++", 23, 0, 0, 0, 0, 0, 5, 28
"/home/everlasting/acm_training/vjudge/WUST/array/矩阵乘法.cpp", "C++", 37, 0, 0, 0, 0, 0, 5, 42
"/home/everlasting/acm_training/vjudge/WUST/array/矩阵交换行.cpp", "C++", 24, 0, 0, 0, 0, 0, 7, 31
"/home/everlasting/acm_training/vjudge/WUST/array/矩阵加法.cpp", "C++", 32, 0, 0, 0, 0, 0, 8, 40
"/home/everlasting/acm_training/vjudge/WUST/array/矩阵转置.cpp", "C++", 20, 0, 0, 0, 0, 0, 5, 25
"/home/everlasting/acm_training/vjudge/WUST/array/神奇的幻方.cpp", "C++", 35, 0, 0, 0, 0, 0, 7, 42
"/home/everlasting/acm_training/vjudge/WUST/array/统计数字字符个数.cpp", "C++", 15, 0, 0, 0, 0, 0, 5, 20
"/home/everlasting/acm_training/vjudge/WUST/array/蛇形方阵.cpp", "C++", 47, 0, 0, 0, 0, 0, 10, 57
"/home/everlasting/acm_training/vjudge/WUST/array/计算矩阵边缘元素之和.cpp", "C++", 32, 0, 0, 0, 0, 0, 6, 38
"/home/everlasting/acm_training/vjudge/WUST/array/计算鞍点.cpp", "C++", 40, 0, 0, 0, 0, 0, 6, 46
"/home/everlasting/acm_training/vjudge/WUST/branch structure/ABC.cpp", "C++", 18, 0, 0, 0, 0, 0, 2, 20
"/home/everlasting/acm_training/vjudge/WUST/branch structure/Apples.cpp", "C++", 13, 0, 0, 0, 0, 0, 2, 15
"/home/everlasting/acm_training/vjudge/WUST/branch structure/ISBN 号码.cpp", "C++", 34, 0, 0, 0, 0, 0, 4, 38
"/home/everlasting/acm_training/vjudge/WUST/branch structure/三位数排序.cpp", "C++", 12, 0, 0, 0, 0, 0, 2, 14
"/home/everlasting/acm_training/vjudge/WUST/branch structure/三角函数.cpp", "C++", 14, 0, 0, 0, 0, 0, 7, 21
"/home/everlasting/acm_training/vjudge/WUST/branch structure/三角形分类.cpp", "C++", 32, 0, 0, 0, 0, 0, 7, 39
"/home/everlasting/acm_training/vjudge/WUST/branch structure/三角形判断.cpp", "C++", 13, 0, 0, 0, 0, 0, 2, 15
"/home/everlasting/acm_training/vjudge/WUST/branch structure/不高兴的津津.cpp", "C++", 27, 0, 0, 0, 0, 0, 3, 30
"/home/everlasting/acm_training/vjudge/WUST/branch structure/买铅笔.cpp", "C++", 25, 0, 0, 0, 0, 0, 2, 27
"/home/everlasting/acm_training/vjudge/WUST/branch structure/分段函数.cpp", "C++", 13, 0, 0, 0, 0, 0, 2, 15
"/home/everlasting/acm_training/vjudge/WUST/branch structure/判断一个数能否同时被 3 和 5 整除.cpp", "C++", 13, 0, 0, 0, 0, 0, 2, 15
"/home/everlasting/acm_training/vjudge/WUST/branch structure/判断数正负.cpp", "C++", 11, 0, 0, 0, 0, 0, 2, 13
"/home/everlasting/acm_training/vjudge/WUST/branch structure/判断是否为两位数.cpp", "C++", 13, 0, 0, 0, 0, 0, 2, 15
"/home/everlasting/acm_training/vjudge/WUST/branch structure/判断能否被 3，5，7 整除.cpp", "C++", 24, 0, 0, 0, 0, 0, 2, 26
"/home/everlasting/acm_training/vjudge/WUST/branch structure/奇偶 ASCII 值判断.cpp", "C++", 13, 0, 0, 0, 0, 0, 2, 15
"/home/everlasting/acm_training/vjudge/WUST/branch structure/奇偶数判断.cpp", "C++", 13, 0, 0, 0, 0, 0, 2, 15
"/home/everlasting/acm_training/vjudge/WUST/branch structure/小学数学 N 合一.cpp", "C++", 38, 0, 0, 0, 0, 0, 3, 41
"/home/everlasting/acm_training/vjudge/WUST/branch structure/小玉家的电费.cpp", "C++", 17, 0, 0, 0, 0, 0, 2, 19
"/home/everlasting/acm_training/vjudge/WUST/branch structure/小鱼的航程（改进版）.cpp", "C++", 21, 0, 0, 0, 0, 0, 2, 23
"/home/everlasting/acm_training/vjudge/WUST/branch structure/收集瓶盖赢大奖.cpp", "C++", 13, 0, 0, 0, 0, 0, 2, 15
"/home/everlasting/acm_training/vjudge/WUST/branch structure/数的性质.cpp", "C++", 32, 0, 0, 0, 0, 0, 2, 34
"/home/everlasting/acm_training/vjudge/WUST/branch structure/整数大小比较.cpp", "C++", 11, 0, 0, 0, 0, 0, 3, 14
"/home/everlasting/acm_training/vjudge/WUST/branch structure/晶晶赴约会.cpp", "C++", 13, 0, 0, 0, 0, 0, 2, 15
"/home/everlasting/acm_training/vjudge/WUST/branch structure/最大数输出.cpp", "C++", 17, 0, 0, 0, 0, 0, 2, 19
"/home/everlasting/acm_training/vjudge/WUST/branch structure/月份天数.cpp", "C++", 15, 0, 0, 0, 0, 0, 2, 17
"/home/everlasting/acm_training/vjudge/WUST/branch structure/有一门课不及格的学生.cpp", "C++", 14, 0, 0, 0, 0, 0, 2, 16
"/home/everlasting/acm_training/vjudge/WUST/branch structure/洛谷团队系统.cpp", "C++", 16, 0, 0, 0, 0, 0, 2, 18
"/home/everlasting/acm_training/vjudge/WUST/branch structure/点和正方形的关系.cpp", "C++", 11, 0, 0, 0, 0, 0, 2, 13
"/home/everlasting/acm_training/vjudge/WUST/branch structure/简单计算器 .cpp", "C++", 21, 0, 0, 0, 0, 0, 2, 23
"/home/everlasting/acm_training/vjudge/WUST/branch structure/肥胖问题.cpp", "C++", 12, 0, 0, 0, 0, 0, 2, 14
"/home/everlasting/acm_training/vjudge/WUST/branch structure/苹果和虫子.cpp", "C++", 17, 0, 0, 0, 0, 0, 6, 23
"/home/everlasting/acm_training/vjudge/WUST/branch structure/计算邮资.cpp", "C++", 21, 0, 0, 0, 0, 0, 2, 23
"/home/everlasting/acm_training/vjudge/WUST/branch structure/输出绝对值.cpp", "C++", 9, 0, 0, 0, 0, 0, 2, 11
"/home/everlasting/acm_training/vjudge/WUST/branch structure/闰年判断.cpp", "C++", 13, 0, 0, 0, 0, 0, 2, 15
"/home/everlasting/acm_training/vjudge/WUST/branch structure/陶陶摘苹果.cpp", "C++", 20, 0, 0, 0, 0, 0, 7, 27
"/home/everlasting/acm_training/vjudge/WUST/branch structure/骑车与走路.cpp", "C++", 17, 0, 0, 0, 0, 0, 2, 19
"/home/everlasting/acm_training/vjudge/WUST/dp/B. Maximum Sum.cpp", "C++", 38, 0, 0, 0, 0, 0, 10, 48
"/home/everlasting/acm_training/vjudge/WUST/dp/B3637 最长上升子序列.cpp", "C++", 38, 0, 0, 0, 0, 1, 8, 47
"/home/everlasting/acm_training/vjudge/WUST/dp/P1255 数楼梯.cpp", "C++", 22, 0, 0, 0, 0, 1, 4, 27
"/home/everlasting/acm_training/vjudge/WUST/dp/P1466 [USACO2.2] 集合 Subset Sums.cpp", "C++", 38, 0, 0, 0, 0, 1, 8, 47
"/home/everlasting/acm_training/vjudge/WUST/dp/P2722 [USACO3.1] 总分 Score Inflation.cpp", "C++", 37, 0, 0, 0, 0, 1, 7, 45
"/home/everlasting/acm_training/vjudge/WUST/dp/Tickets.cpp", "C++", 48, 0, 0, 0, 0, 0, 14, 62
"/home/everlasting/acm_training/vjudge/WUST/inputandoutput/A + B 问题 .cpp", "C++", 9, 0, 0, 0, 0, 0, 2, 11
"/home/everlasting/acm_training/vjudge/WUST/inputandoutput/A+B for Input-Output Practice (I).cpp", "C++", 14, 0, 0, 0, 0, 0, 5, 19
"/home/everlasting/acm_training/vjudge/WUST/inputandoutput/A+B for Input-Output Practice (II).cpp", "C++", 18, 0, 0, 0, 0, 0, 7, 25
"/home/everlasting/acm_training/vjudge/WUST/inputandoutput/A+B for Input-Output Practice (III) .cpp", "C++", 18, 0, 0, 0, 0, 0, 5, 23
"/home/everlasting/acm_training/vjudge/WUST/inputandoutput/A+B for Input-Output Practice (IV).cpp", "C++", 23, 0, 0, 0, 0, 0, 4, 27
"/home/everlasting/acm_training/vjudge/WUST/inputandoutput/A+B for Input-Output Practice (V).cpp", "C++", 22, 0, 0, 0, 0, 0, 5, 27
"/home/everlasting/acm_training/vjudge/WUST/inputandoutput/A+B for Input-Output Practice (VI).cpp", "C++", 21, 0, 0, 0, 0, 0, 4, 25
"/home/everlasting/acm_training/vjudge/WUST/inputandoutput/Hello,World! .cpp", "C++", 6, 0, 0, 0, 0, 0, 2, 8
"/home/everlasting/acm_training/vjudge/WUST/inputandoutput/入门测试题目.cpp", "C++", 10, 0, 0, 0, 0, 0, 2, 12
"/home/everlasting/acm_training/vjudge/WUST/inputandoutput/地球人口承载力估计.cpp", "C++", 10, 0, 0, 0, 0, 0, 2, 12
"/home/everlasting/acm_training/vjudge/WUST/inputandoutput/字符三角形.cpp", "C++", 11, 0, 0, 0, 0, 0, 5, 16
"/home/everlasting/acm_training/vjudge/WUST/inputandoutput/对齐输出.cpp", "C++", 9, 0, 0, 0, 0, 0, 2, 11
"/home/everlasting/acm_training/vjudge/WUST/inputandoutput/简单计算.cpp", "C++", 9, 0, 0, 0, 0, 0, 2, 11
"/home/everlasting/acm_training/vjudge/WUST/inputandoutput/超简单计算.cpp", "C++", 9, 0, 0, 0, 0, 0, 2, 11
"/home/everlasting/acm_training/vjudge/WUST/inputandoutput/输出字符菱形.cpp", "C++", 12, 0, 0, 0, 0, 0, 2, 14
"/home/everlasting/acm_training/vjudge/WUST/inputandoutput/输出第二个整数 .cpp", "C++", 9, 0, 0, 0, 0, 0, 2, 11
"/home/everlasting/acm_training/vjudge/WUST/loop/Davor.cpp", "C++", 24, 0, 0, 0, 0, 0, 4, 28
"/home/everlasting/acm_training/vjudge/WUST/loop/一尺之棰.cpp", "C++", 14, 0, 0, 0, 0, 0, 2, 16
"/home/everlasting/acm_training/vjudge/WUST/loop/不定方程求解.cpp", "C++", 17, 0, 0, 0, 0, 0, 5, 22
"/home/everlasting/acm_training/vjudge/WUST/loop/与 7 无关的数.cpp", "C++", 29, 0, 0, 0, 0, 0, 6, 35
"/home/everlasting/acm_training/vjudge/WUST/loop/与指定数字相同的数的个数.cpp", "C++", 18, 0, 0, 0, 0, 0, 2, 20
"/home/everlasting/acm_training/vjudge/WUST/loop/乘方计算.cpp", "C++", 13, 0, 0, 0, 0, 0, 2, 15
"/home/everlasting/acm_training/vjudge/WUST/loop/人口增长问题.cpp", "C++", 12, 0, 0, 0, 0, 0, 5, 17
"/home/everlasting/acm_training/vjudge/WUST/loop/余数相同问题.cpp", "C++", 16, 0, 0, 0, 0, 0, 6, 22
"/home/everlasting/acm_training/vjudge/WUST/loop/分类平均.cpp", "C++", 24, 0, 0, 0, 0, 0, 7, 31
"/home/everlasting/acm_training/vjudge/WUST/loop/分苹果.cpp", "C++", 13, 0, 0, 0, 0, 0, 5, 18
"/home/everlasting/acm_training/vjudge/WUST/loop/含 k 个 3 的数.cpp", "C++", 18, 0, 0, 0, 0, 0, 6, 24
"/home/everlasting/acm_training/vjudge/WUST/loop/回文质数 Prime Palindromes.cpp", "C++", 46, 0, 0, 0, 0, 0, 10, 56
"/home/everlasting/acm_training/vjudge/WUST/loop/奇数求和.cpp", "C++", 16, 0, 0, 0, 0, 0, 6, 22
"/home/everlasting/acm_training/vjudge/WUST/loop/奥运奖牌计数.cpp", "C++", 31, 0, 0, 0, 0, 0, 7, 38
"/home/everlasting/acm_training/vjudge/WUST/loop/小玉在游泳.cpp", "C++", 17, 0, 0, 0, 0, 0, 3, 20
"/home/everlasting/acm_training/vjudge/WUST/loop/幂的末尾.cpp", "C++", 14, 0, 0, 0, 0, 0, 3, 17
"/home/everlasting/acm_training/vjudge/WUST/loop/打分.cpp", "C++", 26, 0, 0, 0, 0, 0, 9, 35
"/home/everlasting/acm_training/vjudge/WUST/loop/找最小值.cpp", "C++", 15, 0, 0, 0, 0, 0, 2, 17
"/home/everlasting/acm_training/vjudge/WUST/loop/救援.cpp", "C++", 17, 0, 0, 0, 0, 0, 6, 23
"/home/everlasting/acm_training/vjudge/WUST/loop/数列求和.cpp", "C++", 13, 0, 0, 0, 0, 0, 2, 15
"/home/everlasting/acm_training/vjudge/WUST/loop/数字反转.cpp", "C++", 28, 0, 0, 0, 0, 0, 3, 31
"/home/everlasting/acm_training/vjudge/WUST/loop/数字直角三角形.cpp", "C++", 18, 0, 0, 0, 0, 0, 4, 22
"/home/everlasting/acm_training/vjudge/WUST/loop/数字统计.cpp", "C++", 14, 0, 0, 0, 0, 0, 2, 16
"/home/everlasting/acm_training/vjudge/WUST/loop/整数的个数.cpp", "C++", 19, 0, 0, 0, 0, 0, 3, 22
"/home/everlasting/acm_training/vjudge/WUST/loop/斐波那契数列.cpp", "C++", 26, 0, 0, 0, 0, 0, 7, 33
"/home/everlasting/acm_training/vjudge/WUST/loop/最长连号.cpp", "C++", 26, 0, 0, 0, 0, 0, 2, 28
"/home/everlasting/acm_training/vjudge/WUST/loop/最高的分数.cpp", "C++", 18, 0, 0, 0, 0, 0, 6, 24
"/home/everlasting/acm_training/vjudge/WUST/loop/月落乌啼算钱（斐波那契数列）.cpp", "C++", 21, 0, 0, 0, 0, 0, 6, 27
"/home/everlasting/acm_training/vjudge/WUST/loop/求三角形.cpp", "C++", 37, 0, 0, 0, 0, 0, 8, 45
"/home/everlasting/acm_training/vjudge/WUST/loop/求出 e 的值.cpp", "C++", 22, 0, 0, 0, 0, 0, 7, 29
"/home/everlasting/acm_training/vjudge/WUST/loop/求分数序列和 .cpp", "C++", 18, 0, 0, 0, 0, 0, 5, 23
"/home/everlasting/acm_training/vjudge/WUST/loop/求小数的某一位.cpp", "C++", 14, 0, 0, 0, 0, 0, 6, 20
"/home/everlasting/acm_training/vjudge/WUST/loop/求极差.cpp", "C++", 21, 0, 0, 0, 0, 0, 3, 24
"/home/everlasting/acm_training/vjudge/WUST/loop/津津的储蓄计划.cpp", "C++", 23, 0, 0, 0, 0, 0, 4, 27
"/home/everlasting/acm_training/vjudge/WUST/loop/满足条件的数累加.cpp", "C++", 15, 0, 0, 0, 0, 0, 3, 18
"/home/everlasting/acm_training/vjudge/WUST/loop/球弹跳高度的计算.cpp", "C++", 15, 0, 0, 0, 0, 0, 3, 18
"/home/everlasting/acm_training/vjudge/WUST/loop/画矩形.cpp", "C++", 32, 0, 0, 0, 0, 0, 2, 34
"/home/everlasting/acm_training/vjudge/WUST/loop/第 n 小的质数.cpp", "C++", 29, 0, 0, 0, 0, 0, 5, 34
"/home/everlasting/acm_training/vjudge/WUST/loop/级数求和.cpp", "C++", 18, 0, 0, 0, 0, 0, 6, 24
"/home/everlasting/acm_training/vjudge/WUST/loop/线性筛素数.cpp", "C++", 32, 0, 0, 0, 0, 0, 5, 37
"/home/everlasting/acm_training/vjudge/WUST/loop/统计满足条件的 4 位数.cpp", "C++", 15, 0, 0, 0, 0, 0, 5, 20
"/home/everlasting/acm_training/vjudge/WUST/loop/药房管理.cpp", "C++", 20, 0, 0, 0, 0, 0, 6, 26
"/home/everlasting/acm_training/vjudge/WUST/loop/角谷猜想.cpp", "C++", 20, 0, 0, 0, 0, 0, 6, 26
"/home/everlasting/acm_training/vjudge/WUST/loop/计数问题.cpp", "C++", 19, 0, 0, 0, 0, 0, 6, 25
"/home/everlasting/acm_training/vjudge/WUST/loop/计算书费.cpp", "C++", 29, 0, 0, 0, 0, 0, 2, 31
"/home/everlasting/acm_training/vjudge/WUST/loop/计算分数加减表达式的值.cpp", "C++", 17, 0, 0, 0, 0, 0, 2, 19
"/home/everlasting/acm_training/vjudge/WUST/loop/计算多项式的值.cpp", "C++", 14, 0, 0, 0, 0, 0, 2, 16
"/home/everlasting/acm_training/vjudge/WUST/loop/计算星期几.cpp", "C++", 20, 0, 0, 0, 0, 0, 6, 26
"/home/everlasting/acm_training/vjudge/WUST/loop/质因数分解.cpp", "C++", 16, 0, 0, 0, 0, 0, 3, 19
"/home/everlasting/acm_training/vjudge/WUST/loop/质数口袋.cpp", "C++", 37, 0, 0, 0, 0, 0, 9, 46
"/home/everlasting/acm_training/vjudge/WUST/loop/金币.cpp", "C++", 21, 0, 0, 0, 0, 0, 3, 24
"/home/everlasting/acm_training/vjudge/WUST/loop/阶乘之和.cpp", "C++", 46, 0, 0, 0, 0, 0, 4, 50
"/home/everlasting/acm_training/vjudge/WUST/loop/鸡尾酒疗法.cpp", "C++", 25, 0, 0, 0, 0, 0, 7, 32
"/home/everlasting/acm_training/vjudge/WUST/string/Determinewhetherastringisapalindrome.cpp", "C++", 17, 0, 0, 0, 0, 0, 4, 21
"/home/everlasting/acm_training/vjudge/WUST/string/Luogu Academic.cpp", "C++", 29, 0, 0, 0, 0, 0, 1, 30
"/home/everlasting/acm_training/vjudge/WUST/string/Oulipo.cpp", "C++", 29, 0, 0, 0, 0, 0, 1, 30
"/home/everlasting/acm_training/vjudge/WUST/string/P1321 单词覆盖还原.cpp", "C++", 37, 0, 0, 0, 0, 1, 5, 43
"/home/everlasting/acm_training/vjudge/WUST/string/Permutation Counting.cpp", "C++", 13, 0, 0, 0, 0, 0, 4, 17
"/home/everlasting/acm_training/vjudge/WUST/string/Shortest Prefixes.cpp", "C++", 41, 0, 0, 0, 0, 0, 7, 48
"/home/everlasting/acm_training/vjudge/WUST/string/你的飞碟在这儿.cpp", "C++", 22, 0, 0, 0, 0, 0, 2, 24
"/home/everlasting/acm_training/vjudge/WUST/string/加密的病历单.cpp", "C++", 32, 0, 0, 0, 0, 0, 2, 34
"/home/everlasting/acm_training/vjudge/WUST/string/口算练习题.cpp", "C++", 50, 0, 0, 0, 0, 0, 5, 55
"/home/everlasting/acm_training/vjudge/WUST/string/小书童——凯撒密码.cpp", "C++", 18, 0, 0, 0, 0, 0, 1, 19
"/home/everlasting/acm_training/vjudge/WUST/string/小果的键盘.cpp", "C++", 32, 0, 0, 0, 0, 0, 4, 36
"/home/everlasting/acm_training/vjudge/WUST/string/手机.cpp", "C++", 18, 0, 0, 0, 0, 0, 6, 24
"/home/everlasting/acm_training/vjudge/WUST/string/数字反转（升级版）.cpp", "C++", 74, 0, 0, 0, 0, 0, 6, 80
"/home/everlasting/acm_training/vjudge/WUST/string/整理药名.cpp", "C++", 21, 0, 0, 0, 0, 0, 3, 24
"/home/everlasting/acm_training/vjudge/WUST/string/文字处理软件.cpp", "C++", 43, 0, 0, 0, 0, 0, 2, 45
"/home/everlasting/acm_training/vjudge/WUST/string/斯诺登的密码.cpp", "C++", 35, 0, 0, 0, 0, 0, 9, 44
"/home/everlasting/acm_training/vjudge/WUST/string/最高分数的学生姓名.cpp", "C++", 31, 0, 0, 0, 0, 0, 4, 35
"/home/everlasting/acm_training/vjudge/WUST/string/标题统计.cpp", "C++", 14, 0, 0, 0, 0, 0, 1, 15
"/home/everlasting/acm_training/vjudge/WUST/string/梦幻.cpp", "C++", 55, 0, 0, 0, 0, 0, 5, 60
"/home/everlasting/acm_training/vjudge/WUST/string/水仙花数.cpp", "C++", 29, 0, 0, 0, 0, 0, 3, 32
"/home/everlasting/acm_training/vjudge/WUST/string/浴眼盯真 .cpp", "C++", 17, 0, 0, 0, 0, 0, 1, 18
"/home/everlasting/acm_training/vjudge/WUST/string/笨小猴.cpp", "C++", 35, 0, 0, 0, 0, 0, 12, 47
"/home/everlasting/acm_training/vjudge/WUST/string/自动修正.cpp", "C++", 13, 0, 0, 0, 0, 0, 5, 18
"/home/everlasting/acm_training/vjudge/WUST/string/语句解析.cpp", "C++", 49, 0, 0, 0, 0, 0, 1, 50
"/home/everlasting/acm_training/vjudge/WUST/string/输出亲朋字符串.cpp", "C++", 17, 0, 0, 0, 0, 0, 1, 18
"/home/everlasting/acm_training/vjudge/WUST/二分/1-1 A（并非二分）.cpp", "C++", 54, 0, 0, 0, 0, 1, 12, 67
"/home/everlasting/acm_training/vjudge/WUST/二分/1.cpp", "C++", 45, 0, 0, 0, 0, 1, 9, 55
"/home/everlasting/acm_training/vjudge/WUST/二分/C. Sagheer and Nubian Market.cpp", "C++", 66, 0, 0, 0, 0, 1, 13, 80
"/home/everlasting/acm_training/vjudge/WUST/二分/Can you solve this equation.cpp", "C++", 42, 0, 0, 0, 0, 0, 8, 50
"/home/everlasting/acm_training/vjudge/WUST/二分/P1024 [NOIP 2001 提高组] 一元三次方程求解.cpp", "C++", 47, 0, 0, 0, 0, 1, 7, 55
"/home/everlasting/acm_training/vjudge/WUST/二分/P1281 [CERC1998] 书的复制.cpp", "C++", 75, 0, 0, 0, 0, 2, 15, 92
"/home/everlasting/acm_training/vjudge/WUST/二分/P1571 眼红的Medusa.cpp", "C++", 40, 0, 0, 0, 0, 1, 7, 48
"/home/everlasting/acm_training/vjudge/WUST/二分/P1843 奶牛晒衣服.cpp", "C++", 50, 0, 0, 0, 0, 1, 9, 60
"/home/everlasting/acm_training/vjudge/WUST/二分/P1873EKO 砍树.cpp", "C++", 53, 0, 0, 0, 0, 1, 12, 66
"/home/everlasting/acm_training/vjudge/WUST/二分/P9455 [入门赛 #14] 塔台超频 (Hard Version).cpp", "C++", 49, 0, 0, 0, 0, 1, 11, 61
"/home/everlasting/acm_training/vjudge/WUST/二分/Sumy.cpp", "C++", 64, 0, 0, 0, 0, 1, 9, 74
"/home/everlasting/acm_training/vjudge/WUST/二分/分巧克力.cpp", "C++", 50, 0, 0, 0, 0, 1, 10, 61
"/home/everlasting/acm_training/vjudge/WUST/二分/卡牌.cpp", "C++", 53, 0, 0, 0, 0, 1, 9, 63
"/home/everlasting/acm_training/vjudge/WUST/二分/小车问题.cpp", "C++", 26, 0, 0, 0, 0, 1, 5, 32
"/home/everlasting/acm_training/vjudge/WUST/二分/数列分段 Section II.cpp", "C++", 60, 0, 0, 0, 0, 1, 10, 71
"/home/everlasting/acm_training/vjudge/WUST/二分/木材加工.cpp", "C++", 48, 0, 0, 0, 0, 1, 12, 61
"/home/everlasting/acm_training/vjudge/WUST/二分/查找.cpp", "C++", 48, 0, 0, 0, 0, 1, 8, 57
"/home/everlasting/acm_training/vjudge/WUST/二分/模板.cpp", "C++", 18, 0, 0, 0, 0, 2, 4, 24
"/home/everlasting/acm_training/vjudge/WUST/二分/烦恼的高考志愿.cpp", "C++", 43, 0, 0, 0, 0, 1, 12, 56
"/home/everlasting/acm_training/vjudge/WUST/二分/狠狠地切割 (Hard Version).cpp", "C++", 43, 0, 0, 0, 0, 1, 8, 52
"/home/everlasting/acm_training/vjudge/WUST/二分/跳石头.cpp", "C++", 59, 0, 0, 0, 0, 1, 15, 75
"/home/everlasting/acm_training/vjudge/WUST/二分/进击的奶牛 Aggressive Cows G.cpp", "C++", 50, 0, 0, 0, 0, 1, 12, 63
"/home/everlasting/acm_training/vjudge/WUST/二分/递增三元组.CPP", "C++", 0, 0, 0, 0, 0, 0, 1, 1
"/home/everlasting/acm_training/vjudge/WUST/二分/青蛙过河.cpp", "C++", 52, 0, 0, 0, 0, 1, 8, 61
"/home/everlasting/acm_training/vjudge/WUST/位运算/P1100 高低位交换.cpp", "C++", 25, 0, 0, 0, 0, 1, 8, 34
"/home/everlasting/acm_training/vjudge/WUST/位运算/P1469 找筷子.cpp", "C++", 29, 0, 0, 0, 0, 1, 6, 36
"/home/everlasting/acm_training/vjudge/WUST/位运算/P8072.cpp", "C++", 40, 0, 0, 0, 0, 1, 11, 52
"/home/everlasting/acm_training/vjudge/WUST/位运算/P9496 「RiOI-2」hacker.cpp", "C++", 50, 0, 0, 0, 0, 0, 8, 58
"/home/everlasting/acm_training/vjudge/WUST/前缀和与差分/AT_abc233_d [ABC233D] Count Interval.cpp", "C++", 34, 0, 0, 0, 0, 1, 6, 41
"/home/everlasting/acm_training/vjudge/WUST/前缀和与差分/AtColor.cpp", "C++", 39, 0, 0, 0, 0, 1, 9, 49
"/home/everlasting/acm_training/vjudge/WUST/前缀和与差分/C. Good Subarrays.cpp", "C++", 34, 0, 0, 0, 0, 0, 6, 40
"/home/everlasting/acm_training/vjudge/WUST/前缀和与差分/GCD on Blackboard.cpp", "C++", 51, 0, 0, 0, 0, 1, 8, 60
"/home/everlasting/acm_training/vjudge/WUST/前缀和与差分/IncDec Sequence.cpp", "C++", 39, 0, 0, 0, 0, 1, 7, 47
"/home/everlasting/acm_training/vjudge/WUST/前缀和与差分/P1719 最大加权矩形.cpp", "C++", 41, 0, 0, 0, 0, 1, 9, 51
"/home/everlasting/acm_training/vjudge/WUST/前缀和与差分/P2004 领地选择.cpp", "C++", 48, 0, 0, 0, 0, 1, 10, 59
"/home/everlasting/acm_training/vjudge/WUST/前缀和与差分/P3029 [USACO11NOV] Cow Lineup S.cpp", "C++", 55, 0, 0, 0, 0, 4, 8, 67
"/home/everlasting/acm_training/vjudge/WUST/前缀和与差分/P3078 [USACO13MAR] Poker Hands S.cpp", "C++", 34, 0, 0, 0, 0, 1, 5, 40
"/home/everlasting/acm_training/vjudge/WUST/前缀和与差分/P3131 [USACO16JAN] Subsequences Summing to Sevens S.cpp", "C++", 49, 0, 0, 0, 0, 1, 14, 64
"/home/everlasting/acm_training/vjudge/WUST/前缀和与差分/P3397 地毯.cpp", "C++", 44, 0, 0, 0, 0, 1, 12, 57
"/home/everlasting/acm_training/vjudge/WUST/前缀和与差分/P3406 海底高铁.cpp", "C++", 45, 0, 0, 0, 0, 4, 9, 58
"/home/everlasting/acm_training/vjudge/WUST/前缀和与差分/P3948 数据结构.cpp", "C++", 65, 0, 0, 0, 0, 4, 7, 76
"/home/everlasting/acm_training/vjudge/WUST/前缀和与差分/P8218 【深进1.例1】求区间和.cpp", "C++", 38, 0, 0, 0, 0, 1, 10, 49
"/home/everlasting/acm_training/vjudge/WUST/前缀和与差分/Static Range Queries.cpp", "C++", 50, 0, 0, 0, 0, 0, 8, 58
"/home/everlasting/acm_training/vjudge/WUST/前缀和与差分/Subarray Sums I.cpp", "C++", 34, 0, 0, 0, 0, 1, 5, 40
"/home/everlasting/acm_training/vjudge/WUST/前缀和与差分/最大正方形.cpp", "C++", 38, 0, 0, 0, 0, 1, 7, 46
"/home/everlasting/acm_training/vjudge/WUST/前缀和与差分/求区间和.cpp", "C++", 36, 0, 0, 0, 0, 1, 6, 43
"/home/everlasting/acm_training/vjudge/WUST/前缀和与差分/求和.cpp", "C++", 30, 0, 0, 0, 0, 1, 9, 40
"/home/everlasting/acm_training/vjudge/WUST/前缀和与差分/积木大赛.cpp", "C++", 35, 0, 0, 0, 0, 1, 5, 41
"/home/everlasting/acm_training/vjudge/WUST/前缀和与差分/语文成绩.cpp", "C++", 38, 0, 0, 0, 0, 1, 10, 49
"/home/everlasting/acm_training/vjudge/WUST/双指针/At Least One.cpp", "C++", 32, 0, 0, 0, 0, 1, 5, 38
"/home/everlasting/acm_training/vjudge/WUST/双指针/First One.cpp", "C++", 37, 0, 0, 0, 0, 0, 6, 43
"/home/everlasting/acm_training/vjudge/WUST/双指针/J. Spelling Check屎山.cpp", "C++", 99, 0, 0, 0, 0, 4, 15, 118
"/home/everlasting/acm_training/vjudge/WUST/双指针/P10710 [NOISG 2024 Prelim] School Photo.cpp", "C++", 24, 0, 0, 0, 0, 1, 5, 30
"/home/everlasting/acm_training/vjudge/WUST/双指针/P1102 A-B 数对.cpp", "C++", 49, 0, 0, 0, 0, 1, 9, 59
"/home/everlasting/acm_training/vjudge/WUST/双指针/P1106 删数问题.cpp", "C++", 53, 0, 0, 0, 0, 1, 10, 64
"/home/everlasting/acm_training/vjudge/WUST/双指针/P1115 最大子段和.cpp", "C++", 49, 0, 0, 0, 0, 1, 7, 57
"/home/everlasting/acm_training/vjudge/WUST/双指针/P1147.cpp", "C++", 34, 0, 0, 0, 0, 1, 5, 40
"/home/everlasting/acm_training/vjudge/WUST/双指针/P1638 逛画展.cpp", "C++", 47, 0, 0, 0, 0, 1, 7, 55
"/home/everlasting/acm_training/vjudge/WUST/双指针/P3143 [USACO16OPEN] Diamond Collector S.cpp", "C++", 61, 0, 0, 0, 0, 1, 11, 73
"/home/everlasting/acm_training/vjudge/WUST/双指针/P4792 [BalticOI 2018] 火星人的 DNA.cpp", "C++", 36, 0, 0, 0, 0, 1, 5, 42
"/home/everlasting/acm_training/vjudge/WUST/双指针/P7072 [CSP-J 2020] 直播获奖.cpp", "C++", 23, 0, 0, 0, 0, 1, 3, 27
"/home/everlasting/acm_training/vjudge/WUST/双指针/P7714 「EZEC-10」排列排序.cpp", "C++", 46, 0, 0, 0, 0, 1, 9, 56
"/home/everlasting/acm_training/vjudge/WUST/双指针/Palindromes _easy version.cpp", "C++", 35, 0, 0, 0, 0, 0, 6, 41
"/home/everlasting/acm_training/vjudge/WUST/双指针/Subsequence.cpp", "C++", 46, 0, 0, 0, 0, 0, 6, 52
"/home/everlasting/acm_training/vjudge/WUST/双指针/Unique Snowflakes.cpp", "C++", 39, 0, 0, 0, 0, 0, 10, 49
"/home/everlasting/acm_training/vjudge/WUST/双指针/排列排序.cpp", "C++", 45, 0, 0, 0, 0, 0, 7, 52
"/home/everlasting/acm_training/vjudge/WUST/图论入门/P5019 [NOIP 2018 提高组] 铺设道路.cpp", "C++", 35, 0, 0, 0, 0, 1, 8, 44
"/home/everlasting/acm_training/vjudge/WUST/图论入门/图的存储.cpp", "C++", 48, 0, 0, 0, 0, 1, 10, 59
"/home/everlasting/acm_training/vjudge/WUST/图论入门/图的遍历（简单版）.cpp", "C++", 49, 0, 0, 0, 0, 1, 11, 61
"/home/everlasting/acm_training/vjudge/WUST/图论入门/最长路.cpp", "C++", 43, 0, 0, 0, 0, 1, 12, 56
"/home/everlasting/acm_training/vjudge/WUST/拓扑排序/B3644.cpp", "C++", 48, 0, 0, 0, 0, 1, 9, 58
"/home/everlasting/acm_training/vjudge/WUST/枚举和模拟/Three Parts of the Array.cpp", "C++", 41, 0, 0, 0, 0, 5, 9, 55
"/home/everlasting/acm_training/vjudge/WUST/枚举和模拟/学姐点名.cpp", "C++", 35, 0, 0, 0, 0, 1, 6, 42
"/home/everlasting/acm_training/vjudge/WUST/枚举和模拟/特别数的和.cpp", "C++", 35, 0, 0, 0, 0, 1, 8, 44
"/home/everlasting/acm_training/vjudge/WUST/贪心/Bookshelf B.cpp", "C++", 38, 0, 0, 0, 0, 1, 10, 49
"/home/everlasting/acm_training/vjudge/WUST/贪心/P1094 [NOIP 2007 普及组] 纪念品分组.cpp", "C++", 43, 0, 0, 0, 0, 1, 11, 55
"/home/everlasting/acm_training/vjudge/WUST/贪心/P1803 凌乱的yyy 线段覆盖.cpp", "C++", 40, 0, 0, 0, 0, 1, 8, 49
"/home/everlasting/acm_training/vjudge/WUST/贪心/P2240 【深基12.例1】部分背包问题.cpp", "C++", 50, 0, 0, 0, 0, 1, 11, 62
"/home/everlasting/acm_training/vjudge/WUST/贪心/P3817 小A的糖果.cpp", "C++", 39, 0, 0, 0, 0, 1, 8, 48
"/home/everlasting/acm_training/vjudge/WUST/贪心/P4995 跳跳！.cpp", "C++", 42, 0, 0, 0, 0, 1, 9, 52
"/home/everlasting/acm_training/vjudge/WUST/贪心/P9472 [yLOI2022] 枕万梦.cpp", "C++", 40, 0, 0, 0, 0, 1, 10, 51
"/home/everlasting/acm_training/vjudge/WUST/贪心/multiset.cpp", "C++", 45, 0, 0, 0, 0, 1, 7, 53
"/home/everlasting/acm_training/vjudge/WUST/贪心/乘积最大3.cpp", "C++", 37, 0, 0, 0, 0, 1, 6, 44
"/home/everlasting/acm_training/vjudge/WUST/贪心/今年暑假不AC.cpp", "C++", 40, 0, 0, 0, 0, 1, 5, 46
"/home/everlasting/acm_training/vjudge/WUST/贪心/均分纸牌.cpp", "C++", 42, 0, 0, 0, 0, 1, 8, 51
"/home/everlasting/acm_training/vjudge/WUST/贪心/多关键字排序.cpp", "C++", 37, 0, 0, 0, 0, 1, 9, 47
"/home/everlasting/acm_training/vjudge/WUST/贪心/学生分组.cpp", "C++", 45, 0, 0, 0, 0, 1, 9, 55
"/home/everlasting/acm_training/vjudge/WUST/贪心/序列.cpp", "C++", 64, 0, 0, 0, 0, 1, 9, 74
"/home/everlasting/acm_training/vjudge/WUST/贪心/排序与位置.cpp", "C++", 39, 0, 0, 0, 0, 1, 12, 52
"/home/everlasting/acm_training/vjudge/WUST/贪心/排序与编号.cpp", "C++", 35, 0, 0, 0, 0, 1, 9, 45
"/home/everlasting/acm_training/vjudge/WUST/贪心/排队接水.cpp", "C++", 44, 0, 0, 0, 0, 1, 9, 54
"/home/everlasting/acm_training/vjudge/WUST/贪心/智力大冲浪.cpp", "C++", 50, 0, 0, 0, 0, 1, 6, 57
"/home/everlasting/acm_training/vjudge/WUST/贪心/最小新整数.cpp", "C++", 46, 0, 0, 0, 0, 0, 9, 55
"/home/everlasting/acm_training/vjudge/WUST/贪心/第 k 小整数.cpp", "C++", 37, 0, 0, 0, 0, 1, 8, 46
"/home/everlasting/acm_training/vjudge/WUST/贪心/答疑.cpp", "C++", 41, 0, 0, 0, 0, 1, 8, 50
"/home/everlasting/acm_training/vjudge/WUST/贪心/糖果传递.cpp", "C++", 39, 0, 0, 0, 0, 1, 7, 47
"/home/everlasting/acm_training/vjudge/WUST/贪心/苦竹林.cpp", "C++", 37, 0, 0, 0, 0, 1, 10, 48
"/home/everlasting/acm_training/vjudge/WUST/贪心/重复字符串.cpp", "C++", 41, 0, 0, 0, 0, 2, 11, 54
"/home/everlasting/acm_training/板子/BIT.cpp", "C++", 77, 0, 0, 0, 0, 1, 18, 96
"/home/everlasting/acm_training/板子/Catalan_number.cpp", "C++", 26, 0, 0, 0, 0, 1, 2, 29
"/home/everlasting/acm_training/板子/DSU.cpp", "C++", 54, 0, 0, 0, 0, 1, 9, 64
"/home/everlasting/acm_training/板子/Discretization.cpp", "C++", 29, 0, 0, 0, 0, 0, 4, 33
"/home/everlasting/acm_training/板子/Sparse_Table.cpp", "C++", 42, 0, 0, 0, 0, 1, 4, 47
"/home/everlasting/acm_training/板子/get_C(%mod).cpp", "C++", 45, 0, 0, 0, 0, 1, 8, 54
"/home/everlasting/acm_training/板子/get_C(Recursion).cpp", "C++", 30, 0, 0, 0, 0, 1, 5, 36
"/home/everlasting/acm_training/板子/get_factors.cpp", "C++", 51, 0, 0, 0, 0, 1, 7, 59
"/home/everlasting/acm_training/板子/get_primes.cpp", "C++", 35, 0, 0, 0, 0, 1, 6, 42
"/home/everlasting/acm_training/板子/qpow.cpp", "C++", 30, 0, 0, 0, 0, 1, 5, 36
"/home/everlasting/acm_training/比赛/2024核桃杯/A.cpp", "C++", 23, 0, 0, 0, 0, 1, 4, 28
"/home/everlasting/acm_training/比赛/2024核桃杯/B.cpp", "C++", 37, 0, 0, 0, 0, 1, 9, 47
"/home/everlasting/acm_training/比赛/2024核桃杯/D.cpp", "C++", 47, 0, 0, 0, 0, 1, 10, 58
"/home/everlasting/acm_training/比赛/2024核桃杯/H.cpp", "C++", 31, 0, 0, 0, 0, 0, 7, 38
"/home/everlasting/acm_training/比赛/2024核桃杯/I.cpp", "C++", 34, 0, 0, 0, 0, 0, 9, 43
"/home/everlasting/acm_training/比赛/2024核桃杯/k.cpp", "C++", 32, 0, 0, 0, 0, 0, 7, 39
"/home/everlasting/acm_training/比赛/2025CNB/A.cpp", "C++", 25, 0, 0, 0, 0, 1, 5, 31
"/home/everlasting/acm_training/比赛/2025CNB/B.cpp", "C++", 32, 0, 0, 0, 0, 1, 6, 39
"/home/everlasting/acm_training/比赛/2025CNB/C.cpp", "C++", 41, 0, 0, 0, 0, 1, 5, 47
"/home/everlasting/acm_training/比赛/2025CNB/D.cpp", "C++", 39, 0, 0, 0, 0, 1, 7, 47
"/home/everlasting/acm_training/比赛/2025CNB/E.cpp", "C++", 117, 0, 0, 0, 0, 1, 13, 131
"/home/everlasting/acm_training/比赛/2025CNB/F.cpp", "C++", 35, 0, 0, 0, 0, 1, 8, 44
"/home/everlasting/acm_training/比赛/2025CNB/G.cpp", "C++", 29, 0, 0, 0, 0, 1, 6, 36
"/home/everlasting/acm_training/比赛/2025CNB/H.cpp", "C++", 46, 0, 0, 0, 0, 1, 7, 54
"/home/everlasting/acm_training/比赛/2025CNB/I.cpp", "C++", 43, 0, 0, 0, 0, 1, 7, 51
"/home/everlasting/acm_training/比赛/2025CNB/K.cpp", "C++", 56, 0, 0, 0, 0, 1, 9, 66
"/home/everlasting/acm_training/比赛/2025CNB/L.cpp", "C++", 54, 0, 0, 0, 0, 1, 10, 65
"/home/everlasting/acm_training/比赛/2025年广东工业大学新生赛（同步赛）/A.cpp", "C++", 34, 0, 0, 0, 0, 1, 5, 40
"/home/everlasting/acm_training/比赛/2025年广东工业大学新生赛（同步赛）/C.cpp", "C++", 58, 0, 0, 0, 0, 0, 10, 68
"/home/everlasting/acm_training/比赛/2025年广东工业大学新生赛（同步赛）/H.cpp", "C++", 38, 0, 0, 0, 0, 1, 7, 46
"/home/everlasting/acm_training/比赛/2025年广东工业大学新生赛（同步赛）/I.cpp", "C++", 44, 0, 0, 0, 0, 0, 5, 49
"/home/everlasting/acm_training/比赛/2025年广东工业大学新生赛（同步赛）/J.cpp", "C++", 41, 0, 0, 0, 0, 1, 5, 47
"/home/everlasting/acm_training/比赛/2025年广东工业大学新生赛（同步赛）/K.cpp", "C++", 32, 0, 0, 0, 0, 1, 5, 38
"/home/everlasting/acm_training/比赛/2025年广东工业大学新生赛（同步赛）/L.cpp", "C++", 50, 0, 0, 0, 0, 0, 8, 58
"/home/everlasting/acm_training/比赛/2025武汉新生联赛/A.cpp", "C++", 136, 0, 0, 0, 0, 1, 10, 147
"/home/everlasting/acm_training/比赛/2025武汉新生联赛/B.cpp", "C++", 61, 0, 0, 0, 0, 0, 8, 69
"/home/everlasting/acm_training/比赛/2025武汉新生联赛/F1.cpp", "C++", 38, 0, 0, 0, 0, 0, 7, 45
"/home/everlasting/acm_training/比赛/2025武汉新生联赛/F2.cpp", "C++", 61, 0, 0, 0, 0, 0, 8, 69
"/home/everlasting/acm_training/比赛/2025武汉新生联赛/G.cpp", "C++", 42, 0, 0, 0, 0, 1, 6, 49
"/home/everlasting/acm_training/比赛/2025武汉新生联赛/H1.cpp", "C++", 35, 0, 0, 0, 0, 1, 5, 41
"/home/everlasting/acm_training/比赛/2025武汉新生联赛/H2.cpp", "C++", 52, 0, 0, 0, 0, 1, 9, 62
"/home/everlasting/acm_training/比赛/2025武汉新生联赛/L.cpp", "C++", 25, 0, 0, 0, 0, 1, 4, 30
"/home/everlasting/acm_training/比赛/CNB24/Hello WUSTACM.c", "C", 0, 6, 0, 0, 0, 0, 3, 9
"/home/everlasting/acm_training/比赛/CNB24/亵渎上.cpp", "C++", 58, 0, 0, 0, 0, 1, 7, 66
"/home/everlasting/acm_training/比赛/CNB24/凡安要当超级矿工.c", "C", 0, 22, 0, 0, 0, 0, 8, 30
"/home/everlasting/acm_training/比赛/CNB24/大贤至圣先师的超级难题.c", "C", 0, 0, 0, 0, 0, 0, 1, 1
"/home/everlasting/acm_training/比赛/CNB24/我不想上课.c", "C", 0, 39, 0, 0, 0, 0, 9, 48
"/home/everlasting/acm_training/比赛/CNB24/查询（爆了）.c", "C", 0, 35, 0, 0, 0, 0, 9, 44
"/home/everlasting/acm_training/比赛/CNB24/沁湖鱼宴.c", "C", 0, 0, 0, 0, 0, 0, 1, 1
"/home/everlasting/acm_training/比赛/CNB24/沁湖鱼宴.cpp", "C++", 65, 0, 0, 0, 0, 1, 8, 74
"/home/everlasting/acm_training/比赛/CNB24/邪恶的数字.cpp", "C++", 39, 0, 0, 0, 0, 0, 4, 43
"/home/everlasting/acm_training/比赛/CNB24/高数之挂也挂不完.cpp", "C++", 34, 0, 0, 0, 0, 1, 6, 41
"/home/everlasting/acm_training/比赛/一/A.cpp", "C++", 33, 0, 0, 0, 0, 1, 9, 43
"/home/everlasting/acm_training/比赛/一/D.cpp", "C++", 23, 0, 0, 0, 0, 1, 3, 27
"/home/everlasting/acm_training/比赛/一/F.cpp", "C++", 71, 0, 0, 0, 0, 1, 7, 79
"/home/everlasting/acm_training/比赛/一/M.cpp", "C++", 41, 0, 0, 0, 0, 1, 4, 46
"/home/everlasting/acm_training/比赛/中国地质大学（武汉）2025年冬新生赛/A.cpp", "C++", 26, 0, 0, 0, 0, 1, 5, 32
"/home/everlasting/acm_training/比赛/中国地质大学（武汉）2025年冬新生赛/B.cpp", "C++", 60, 0, 0, 0, 0, 0, 7, 67
"/home/everlasting/acm_training/比赛/中国地质大学（武汉）2025年冬新生赛/C.cpp", "C++", 49, 0, 0, 0, 0, 2, 9, 60
"/home/everlasting/acm_training/比赛/中国地质大学（武汉）2025年冬新生赛/E.cpp", "C++", 78, 0, 0, 0, 0, 1, 12, 91
"/home/everlasting/acm_training/比赛/中国地质大学（武汉）2025年冬新生赛/H.cpp", "C++", 42, 0, 0, 0, 0, 1, 10, 53
"/home/everlasting/acm_training/比赛/中国地质大学（武汉）2025年冬新生赛/I.cpp", "C++", 37, 0, 0, 0, 0, 1, 8, 46
"/home/everlasting/acm_training/比赛/中国地质大学（武汉）2025年冬新生赛/L.cpp", "C++", 24, 0, 0, 0, 0, 1, 5, 30
"/home/everlasting/acm_training/比赛/二/C.cpp", "C++", 34, 0, 0, 0, 0, 1, 5, 40
"/home/everlasting/acm_training/比赛/二/D.cpp", "C++", 34, 0, 0, 0, 0, 1, 4, 39
"/home/everlasting/acm_training/比赛/二/E.cpp", "C++", 45, 0, 0, 0, 0, 1, 8, 54
"/home/everlasting/acm_training/比赛/二/H.cpp", "C++", 41, 0, 0, 0, 0, 1, 9, 51
"/home/everlasting/acm_training/比赛/二/I.cpp", "C++", 40, 0, 0, 0, 0, 1, 12, 53
"/home/everlasting/acm_training/比赛/华中农业大学第十五届程序设计竞赛/正式赛/A.cpp", "C++", 44, 0, 0, 0, 0, 5, 11, 60
"/home/everlasting/acm_training/比赛/华中农业大学第十五届程序设计竞赛/正式赛/B.cpp", "C++", 53, 0, 0, 0, 0, 4, 10, 67
"/home/everlasting/acm_training/比赛/华中农业大学第十五届程序设计竞赛/正式赛/C.cpp", "C++", 54, 0, 0, 0, 0, 19, 12, 85
"/home/everlasting/acm_training/比赛/华中农业大学第十五届程序设计竞赛/正式赛/G.cpp", "C++", 59, 0, 0, 0, 0, 0, 8, 67
"/home/everlasting/acm_training/比赛/华中农业大学第十五届程序设计竞赛/正式赛/H.cpp", "C++", 67, 0, 0, 0, 0, 0, 10, 77
"/home/everlasting/acm_training/比赛/华中农业大学第十五届程序设计竞赛/正式赛/I.cpp", "C++", 30, 0, 0, 0, 0, 0, 5, 35
"/home/everlasting/acm_training/比赛/华中农业大学第十五届程序设计竞赛/正式赛/J.cpp", "C++", 99, 0, 0, 0, 0, 0, 12, 111
"/home/everlasting/acm_training/比赛/华中农业大学第十五届程序设计竞赛/正式赛/K.cpp", "C++", 53, 0, 0, 0, 0, 0, 11, 64
"/home/everlasting/acm_training/比赛/华中农业大学第十五届程序设计竞赛/正式赛/L.cpp", "C++", 30, 0, 0, 0, 0, 0, 5, 35
"/home/everlasting/acm_training/比赛/华中农业大学第十五届程序设计竞赛/正式赛/M.cpp", "C++", 43, 0, 0, 0, 0, 0, 9, 52
"/home/everlasting/acm_training/比赛/华中农业大学第十五届程序设计竞赛/测试赛/A.cpp", "C++", 35, 0, 0, 0, 0, 0, 5, 40
"/home/everlasting/acm_training/比赛/华中农业大学第十五届程序设计竞赛/测试赛/B.cpp", "C++", 38, 0, 0, 0, 0, 0, 6, 44
"/home/everlasting/acm_training/比赛/华中农业大学第十五届程序设计竞赛/测试赛/C.cpp", "C++", 37, 0, 0, 0, 0, 0, 6, 43
"/home/everlasting/acm_training/比赛/华中农业大学第十五届程序设计竞赛/测试赛/D.cpp", "C++", 127, 0, 0, 0, 0, 7, 19, 153
"/home/everlasting/acm_training/比赛/华中农业大学第十五届程序设计竞赛/热身赛/A.cpp", "C++", 32, 0, 0, 0, 0, 0, 5, 37
"/home/everlasting/acm_training/比赛/华中农业大学第十五届程序设计竞赛/热身赛/B.cpp", "C++", 43, 0, 0, 0, 0, 0, 5, 48
"/home/everlasting/acm_training/比赛/华中农业大学第十五届程序设计竞赛/热身赛/C.cpp", "C++", 43, 0, 0, 0, 0, 0, 7, 50
"/home/everlasting/acm_training/比赛/华中农业大学第十五届程序设计竞赛/热身赛/E.cpp", "C++", 25, 0, 0, 0, 0, 1, 5, 31
"/home/everlasting/acm_training/比赛/华中农业大学第十四届程序设计竞赛/A.cpp", "C++", 36, 0, 0, 0, 0, 1, 5, 42
"/home/everlasting/acm_training/比赛/华中农业大学第十四届程序设计竞赛/B.cpp", "C++", 141, 0, 0, 0, 0, 0, 18, 159
"/home/everlasting/acm_training/比赛/华中农业大学第十四届程序设计竞赛/C.cpp", "C++", 39, 0, 0, 0, 0, 1, 5, 45
"/home/everlasting/acm_training/比赛/华中农业大学第十四届程序设计竞赛/E.cpp", "C++", 61, 0, 0, 0, 0, 1, 7, 69
"/home/everlasting/acm_training/比赛/华中农业大学第十四届程序设计竞赛/F.cpp", "C++", 42, 0, 0, 0, 0, 0, 6, 48
"/home/everlasting/acm_training/比赛/华中农业大学第十四届程序设计竞赛/G.cpp", "C++", 60, 0, 0, 0, 0, 0, 11, 71
"/home/everlasting/acm_training/比赛/华中农业大学第十四届程序设计竞赛/K.cpp", "C++", 52, 0, 0, 0, 0, 1, 9, 62
"/home/everlasting/acm_training/比赛/华中农业大学第十四届程序设计竞赛/M.cpp", "C++", 52, 0, 0, 0, 0, 1, 7, 60
"/home/everlasting/acm_training/比赛/周赛/一/A.cpp", "C++", 55, 0, 0, 0, 0, 1, 9, 65
"/home/everlasting/acm_training/比赛/周赛/一/B.cpp", "C++", 42, 0, 0, 0, 0, 1, 6, 49
"/home/everlasting/acm_training/比赛/周赛/一/C.cpp", "C++", 52, 0, 0, 0, 0, 1, 5, 58
"/home/everlasting/acm_training/比赛/周赛/一/D.cpp", "C++", 48, 0, 0, 0, 0, 1, 9, 58
"/home/everlasting/acm_training/比赛/周赛/一/E.cpp", "C++", 28, 0, 0, 0, 0, 1, 5, 34
"/home/everlasting/acm_training/比赛/周赛/一/F.cpp", "C++", 37, 0, 0, 0, 0, 0, 8, 45
"/home/everlasting/acm_training/比赛/周赛/一/G.cpp", "C++", 65, 0, 0, 0, 0, 0, 11, 76
"/home/everlasting/acm_training/比赛/周赛/一/H.cpp", "C++", 61, 0, 0, 0, 0, 0, 12, 73
"/home/everlasting/acm_training/比赛/周赛/三/A.cpp", "C++", 32, 0, 0, 0, 0, 1, 4, 37
"/home/everlasting/acm_training/比赛/周赛/三/B.cpp", "C++", 41, 0, 0, 0, 0, 2, 4, 47
"/home/everlasting/acm_training/比赛/周赛/三/C.cpp", "C++", 49, 0, 0, 0, 0, 2, 5, 56
"/home/everlasting/acm_training/比赛/周赛/三/D.cpp", "C++", 42, 0, 0, 0, 0, 1, 8, 51
"/home/everlasting/acm_training/比赛/周赛/三/E.cpp", "C++", 23, 0, 0, 0, 0, 1, 5, 29
"/home/everlasting/acm_training/比赛/周赛/三/F.cpp", "C++", 228, 0, 0, 0, 0, 1, 10, 239
"/home/everlasting/acm_training/比赛/周赛/二/A.cpp", "C++", 32, 0, 0, 0, 0, 0, 5, 37
"/home/everlasting/acm_training/比赛/周赛/二/B.cpp", "C++", 49, 0, 0, 0, 0, 0, 9, 58
"/home/everlasting/acm_training/比赛/周赛/二/C.cpp", "C++", 63, 0, 0, 0, 0, 3, 9, 75
"/home/everlasting/acm_training/比赛/周赛/二/D.cpp", "C++", 33, 0, 0, 0, 0, 0, 5, 38
"/home/everlasting/acm_training/比赛/周赛/二/E.cpp", "C++", 40, 0, 0, 0, 0, 0, 8, 48
"/home/everlasting/acm_training/比赛/杭州师范大学程序设计基础课程多校联赛/2022/第一场/7-1.cpp", "C++", 24, 0, 0, 0, 0, 1, 4, 29
"/home/everlasting/acm_training/比赛/杭州师范大学程序设计基础课程多校联赛/2022/第一场/7-10.cpp", "C++", 70, 0, 0, 0, 0, 1, 10, 81
"/home/everlasting/acm_training/比赛/杭州师范大学程序设计基础课程多校联赛/2022/第一场/7-11.cpp", "C++", 76, 0, 0, 0, 0, 0, 6, 82
"/home/everlasting/acm_training/比赛/杭州师范大学程序设计基础课程多校联赛/2022/第一场/7-2.cpp", "C++", 23, 0, 0, 0, 0, 1, 6, 30
"/home/everlasting/acm_training/比赛/杭州师范大学程序设计基础课程多校联赛/2022/第一场/7-3.cpp", "C++", 42, 0, 0, 0, 0, 1, 7, 50
"/home/everlasting/acm_training/比赛/杭州师范大学程序设计基础课程多校联赛/2022/第一场/7-4.cpp", "C++", 46, 0, 0, 0, 0, 1, 9, 56
"/home/everlasting/acm_training/比赛/杭州师范大学程序设计基础课程多校联赛/2022/第一场/7-5.cpp", "C++", 36, 0, 0, 0, 0, 1, 10, 47
"/home/everlasting/acm_training/比赛/杭州师范大学程序设计基础课程多校联赛/2022/第一场/7-6.cpp", "C++", 26, 0, 0, 0, 0, 1, 8, 35
"/home/everlasting/acm_training/比赛/杭州师范大学程序设计基础课程多校联赛/2022/第一场/7-7.cpp", "C++", 28, 0, 0, 0, 0, 2, 7, 37
"/home/everlasting/acm_training/比赛/杭州师范大学程序设计基础课程多校联赛/2022/第一场/7-8.cpp", "C++", 41, 0, 0, 0, 0, 2, 8, 51
"/home/everlasting/acm_training/比赛/杭州师范大学程序设计基础课程多校联赛/2022/第一场/7-9.cpp", "C++", 33, 0, 0, 0, 0, 1, 6, 40
"/home/everlasting/acm_training/比赛/杭州师范大学程序设计基础课程多校联赛/2022/第二场/7-1.cpp", "C++", 0, 0, 0, 0, 0, 0, 1, 1
"/home/everlasting/acm_training/比赛/杭州师范大学程序设计基础课程多校联赛/2022/第二场/7-2.cpp", "C++", 35, 0, 0, 0, 0, 0, 7, 42
"/home/everlasting/acm_training/比赛/杭州师范大学程序设计基础课程多校联赛/2022/第二场/7-3.cpp", "C++", 39, 0, 0, 0, 0, 1, 9, 49
"/home/everlasting/acm_training/比赛/杭州师范大学程序设计基础课程多校联赛/2022/第二场/7-4.cpp", "C++", 44, 0, 0, 0, 0, 0, 8, 52
"/home/everlasting/acm_training/比赛/杭州师范大学程序设计基础课程多校联赛/2022/第二场/7-5.cpp", "C++", 57, 0, 0, 0, 0, 1, 7, 65
"/home/everlasting/acm_training/比赛/杭州师范大学程序设计基础课程多校联赛/2023/第一场/7-1.cpp", "C++", 22, 0, 0, 0, 0, 1, 4, 27
"/home/everlasting/acm_training/比赛/杭州师范大学程序设计基础课程多校联赛/2023/第一场/7-10.cpp", "C++", 34, 0, 0, 0, 0, 0, 9, 43
"/home/everlasting/acm_training/比赛/杭州师范大学程序设计基础课程多校联赛/2023/第一场/7-11.cpp", "C++", 52, 0, 0, 0, 0, 0, 10, 62
"/home/everlasting/acm_training/比赛/杭州师范大学程序设计基础课程多校联赛/2023/第一场/7-2.cpp", "C++", 29, 0, 0, 0, 0, 1, 6, 36
"/home/everlasting/acm_training/比赛/杭州师范大学程序设计基础课程多校联赛/2023/第一场/7-3.cpp", "C++", 40, 0, 0, 0, 0, 1, 4, 45
"/home/everlasting/acm_training/比赛/杭州师范大学程序设计基础课程多校联赛/2023/第一场/7-4.cpp", "C++", 27, 0, 0, 0, 0, 1, 6, 34
"/home/everlasting/acm_training/比赛/杭州师范大学程序设计基础课程多校联赛/2023/第一场/7-5.cpp", "C++", 24, 0, 0, 0, 0, 1, 6, 31
"/home/everlasting/acm_training/比赛/杭州师范大学程序设计基础课程多校联赛/2023/第一场/7-6.cpp", "C++", 42, 0, 0, 0, 0, 1, 8, 51
"/home/everlasting/acm_training/比赛/杭州师范大学程序设计基础课程多校联赛/2023/第一场/7-7.cpp", "C++", 35, 0, 0, 0, 0, 1, 9, 45
"/home/everlasting/acm_training/比赛/杭州师范大学程序设计基础课程多校联赛/2023/第一场/7-8.cpp", "C++", 42, 0, 0, 0, 0, 0, 10, 52
"/home/everlasting/acm_training/比赛/杭州师范大学程序设计基础课程多校联赛/2023/第一场/7-9.cpp", "C++", 113, 0, 0, 0, 0, 1, 11, 125
"/home/everlasting/acm_training/比赛/杭州师范大学程序设计基础课程多校联赛/2024/第一场/7-1.cpp", "C++", 22, 0, 0, 0, 0, 1, 5, 28
"/home/everlasting/acm_training/比赛/杭州师范大学程序设计基础课程多校联赛/2024/第一场/7-10.cpp", "C++", 128, 0, 0, 0, 0, 1, 10, 139
"/home/everlasting/acm_training/比赛/杭州师范大学程序设计基础课程多校联赛/2024/第一场/7-11.cpp", "C++", 31, 0, 0, 0, 0, 3, 14, 48
"/home/everlasting/acm_training/比赛/杭州师范大学程序设计基础课程多校联赛/2024/第一场/7-11deepseek.cpp", "C++", 109, 0, 0, 0, 0, 0, 12, 121
"/home/everlasting/acm_training/比赛/杭州师范大学程序设计基础课程多校联赛/2024/第一场/7-2.cpp", "C++", 28, 0, 0, 0, 0, 1, 6, 35
"/home/everlasting/acm_training/比赛/杭州师范大学程序设计基础课程多校联赛/2024/第一场/7-3.cpp", "C++", 37, 0, 0, 0, 0, 1, 7, 45
"/home/everlasting/acm_training/比赛/杭州师范大学程序设计基础课程多校联赛/2024/第一场/7-4.cpp", "C++", 30, 0, 0, 0, 0, 1, 7, 38
"/home/everlasting/acm_training/比赛/杭州师范大学程序设计基础课程多校联赛/2024/第一场/7-5.cpp", "C++", 44, 0, 0, 0, 0, 1, 10, 55
"/home/everlasting/acm_training/比赛/杭州师范大学程序设计基础课程多校联赛/2024/第一场/7-6.cpp", "C++", 39, 0, 0, 0, 0, 1, 10, 50
"/home/everlasting/acm_training/比赛/杭州师范大学程序设计基础课程多校联赛/2024/第一场/7-7.cpp", "C++", 32, 0, 0, 0, 0, 1, 8, 41
"/home/everlasting/acm_training/比赛/杭州师范大学程序设计基础课程多校联赛/2024/第一场/7-8.cpp", "C++", 70, 0, 0, 0, 0, 1, 17, 88
"/home/everlasting/acm_training/比赛/杭州师范大学程序设计基础课程多校联赛/2024/第一场/7-9.cpp", "C++", 29, 0, 0, 0, 0, 1, 7, 37
"/home/everlasting/acm_training/比赛/武汉工程大学第八届ACM新生赛/A.cpp", "C++", 31, 0, 0, 0, 0, 1, 8, 40
"/home/everlasting/acm_training/比赛/武汉工程大学第八届ACM新生赛/C.cpp", "C++", 48, 0, 0, 0, 0, 2, 10, 60
"/home/everlasting/acm_training/比赛/武汉工程大学第八届ACM新生赛/E.cpp", "C++", 35, 0, 0, 0, 0, 1, 5, 41
"/home/everlasting/acm_training/比赛/武汉工程大学第八届ACM新生赛/F.cpp", "C++", 35, 0, 0, 0, 0, 1, 7, 43
"/home/everlasting/acm_training/比赛/武汉工程大学第八届ACM新生赛/H.cpp", "C++", 0, 0, 0, 0, 0, 0, 1, 1
"/home/everlasting/acm_training/比赛/武汉工程大学第八届ACM新生赛/L.cpp", "C++", 32, 0, 0, 0, 0, 1, 5, 38
"/home/everlasting/acm_training/比赛/武汉工程大学第八届ACM新生赛/M.cpp", "C++", 36, 0, 0, 0, 0, 1, 5, 42
"/home/everlasting/acm_training/比赛/武汉工程大学第八届ACM新生赛/k.cpp", "C++", 41, 0, 0, 0, 0, 1, 6, 48
"/home/everlasting/acm_training/比赛/浙大城市学院第二十二届大学生程序设计竞赛/A.cpp", "C++", 24, 0, 0, 0, 0, 1, 4, 29
"/home/everlasting/acm_training/比赛/浙大城市学院第二十二届大学生程序设计竞赛/B.cpp", "C++", 50, 0, 0, 0, 0, 1, 10, 61
"/home/everlasting/acm_training/比赛/浙大城市学院第二十二届大学生程序设计竞赛/D.cpp", "C++", 38, 0, 0, 0, 0, 1, 5, 44
"/home/everlasting/acm_training/比赛/浙大城市学院第二十二届大学生程序设计竞赛/E.cpp", "C++", 33, 0, 0, 0, 0, 1, 4, 38
"/home/everlasting/acm_training/比赛/浙大城市学院第二十二届大学生程序设计竞赛/H.cpp", "C++", 64, 0, 0, 0, 0, 3, 11, 78
"/home/everlasting/acm_training/比赛/第十七届北京信息科技大学程序设计竞赛/A.cpp", "C++", 34, 0, 0, 0, 0, 0, 8, 42
"/home/everlasting/acm_training/比赛/第十七届北京信息科技大学程序设计竞赛/B.cpp", "C++", 36, 0, 0, 0, 0, 1, 5, 42
"/home/everlasting/acm_training/比赛/第十七届北京信息科技大学程序设计竞赛/C.cpp", "C++", 0, 0, 0, 0, 0, 0, 1, 1
"/home/everlasting/acm_training/比赛/第十七届北京信息科技大学程序设计竞赛/D.cpp", "C++", 38, 0, 0, 0, 0, 1, 9, 48
"/home/everlasting/acm_training/比赛/第十七届北京信息科技大学程序设计竞赛/E.cpp", "C++", 42, 0, 0, 0, 0, 1, 8, 51
"/home/everlasting/acm_training/比赛/第十七届北京信息科技大学程序设计竞赛/F.cpp", "C++", 28, 0, 0, 0, 0, 1, 5, 34
"/home/everlasting/acm_training/比赛/第十七届北京信息科技大学程序设计竞赛/G.cpp", "C++", 0, 0, 0, 0, 0, 0, 1, 1
"/home/everlasting/acm_training/比赛/第十七届北京信息科技大学程序设计竞赛/H.cpp", "C++", 0, 0, 0, 0, 0, 0, 1, 1
"/home/everlasting/acm_training/比赛/第十七届北京信息科技大学程序设计竞赛/I.cpp", "C++", 54, 0, 0, 0, 0, 0, 5, 59
"/home/everlasting/acm_training/比赛/第十七届北京信息科技大学程序设计竞赛/J.cpp", "C++", 36, 0, 0, 0, 0, 0, 8, 44
"/home/everlasting/acm_training/比赛/第十七届北京信息科技大学程序设计竞赛/K.cpp", "C++", 48, 0, 0, 0, 0, 0, 6, 54
"/home/everlasting/acm_training/比赛/第十七届北京信息科技大学程序设计竞赛/L.cpp", "C++", 0, 0, 0, 0, 0, 0, 1, 1
"/home/everlasting/acm_training/比赛/第十七届北京信息科技大学程序设计竞赛/M.cpp", "C++", 32, 0, 0, 0, 0, 1, 5, 38
"/home/everlasting/acm_training/洛谷/st表/P1816.cpp", "C++", 39, 0, 0, 0, 0, 1, 6, 46
"/home/everlasting/acm_training/洛谷/st表/P2251.cpp", "C++", 54, 0, 0, 0, 0, 1, 8, 63
"/home/everlasting/acm_training/洛谷/st表/P2880.cpp", "C++", 43, 0, 0, 0, 0, 1, 5, 49
"/home/everlasting/acm_training/洛谷/st表/P3865.cpp", "C++", 41, 0, 0, 0, 0, 1, 7, 49
"/home/everlasting/acm_training/洛谷/【算法1-1】模拟与高精度/P1042 [NOIP 2003 普及组] 乒乓球.cpp", "C++", 32, 0, 0, 0, 0, 0, 1, 33
"/home/everlasting/acm_training/洛谷/三晋七校第一届新生赛/一/A.cpp", "C++", 0, 0, 0, 0, 0, 0, 1, 1
"/home/everlasting/acm_training/洛谷/三晋七校第一届新生赛/一/B.cpp", "C++", 36, 0, 0, 0, 0, 1, 6, 43
"/home/everlasting/acm_training/洛谷/三晋七校第一届新生赛/一/D.cpp", "C++", 0, 0, 0, 0, 0, 0, 1, 1
"/home/everlasting/acm_training/洛谷/三晋七校第一届新生赛/一/E.cpp", "C++", 57, 0, 0, 0, 0, 1, 8, 66
"/home/everlasting/acm_training/洛谷/三晋七校第一届新生赛/一/F.cpp", "C++", 71, 0, 0, 0, 0, 1, 8, 80
"/home/everlasting/acm_training/洛谷/三晋七校第一届新生赛/一/G.cpp", "C++", 35, 0, 0, 0, 0, 0, 5, 40
"/home/everlasting/acm_training/洛谷/三晋七校第一届新生赛/一/K.cpp", "C++", 40, 0, 0, 0, 0, 1, 5, 46
"/home/everlasting/acm_training/洛谷/三晋七校第一届新生赛/一/L.cpp", "C++", 46, 0, 0, 0, 0, 1, 6, 53
"/home/everlasting/acm_training/洛谷/三晋七校第一届新生赛/一/M.cpp", "C++", 41, 0, 0, 0, 0, 1, 4, 46
"/home/everlasting/acm_training/洛谷/三晋七校第一届新生赛/一/N.cpp", "C++", 58, 0, 0, 0, 0, 1, 6, 65
"/home/everlasting/acm_training/洛谷/二分/P1902.cpp", "C++", 59, 0, 0, 0, 0, 1, 9, 69
"/home/everlasting/acm_training/洛谷/并查集/P1111.cpp", "C++", 64, 0, 0, 0, 0, 1, 10, 75
"/home/everlasting/acm_training/洛谷/并查集/P1525.cpp", "C++", 60, 0, 0, 0, 0, 1, 10, 71
"/home/everlasting/acm_training/洛谷/并查集/P1551.cpp", "C++", 52, 0, 0, 0, 0, 1, 9, 62
"/home/everlasting/acm_training/洛谷/并查集/P2024.cpp", "C++", 68, 0, 0, 0, 0, 1, 10, 79
"/home/everlasting/acm_training/洛谷/并查集/P3958.cpp", "C++", 64, 0, 0, 0, 0, 0, 13, 77
"/home/everlasting/acm_training/洛谷/树状数组/LibreOJ_132.cpp", "C++", 93, 0, 0, 0, 0, 1, 19, 113
"/home/everlasting/acm_training/洛谷/树状数组/P1774.cpp", "C++", 64, 0, 0, 0, 0, 1, 13, 78
"/home/everlasting/acm_training/洛谷/树状数组/P1908.cpp", "C++", 70, 0, 0, 0, 0, 1, 15, 86
"/home/everlasting/acm_training/洛谷/树状数组/P2068.cpp", "C++", 61, 0, 0, 0, 0, 1, 11, 73
"/home/everlasting/acm_training/洛谷/树状数组/P3368.cpp", "C++", 68, 0, 0, 0, 0, 1, 13, 82
"/home/everlasting/acm_training/洛谷/树状数组/P3374.cpp", "C++", 58, 0, 0, 0, 0, 1, 12, 71
"/home/everlasting/acm_training/洛谷/树状数组/P4378.cpp", "C++", 64, 0, 0, 0, 0, 1, 13, 78
"/home/everlasting/acm_training/洛谷/树状数组/P4939.cpp", "C++", 59, 0, 0, 0, 0, 1, 11, 71
"/home/everlasting/acm_training/洛谷/树状数组/P5057.cpp", "C++", 89, 0, 0, 0, 0, 1, 18, 108
"/home/everlasting/acm_training/洛谷/树状数组/P6225.cpp", "C++", 65, 0, 0, 0, 0, 1, 12, 78
"/home/everlasting/acm_training/洛谷/灵茶八题/子序列 +w+.cpp", "C++", 42, 0, 0, 0, 0, 1, 7, 50
"/home/everlasting/acm_training/洛谷/灵茶八题/子序列 ^w+.cpp", "C++", 48, 0, 0, 0, 0, 1, 8, 57
"/home/everlasting/acm_training/洛谷/灵茶八题/子序列 ^w^.cpp", "C++", 31, 0, 0, 0, 0, 1, 6, 38
"/home/everlasting/acm_training/洛谷/灵茶八题/子数组 +w+.cpp", "C++", 33, 0, 0, 0, 0, 1, 6, 40
"/home/everlasting/acm_training/洛谷/灵茶八题/子数组 ^w+.cpp", "C++", 39, 0, 0, 0, 0, 1, 9, 49
"/home/everlasting/acm_training/洛谷/灵茶八题/子数组 ^w^.cpp", "C++", 32, 0, 0, 0, 0, 1, 6, 39
"/home/everlasting/acm_training/洛谷/线性DP/AT_chokudai_S001_h LIS.cpp", "C++", 35, 0, 0, 0, 0, 1, 6, 42
"/home/everlasting/acm_training/洛谷/线性DP/P1020.cpp", "C++", 47, 0, 0, 0, 0, 1, 8, 56
"/home/everlasting/acm_training/洛谷/线性DP/P1091.cpp", "C++", 53, 0, 0, 0, 0, 1, 12, 66
"/home/everlasting/acm_training/洛谷/线性DP/P1216.cpp", "C++", 39, 0, 0, 0, 0, 1, 6, 46
"/home/everlasting/acm_training/洛谷/线性DP/P1514.cpp", "C++", 49, 0, 0, 0, 0, 1, 9, 59
"/home/everlasting/acm_training/洛谷/记忆化搜索/P1434.cpp", "C++", 52, 0, 0, 0, 0, 1, 7, 60
"/home/everlasting/acm_training/洛谷/记忆化搜索/P1535.cpp", "C++", 73, 0, 0, 0, 0, 1, 13, 87
"Total", "-", 43678, 5806, 1, 5093, 2, 771, 9283, 64634